ISO-10303-21;
HEADER;
/* Generated by software containing ST-Developer
 * from STEP Tools, Inc. (www.steptools.com) 
 */

FILE_DESCRIPTION(
/* description */ (''),
/* implementation_level */ '2;1');

FILE_NAME(
/* name */ 'G1_calibration_mount_assembly.step',
/* time_stamp */ '2026-09-04T17:32:48-05:00',
/* author */ (''),
/* organization */ (''),
/* preprocessor_version */ 'ST-DEVELOPER v20.1',
/* originating_system */ 'Autodesk Translation Framework v15.8.0.0',
/* authorisation */ '');

FILE_SCHEMA (('AUTOMOTIVE_DESIGN { 1 0 10303 214 3 1 1 }'));
ENDSEC;

DATA;
#10=MECHANICAL_DESIGN_GEOMETRIC_PRESENTATION_REPRESENTATION('',(#171,#172,
#173,#174),#12113);
#11=ITEM_DEFINED_TRANSFORMATION($,$,#5074,#5467);
#12=ITEM_DEFINED_TRANSFORMATION($,$,#5182,#5468);
#13=ITEM_DEFINED_TRANSFORMATION($,$,#5290,#5469);
#14=ITEM_DEFINED_TRANSFORMATION($,$,#5377,#5470);
#15=ITEM_DEFINED_TRANSFORMATION($,$,#5464,#5471);
#16=ITEM_DEFINED_TRANSFORMATION($,$,#5465,#5472);
#17=ITEM_DEFINED_TRANSFORMATION($,$,#5466,#5473);
#18=(
REPRESENTATION_RELATIONSHIP($,$,#12142,#12141)
REPRESENTATION_RELATIONSHIP_WITH_TRANSFORMATION(#11)
SHAPE_REPRESENTATION_RELATIONSHIP()
);
#19=(
REPRESENTATION_RELATIONSHIP($,$,#12143,#12141)
REPRESENTATION_RELATIONSHIP_WITH_TRANSFORMATION(#12)
SHAPE_REPRESENTATION_RELATIONSHIP()
);
#20=(
REPRESENTATION_RELATIONSHIP($,$,#12144,#12141)
REPRESENTATION_RELATIONSHIP_WITH_TRANSFORMATION(#13)
SHAPE_REPRESENTATION_RELATIONSHIP()
);
#21=(
REPRESENTATION_RELATIONSHIP($,$,#12145,#12141)
REPRESENTATION_RELATIONSHIP_WITH_TRANSFORMATION(#14)
SHAPE_REPRESENTATION_RELATIONSHIP()
);
#22=(
REPRESENTATION_RELATIONSHIP($,$,#12146,#12141)
REPRESENTATION_RELATIONSHIP_WITH_TRANSFORMATION(#15)
SHAPE_REPRESENTATION_RELATIONSHIP()
);
#23=(
REPRESENTATION_RELATIONSHIP($,$,#12147,#12141)
REPRESENTATION_RELATIONSHIP_WITH_TRANSFORMATION(#16)
SHAPE_REPRESENTATION_RELATIONSHIP()
);
#24=(
REPRESENTATION_RELATIONSHIP($,$,#12148,#12141)
REPRESENTATION_RELATIONSHIP_WITH_TRANSFORMATION(#17)
SHAPE_REPRESENTATION_RELATIONSHIP()
);
#25=CONTEXT_DEPENDENT_SHAPE_REPRESENTATION(#18,#12134);
#26=CONTEXT_DEPENDENT_SHAPE_REPRESENTATION(#19,#12135);
#27=CONTEXT_DEPENDENT_SHAPE_REPRESENTATION(#20,#12136);
#28=CONTEXT_DEPENDENT_SHAPE_REPRESENTATION(#21,#12137);
#29=CONTEXT_DEPENDENT_SHAPE_REPRESENTATION(#22,#12138);
#30=CONTEXT_DEPENDENT_SHAPE_REPRESENTATION(#23,#12139);
#31=CONTEXT_DEPENDENT_SHAPE_REPRESENTATION(#24,#12140);
#32=NEXT_ASSEMBLY_USAGE_OCCURRENCE('V7_side_left:1','V7_side_left:1',
'V7_side_left:1',#12150,#12151,'V7_side_left:1');
#33=NEXT_ASSEMBLY_USAGE_OCCURRENCE('V7_side_right:1','V7_side_right:1',
'V7_side_right:1',#12150,#12152,'V7_side_right:1');
#34=NEXT_ASSEMBLY_USAGE_OCCURRENCE('V7_crossbar_upper:1',
'V7_crossbar_upper:1','V7_crossbar_upper:1',#12150,#12153,
'V7_crossbar_upper:1');
#35=NEXT_ASSEMBLY_USAGE_OCCURRENCE('V7_crossbar_lower:1',
'V7_crossbar_lower:1','V7_crossbar_lower:1',#12150,#12154,
'V7_crossbar_lower:1');
#36=NEXT_ASSEMBLY_USAGE_OCCURRENCE(
'REFERENCE - existing printed carrier:1',
'REFERENCE - existing printed carrier:1',
'REFERENCE - existing printed carrier:1',#12150,#12155,
'REFERENCE - existing printed carrier:1');
#37=NEXT_ASSEMBLY_USAGE_OCCURRENCE('REFERENCE - nominal torso:1',
'REFERENCE - nominal torso:1','REFERENCE - nominal torso:1',#12150,#12156,
'REFERENCE - nominal torso:1');
#38=NEXT_ASSEMBLY_USAGE_OCCURRENCE('REFERENCE - nominal head:1',
'REFERENCE - nominal head:1','REFERENCE - nominal head:1',#12150,#12157,
'REFERENCE - nominal head:1');
#39=B_SPLINE_SURFACE_WITH_KNOTS('',3,3,((#7586,#7587,#7588,#7589,#7590,
#7591,#7592,#7593,#7594,#7595,#7596,#7597,#7598,#7599,#7600,#7601,#7602,
#7603),(#7604,#7605,#7606,#7607,#7608,#7609,#7610,#7611,#7612,#7613,#7614,
#7615,#7616,#7617,#7618,#7619,#7620,#7621),(#7622,#7623,#7624,#7625,#7626,
#7627,#7628,#7629,#7630,#7631,#7632,#7633,#7634,#7635,#7636,#7637,#7638,
#7639),(#7640,#7641,#7642,#7643,#7644,#7645,#7646,#7647,#7648,#7649,#7650,
#7651,#7652,#7653,#7654,#7655,#7656,#7657)),.UNSPECIFIED.,.F.,.F.,.F.,(4,
4),(4,2,2,2,2,2,2,2,4),(0.,1.),(0.,0.124384826638414,0.248773884359357,
0.373031709672327,0.496865401956717,0.628620336605537,0.752426374467848,
0.876218414235279,1.),.UNSPECIFIED.);
#40=B_SPLINE_SURFACE_WITH_KNOTS('',3,3,((#7702,#7703,#7704,#7705,#7706,
#7707,#7708,#7709,#7710,#7711),(#7712,#7713,#7714,#7715,#7716,#7717,#7718,
#7719,#7720,#7721),(#7722,#7723,#7724,#7725,#7726,#7727,#7728,#7729,#7730,
#7731),(#7732,#7733,#7734,#7735,#7736,#7737,#7738,#7739,#7740,#7741)),
 .UNSPECIFIED.,.F.,.F.,.F.,(4,4),(4,2,2,2,4),(0.,1.),(0.,0.124384826638414,
0.248773884359357,0.373031709672327,0.393965383231768),.UNSPECIFIED.);
#41=B_SPLINE_SURFACE_WITH_KNOTS('',3,3,((#7843,#7844,#7845,#7846,#7847,
#7848,#7849,#7850,#7851,#7852,#7853,#7854,#7855,#7856,#7857,#7858,#7859,
#7860),(#7861,#7862,#7863,#7864,#7865,#7866,#7867,#7868,#7869,#7870,#7871,
#7872,#7873,#7874,#7875,#7876,#7877,#7878),(#7879,#7880,#7881,#7882,#7883,
#7884,#7885,#7886,#7887,#7888,#7889,#7890,#7891,#7892,#7893,#7894,#7895,
#7896),(#7897,#7898,#7899,#7900,#7901,#7902,#7903,#7904,#7905,#7906,#7907,
#7908,#7909,#7910,#7911,#7912,#7913,#7914)),.UNSPECIFIED.,.F.,.F.,.F.,(4,
4),(4,2,2,2,2,2,2,2,4),(0.,1.),(0.,0.124384826638414,0.248773884359357,
0.373031709672327,0.496865401956717,0.628620336605537,0.752426374467848,
0.876218414235279,1.),.UNSPECIFIED.);
#42=B_SPLINE_SURFACE_WITH_KNOTS('',3,3,((#7933,#7934,#7935,#7936,#7937,
#7938,#7939,#7940,#7941,#7942,#7943,#7944,#7945,#7946,#7947,#7948,#7949,
#7950),(#7951,#7952,#7953,#7954,#7955,#7956,#7957,#7958,#7959,#7960,#7961,
#7962,#7963,#7964,#7965,#7966,#7967,#7968),(#7969,#7970,#7971,#7972,#7973,
#7974,#7975,#7976,#7977,#7978,#7979,#7980,#7981,#7982,#7983,#7984,#7985,
#7986),(#7987,#7988,#7989,#7990,#7991,#7992,#7993,#7994,#7995,#7996,#7997,
#7998,#7999,#8000,#8001,#8002,#8003,#8004)),.UNSPECIFIED.,.F.,.F.,.F.,(4,
4),(4,2,2,2,2,2,2,2,4),(0.,1.),(0.,0.124384826638414,0.248773884359357,
0.373031709672327,0.496865401956717,0.628620336605537,0.752426374467848,
0.876218414235279,1.),.UNSPECIFIED.);
#43=B_SPLINE_SURFACE_WITH_KNOTS('',3,3,((#8023,#8024,#8025,#8026,#8027,
#8028,#8029,#8030,#8031,#8032,#8033,#8034,#8035,#8036,#8037,#8038,#8039,
#8040),(#8041,#8042,#8043,#8044,#8045,#8046,#8047,#8048,#8049,#8050,#8051,
#8052,#8053,#8054,#8055,#8056,#8057,#8058),(#8059,#8060,#8061,#8062,#8063,
#8064,#8065,#8066,#8067,#8068,#8069,#8070,#8071,#8072,#8073,#8074,#8075,
#8076),(#8077,#8078,#8079,#8080,#8081,#8082,#8083,#8084,#8085,#8086,#8087,
#8088,#8089,#8090,#8091,#8092,#8093,#8094)),.UNSPECIFIED.,.F.,.F.,.F.,(4,
4),(4,2,2,2,2,2,2,2,4),(0.,1.),(0.,0.124384826638414,0.248773884359357,
0.373031709672327,0.496865401956717,0.628620336605537,0.752426374467848,
0.876218414235279,1.),.UNSPECIFIED.);
#44=B_SPLINE_SURFACE_WITH_KNOTS('',3,3,((#8113,#8114,#8115,#8116,#8117,
#8118,#8119,#8120,#8121,#8122,#8123,#8124,#8125,#8126,#8127,#8128,#8129,
#8130),(#8131,#8132,#8133,#8134,#8135,#8136,#8137,#8138,#8139,#8140,#8141,
#8142,#8143,#8144,#8145,#8146,#8147,#8148),(#8149,#8150,#8151,#8152,#8153,
#8154,#8155,#8156,#8157,#8158,#8159,#8160,#8161,#8162,#8163,#8164,#8165,
#8166),(#8167,#8168,#8169,#8170,#8171,#8172,#8173,#8174,#8175,#8176,#8177,
#8178,#8179,#8180,#8181,#8182,#8183,#8184)),.UNSPECIFIED.,.F.,.F.,.F.,(4,
4),(4,2,2,2,2,2,2,2,4),(0.,1.),(0.,0.124384826638414,0.248773884359357,
0.373031709672327,0.496865401956717,0.628620336605537,0.752426374467848,
0.876218414235279,1.),.UNSPECIFIED.);
#45=B_SPLINE_SURFACE_WITH_KNOTS('',3,3,((#8198,#8199,#8200,#8201,#8202,
#8203,#8204,#8205,#8206,#8207),(#8208,#8209,#8210,#8211,#8212,#8213,#8214,
#8215,#8216,#8217),(#8218,#8219,#8220,#8221,#8222,#8223,#8224,#8225,#8226,
#8227),(#8228,#8229,#8230,#8231,#8232,#8233,#8234,#8235,#8236,#8237)),
 .UNSPECIFIED.,.F.,.F.,.F.,(4,4),(4,2,2,2,4),(0.,1.),(0.584953968452625,
0.628620336605537,0.752426374467848,0.876218414235279,1.),.UNSPECIFIED.);
#46=B_SPLINE_SURFACE_WITH_KNOTS('',3,3,((#8238,#8239,#8240,#8241,#8242,
#8243,#8244,#8245,#8246,#8247,#8248,#8249,#8250,#8251,#8252,#8253,#8254,
#8255),(#8256,#8257,#8258,#8259,#8260,#8261,#8262,#8263,#8264,#8265,#8266,
#8267,#8268,#8269,#8270,#8271,#8272,#8273),(#8274,#8275,#8276,#8277,#8278,
#8279,#8280,#8281,#8282,#8283,#8284,#8285,#8286,#8287,#8288,#8289,#8290,
#8291),(#8292,#8293,#8294,#8295,#8296,#8297,#8298,#8299,#8300,#8301,#8302,
#8303,#8304,#8305,#8306,#8307,#8308,#8309)),.UNSPECIFIED.,.F.,.F.,.F.,(4,
4),(4,2,2,2,2,2,2,2,4),(0.,1.),(0.,0.124384826638414,0.248773884359357,
0.373031709672327,0.496865401956717,0.628620336605537,0.752426374467848,
0.876218414235279,1.),.UNSPECIFIED.);
#47=B_SPLINE_SURFACE_WITH_KNOTS('',3,3,((#8333,#8334,#8335,#8336,#8337,
#8338,#8339,#8340,#8341,#8342,#8343,#8344,#8345,#8346,#8347,#8348),(#8349,
#8350,#8351,#8352,#8353,#8354,#8355,#8356,#8357,#8358,#8359,#8360,#8361,
#8362,#8363,#8364),(#8365,#8366,#8367,#8368,#8369,#8370,#8371,#8372,#8373,
#8374,#8375,#8376,#8377,#8378,#8379,#8380),(#8381,#8382,#8383,#8384,#8385,
#8386,#8387,#8388,#8389,#8390,#8391,#8392,#8393,#8394,#8395,#8396)),
 .UNSPECIFIED.,.F.,.F.,.F.,(4,4),(4,2,2,2,2,2,2,4),(0.,1.),(0.,0.124384826638414,
0.248773884359357,0.373031709672327,0.496865401956717,0.628620336605537,
0.752426374467848,1.),.UNSPECIFIED.);
#48=B_SPLINE_SURFACE_WITH_KNOTS('',3,3,((#8415,#8416,#8417,#8418,#8419,
#8420,#8421,#8422,#8423,#8424,#8425,#8426,#8427,#8428,#8429,#8430,#8431,
#8432),(#8433,#8434,#8435,#8436,#8437,#8438,#8439,#8440,#8441,#8442,#8443,
#8444,#8445,#8446,#8447,#8448,#8449,#8450),(#8451,#8452,#8453,#8454,#8455,
#8456,#8457,#8458,#8459,#8460,#8461,#8462,#8463,#8464,#8465,#8466,#8467,
#8468),(#8469,#8470,#8471,#8472,#8473,#8474,#8475,#8476,#8477,#8478,#8479,
#8480,#8481,#8482,#8483,#8484,#8485,#8486)),.UNSPECIFIED.,.F.,.F.,.F.,(4,
4),(4,2,2,2,2,2,2,2,4),(0.,1.),(0.,0.124384826638414,0.248773884359357,
0.373031709672327,0.496865401956717,0.628620336605537,0.752426374467848,
0.876218414235279,1.),.UNSPECIFIED.);
#49=B_SPLINE_SURFACE_WITH_KNOTS('',3,3,((#8584,#8585,#8586,#8587,#8588,
#8589,#8590,#8591,#8592,#8593,#8594,#8595,#8596,#8597,#8598,#8599,#8600,
#8601),(#8602,#8603,#8604,#8605,#8606,#8607,#8608,#8609,#8610,#8611,#8612,
#8613,#8614,#8615,#8616,#8617,#8618,#8619),(#8620,#8621,#8622,#8623,#8624,
#8625,#8626,#8627,#8628,#8629,#8630,#8631,#8632,#8633,#8634,#8635,#8636,
#8637),(#8638,#8639,#8640,#8641,#8642,#8643,#8644,#8645,#8646,#8647,#8648,
#8649,#8650,#8651,#8652,#8653,#8654,#8655)),.UNSPECIFIED.,.F.,.F.,.F.,(4,
4),(4,2,2,2,2,2,2,2,4),(0.,1.),(0.,0.124695447075366,0.249414603224487,
0.374203446945905,0.499035971198208,0.623928996891868,0.749179534334123,
0.874577727088588,1.),.UNSPECIFIED.);
#50=B_SPLINE_SURFACE_WITH_KNOTS('',3,3,((#8787,#8788,#8789,#8790,#8791,
#8792,#8793,#8794,#8795,#8796,#8797,#8798,#8799,#8800,#8801,#8802,#8803,
#8804),(#8805,#8806,#8807,#8808,#8809,#8810,#8811,#8812,#8813,#8814,#8815,
#8816,#8817,#8818,#8819,#8820,#8821,#8822),(#8823,#8824,#8825,#8826,#8827,
#8828,#8829,#8830,#8831,#8832,#8833,#8834,#8835,#8836,#8837,#8838,#8839,
#8840),(#8841,#8842,#8843,#8844,#8845,#8846,#8847,#8848,#8849,#8850,#8851,
#8852,#8853,#8854,#8855,#8856,#8857,#8858)),.UNSPECIFIED.,.F.,.F.,.F.,(4,
4),(4,2,2,2,2,2,2,2,4),(0.,1.),(0.,0.124695447075366,0.249414603224487,
0.374203446945905,0.499035971198208,0.623928996891868,0.749179534334123,
0.874577727088588,1.),.UNSPECIFIED.);
#51=B_SPLINE_SURFACE_WITH_KNOTS('',3,3,((#8877,#8878,#8879,#8880,#8881,
#8882,#8883,#8884,#8885,#8886,#8887,#8888,#8889,#8890,#8891,#8892),(#8893,
#8894,#8895,#8896,#8897,#8898,#8899,#8900,#8901,#8902,#8903,#8904,#8905,
#8906,#8907,#8908),(#8909,#8910,#8911,#8912,#8913,#8914,#8915,#8916,#8917,
#8918,#8919,#8920,#8921,#8922,#8923,#8924),(#8925,#8926,#8927,#8928,#8929,
#8930,#8931,#8932,#8933,#8934,#8935,#8936,#8937,#8938,#8939,#8940)),
 .UNSPECIFIED.,.F.,.F.,.F.,(4,4),(4,2,2,2,2,2,2,4),(0.,1.),(0.,0.124695447075366,
0.249414603224487,0.499035971198208,0.623928996891868,0.749179534334123,
0.874577727088588,1.),.UNSPECIFIED.);
#52=B_SPLINE_SURFACE_WITH_KNOTS('',3,3,((#8959,#8960,#8961,#8962,#8963,
#8964,#8965,#8966,#8967,#8968,#8969,#8970,#8971,#8972,#8973,#8974,#8975,
#8976),(#8977,#8978,#8979,#8980,#8981,#8982,#8983,#8984,#8985,#8986,#8987,
#8988,#8989,#8990,#8991,#8992,#8993,#8994),(#8995,#8996,#8997,#8998,#8999,
#9000,#9001,#9002,#9003,#9004,#9005,#9006,#9007,#9008,#9009,#9010,#9011,
#9012),(#9013,#9014,#9015,#9016,#9017,#9018,#9019,#9020,#9021,#9022,#9023,
#9024,#9025,#9026,#9027,#9028,#9029,#9030)),.UNSPECIFIED.,.F.,.F.,.F.,(4,
4),(4,2,2,2,2,2,2,2,4),(0.,1.),(0.,0.124695447075366,0.249414603224487,
0.374203446945905,0.499035971198208,0.623928996891868,0.749179534334123,
0.874577727088588,1.),.UNSPECIFIED.);
#53=B_SPLINE_SURFACE_WITH_KNOTS('',3,3,((#9049,#9050,#9051,#9052,#9053,
#9054,#9055,#9056,#9057,#9058,#9059,#9060,#9061,#9062,#9063,#9064,#9065,
#9066),(#9067,#9068,#9069,#9070,#9071,#9072,#9073,#9074,#9075,#9076,#9077,
#9078,#9079,#9080,#9081,#9082,#9083,#9084),(#9085,#9086,#9087,#9088,#9089,
#9090,#9091,#9092,#9093,#9094,#9095,#9096,#9097,#9098,#9099,#9100,#9101,
#9102),(#9103,#9104,#9105,#9106,#9107,#9108,#9109,#9110,#9111,#9112,#9113,
#9114,#9115,#9116,#9117,#9118,#9119,#9120)),.UNSPECIFIED.,.F.,.F.,.F.,(4,
4),(4,2,2,2,2,2,2,2,4),(0.,1.),(0.,0.124695447075366,0.249414603224487,
0.374203446945905,0.499035971198208,0.623928996891868,0.749179534334123,
0.874577727088588,1.),.UNSPECIFIED.);
#54=B_SPLINE_SURFACE_WITH_KNOTS('',3,3,((#9121,#9122,#9123,#9124,#9125,
#9126,#9127,#9128,#9129,#9130,#9131,#9132,#9133,#9134,#9135,#9136,#9137,
#9138),(#9139,#9140,#9141,#9142,#9143,#9144,#9145,#9146,#9147,#9148,#9149,
#9150,#9151,#9152,#9153,#9154,#9155,#9156),(#9157,#9158,#9159,#9160,#9161,
#9162,#9163,#9164,#9165,#9166,#9167,#9168,#9169,#9170,#9171,#9172,#9173,
#9174),(#9175,#9176,#9177,#9178,#9179,#9180,#9181,#9182,#9183,#9184,#9185,
#9186,#9187,#9188,#9189,#9190,#9191,#9192)),.UNSPECIFIED.,.F.,.F.,.F.,(4,
4),(4,2,2,2,2,2,2,2,4),(0.,1.),(0.,0.124695447075366,0.249414603224487,
0.374203446945905,0.499035971198208,0.623928996891868,0.749179534334123,
0.874577727088588,1.),.UNSPECIFIED.);
#55=B_SPLINE_SURFACE_WITH_KNOTS('',3,3,((#9214,#9215,#9216,#9217,#9218,
#9219,#9220,#9221,#9222,#9223,#9224,#9225,#9226,#9227,#9228,#9229,#9230,
#9231),(#9232,#9233,#9234,#9235,#9236,#9237,#9238,#9239,#9240,#9241,#9242,
#9243,#9244,#9245,#9246,#9247,#9248,#9249),(#9250,#9251,#9252,#9253,#9254,
#9255,#9256,#9257,#9258,#9259,#9260,#9261,#9262,#9263,#9264,#9265,#9266,
#9267),(#9268,#9269,#9270,#9271,#9272,#9273,#9274,#9275,#9276,#9277,#9278,
#9279,#9280,#9281,#9282,#9283,#9284,#9285)),.UNSPECIFIED.,.F.,.F.,.F.,(4,
4),(4,2,2,2,2,2,2,2,4),(0.,1.),(0.,0.124695447075366,0.249414603224487,
0.374203446945905,0.499035971198208,0.623928996891868,0.749179534334123,
0.874577727088588,1.),.UNSPECIFIED.);
#56=B_SPLINE_SURFACE_WITH_KNOTS('',3,3,((#9304,#9305,#9306,#9307,#9308,
#9309,#9310,#9311,#9312,#9313,#9314,#9315,#9316,#9317,#9318,#9319,#9320,
#9321),(#9322,#9323,#9324,#9325,#9326,#9327,#9328,#9329,#9330,#9331,#9332,
#9333,#9334,#9335,#9336,#9337,#9338,#9339),(#9340,#9341,#9342,#9343,#9344,
#9345,#9346,#9347,#9348,#9349,#9350,#9351,#9352,#9353,#9354,#9355,#9356,
#9357),(#9358,#9359,#9360,#9361,#9362,#9363,#9364,#9365,#9366,#9367,#9368,
#9369,#9370,#9371,#9372,#9373,#9374,#9375)),.UNSPECIFIED.,.F.,.F.,.F.,(4,
4),(4,2,2,2,2,2,2,2,4),(0.,1.),(0.,0.124695447075366,0.249414603224487,
0.374203446945905,0.499035971198208,0.623928996891868,0.749179534334123,
0.874577727088588,1.),.UNSPECIFIED.);
#57=B_SPLINE_SURFACE_WITH_KNOTS('',3,3,((#9727,#9728,#9729,#9730,#9731,
#9732,#9733,#9734,#9735,#9736,#9737,#9738,#9739,#9740,#9741,#9742,#9743,
#9744),(#9745,#9746,#9747,#9748,#9749,#9750,#9751,#9752,#9753,#9754,#9755,
#9756,#9757,#9758,#9759,#9760,#9761,#9762),(#9763,#9764,#9765,#9766,#9767,
#9768,#9769,#9770,#9771,#9772,#9773,#9774,#9775,#9776,#9777,#9778,#9779,
#9780),(#9781,#9782,#9783,#9784,#9785,#9786,#9787,#9788,#9789,#9790,#9791,
#9792,#9793,#9794,#9795,#9796,#9797,#9798)),.UNSPECIFIED.,.F.,.F.,.F.,(4,
4),(4,2,2,2,2,2,2,2,4),(0.,1.),(0.,0.13000553782933,0.250657802375738,0.382824664836144,
0.504889316789216,0.625182540514944,0.752893168680865,0.880069070474987,
1.),.UNSPECIFIED.);
#58=B_SPLINE_SURFACE_WITH_KNOTS('',3,3,((#9846,#9847,#9848,#9849,#9850,
#9851,#9852,#9853,#9854,#9855),(#9856,#9857,#9858,#9859,#9860,#9861,#9862,
#9863,#9864,#9865),(#9866,#9867,#9868,#9869,#9870,#9871,#9872,#9873,#9874,
#9875),(#9876,#9877,#9878,#9879,#9880,#9881,#9882,#9883,#9884,#9885)),
 .UNSPECIFIED.,.F.,.F.,.F.,(4,4),(4,2,2,2,4),(0.,1.),(0.,0.13000553782933,
0.250657802375738,0.382824664836144,0.390773792327096),.UNSPECIFIED.);
#59=B_SPLINE_SURFACE_WITH_KNOTS('',3,3,((#9898,#9899,#9900,#9901,#9902,
#9903,#9904,#9905,#9906,#9907),(#9908,#9909,#9910,#9911,#9912,#9913,#9914,
#9915,#9916,#9917),(#9918,#9919,#9920,#9921,#9922,#9923,#9924,#9925,#9926,
#9927),(#9928,#9929,#9930,#9931,#9932,#9933,#9934,#9935,#9936,#9937)),
 .UNSPECIFIED.,.F.,.F.,.F.,(4,4),(4,2,2,2,4),(0.,1.),(0.,0.13000553782933,
0.250657802375738,0.382824664836144,0.404446250566685),.UNSPECIFIED.);
#60=B_SPLINE_SURFACE_WITH_KNOTS('',3,3,((#9950,#9951,#9952,#9953,#9954,
#9955,#9956,#9957,#9958,#9959),(#9960,#9961,#9962,#9963,#9964,#9965,#9966,
#9967,#9968,#9969),(#9970,#9971,#9972,#9973,#9974,#9975,#9976,#9977,#9978,
#9979),(#9980,#9981,#9982,#9983,#9984,#9985,#9986,#9987,#9988,#9989)),
 .UNSPECIFIED.,.F.,.F.,.F.,(4,4),(4,2,2,2,4),(0.,1.),(0.,0.13000553782933,
0.250657802375738,0.382824664836144,0.444194110564595),.UNSPECIFIED.);
#61=B_SPLINE_SURFACE_WITH_KNOTS('',3,3,((#10099,#10100,#10101,#10102,#10103,
#10104,#10105,#10106,#10107,#10108,#10109,#10110,#10111,#10112,#10113,#10114,
#10115,#10116),(#10117,#10118,#10119,#10120,#10121,#10122,#10123,#10124,
#10125,#10126,#10127,#10128,#10129,#10130,#10131,#10132,#10133,#10134),
(#10135,#10136,#10137,#10138,#10139,#10140,#10141,#10142,#10143,#10144,
#10145,#10146,#10147,#10148,#10149,#10150,#10151,#10152),(#10153,#10154,
#10155,#10156,#10157,#10158,#10159,#10160,#10161,#10162,#10163,#10164,#10165,
#10166,#10167,#10168,#10169,#10170)),.UNSPECIFIED.,.F.,.F.,.F.,(4,4),(4,
2,2,2,2,2,2,2,4),(0.,1.),(0.,0.13000553782933,0.250657802375738,0.382824664836144,
0.504889316789216,0.625182540514944,0.752893168680865,0.880069070474987,
1.),.UNSPECIFIED.);
#62=B_SPLINE_SURFACE_WITH_KNOTS('',3,3,((#10189,#10190,#10191,#10192,#10193,
#10194,#10195,#10196,#10197,#10198,#10199,#10200,#10201,#10202,#10203,#10204,
#10205,#10206),(#10207,#10208,#10209,#10210,#10211,#10212,#10213,#10214,
#10215,#10216,#10217,#10218,#10219,#10220,#10221,#10222,#10223,#10224),
(#10225,#10226,#10227,#10228,#10229,#10230,#10231,#10232,#10233,#10234,
#10235,#10236,#10237,#10238,#10239,#10240,#10241,#10242),(#10243,#10244,
#10245,#10246,#10247,#10248,#10249,#10250,#10251,#10252,#10253,#10254,#10255,
#10256,#10257,#10258,#10259,#10260)),.UNSPECIFIED.,.F.,.F.,.F.,(4,4),(4,
2,2,2,2,2,2,2,4),(0.,1.),(0.,0.13000553782933,0.250657802375738,0.382824664836144,
0.504889316789216,0.625182540514944,0.752893168680865,0.880069070474987,
1.),.UNSPECIFIED.);
#63=B_SPLINE_SURFACE_WITH_KNOTS('',3,3,((#10279,#10280,#10281,#10282,#10283,
#10284,#10285,#10286,#10287,#10288,#10289,#10290,#10291,#10292,#10293,#10294,
#10295,#10296),(#10297,#10298,#10299,#10300,#10301,#10302,#10303,#10304,
#10305,#10306,#10307,#10308,#10309,#10310,#10311,#10312,#10313,#10314),
(#10315,#10316,#10317,#10318,#10319,#10320,#10321,#10322,#10323,#10324,
#10325,#10326,#10327,#10328,#10329,#10330,#10331,#10332),(#10333,#10334,
#10335,#10336,#10337,#10338,#10339,#10340,#10341,#10342,#10343,#10344,#10345,
#10346,#10347,#10348,#10349,#10350)),.UNSPECIFIED.,.F.,.F.,.F.,(4,4),(4,
2,2,2,2,2,2,2,4),(0.,1.),(0.,0.13000553782933,0.250657802375738,0.382824664836144,
0.504889316789216,0.625182540514944,0.752893168680865,0.880069070474987,
1.),.UNSPECIFIED.);
#64=B_SPLINE_SURFACE_WITH_KNOTS('',3,3,((#10369,#10370,#10371,#10372,#10373,
#10374,#10375,#10376,#10377,#10378,#10379,#10380,#10381,#10382,#10383,#10384,
#10385,#10386),(#10387,#10388,#10389,#10390,#10391,#10392,#10393,#10394,
#10395,#10396,#10397,#10398,#10399,#10400,#10401,#10402,#10403,#10404),
(#10405,#10406,#10407,#10408,#10409,#10410,#10411,#10412,#10413,#10414,
#10415,#10416,#10417,#10418,#10419,#10420,#10421,#10422),(#10423,#10424,
#10425,#10426,#10427,#10428,#10429,#10430,#10431,#10432,#10433,#10434,#10435,
#10436,#10437,#10438,#10439,#10440)),.UNSPECIFIED.,.F.,.F.,.F.,(4,4),(4,
2,2,2,2,2,2,2,4),(0.,1.),(0.,0.13000553782933,0.250657802375738,0.382824664836144,
0.504889316789216,0.625182540514944,0.752893168680865,0.880069070474987,
1.),.UNSPECIFIED.);
#65=B_SPLINE_SURFACE_WITH_KNOTS('',3,3,((#10459,#10460,#10461,#10462,#10463,
#10464,#10465,#10466,#10467,#10468,#10469,#10470,#10471,#10472,#10473,#10474,
#10475,#10476),(#10477,#10478,#10479,#10480,#10481,#10482,#10483,#10484,
#10485,#10486,#10487,#10488,#10489,#10490,#10491,#10492,#10493,#10494),
(#10495,#10496,#10497,#10498,#10499,#10500,#10501,#10502,#10503,#10504,
#10505,#10506,#10507,#10508,#10509,#10510,#10511,#10512),(#10513,#10514,
#10515,#10516,#10517,#10518,#10519,#10520,#10521,#10522,#10523,#10524,#10525,
#10526,#10527,#10528,#10529,#10530)),.UNSPECIFIED.,.F.,.F.,.F.,(4,4),(4,
2,2,2,2,2,2,2,4),(0.,1.),(0.,0.13000553782933,0.250657802375738,0.382824664836144,
0.504889316789216,0.625182540514944,0.752893168680865,0.880069070474987,
1.),.UNSPECIFIED.);
#66=B_SPLINE_SURFACE_WITH_KNOTS('',3,3,((#10541,#10542,#10543,#10544,#10545,
#10546,#10547,#10548,#10549,#10550),(#10551,#10552,#10553,#10554,#10555,
#10556,#10557,#10558,#10559,#10560),(#10561,#10562,#10563,#10564,#10565,
#10566,#10567,#10568,#10569,#10570),(#10571,#10572,#10573,#10574,#10575,
#10576,#10577,#10578,#10579,#10580)),.UNSPECIFIED.,.F.,.F.,.F.,(4,4),(4,
2,2,2,4),(0.,1.),(0.591094889017474,0.625182540514944,0.752893168680865,
0.880069070474987,1.),.UNSPECIFIED.);
#67=B_SPLINE_SURFACE_WITH_KNOTS('',3,3,((#10591,#10592,#10593,#10594,#10595,
#10596,#10597,#10598,#10599,#10600),(#10601,#10602,#10603,#10604,#10605,
#10606,#10607,#10608,#10609,#10610),(#10611,#10612,#10613,#10614,#10615,
#10616,#10617,#10618,#10619,#10620),(#10621,#10622,#10623,#10624,#10625,
#10626,#10627,#10628,#10629,#10630)),.UNSPECIFIED.,.F.,.F.,.F.,(4,4),(4,
2,2,2,4),(0.,1.),(0.605175802019208,0.625182540514944,0.752893168680865,
0.880069070474987,1.),.UNSPECIFIED.);
#68=B_SPLINE_SURFACE_WITH_KNOTS('',3,3,((#10641,#10642,#10643,#10644,#10645,
#10646,#10647,#10648,#10649,#10650),(#10651,#10652,#10653,#10654,#10655,
#10656,#10657,#10658,#10659,#10660),(#10661,#10662,#10663,#10664,#10665,
#10666,#10667,#10668,#10669,#10670),(#10671,#10672,#10673,#10674,#10675,
#10676,#10677,#10678,#10679,#10680)),.UNSPECIFIED.,.F.,.F.,.F.,(4,4),(4,
2,2,2,4),(0.,1.),(0.617823491547013,0.625182540514944,0.752893168680865,
0.880069070474987,1.),.UNSPECIFIED.);
#69=B_SPLINE_SURFACE_WITH_KNOTS('',3,3,((#10681,#10682,#10683,#10684,#10685,
#10686,#10687,#10688,#10689,#10690,#10691,#10692,#10693,#10694,#10695,#10696,
#10697,#10698),(#10699,#10700,#10701,#10702,#10703,#10704,#10705,#10706,
#10707,#10708,#10709,#10710,#10711,#10712,#10713,#10714,#10715,#10716),
(#10717,#10718,#10719,#10720,#10721,#10722,#10723,#10724,#10725,#10726,
#10727,#10728,#10729,#10730,#10731,#10732,#10733,#10734),(#10735,#10736,
#10737,#10738,#10739,#10740,#10741,#10742,#10743,#10744,#10745,#10746,#10747,
#10748,#10749,#10750,#10751,#10752)),.UNSPECIFIED.,.F.,.F.,.F.,(4,4),(4,
2,2,2,2,2,2,2,4),(0.,1.),(0.,0.13000553782933,0.250657802375738,0.382824664836144,
0.504889316789216,0.625182540514944,0.752893168680865,0.880069070474987,
1.),.UNSPECIFIED.);
#70=B_SPLINE_SURFACE_WITH_KNOTS('',3,3,((#10774,#10775,#10776,#10777,#10778,
#10779,#10780,#10781,#10782,#10783,#10784,#10785,#10786,#10787,#10788,#10789,
#10790,#10791),(#10792,#10793,#10794,#10795,#10796,#10797,#10798,#10799,
#10800,#10801,#10802,#10803,#10804,#10805,#10806,#10807,#10808,#10809),
(#10810,#10811,#10812,#10813,#10814,#10815,#10816,#10817,#10818,#10819,
#10820,#10821,#10822,#10823,#10824,#10825,#10826,#10827),(#10828,#10829,
#10830,#10831,#10832,#10833,#10834,#10835,#10836,#10837,#10838,#10839,#10840,
#10841,#10842,#10843,#10844,#10845)),.UNSPECIFIED.,.F.,.F.,.F.,(4,4),(4,
2,2,2,2,2,2,2,4),(0.,1.),(0.,0.13000553782933,0.250657802375738,0.382824664836144,
0.504889316789216,0.625182540514944,0.752893168680865,0.880069070474987,
1.),.UNSPECIFIED.);
#71=B_SPLINE_SURFACE_WITH_KNOTS('',3,3,((#10864,#10865,#10866,#10867,#10868,
#10869,#10870,#10871,#10872,#10873,#10874,#10875,#10876,#10877,#10878,#10879,
#10880,#10881),(#10882,#10883,#10884,#10885,#10886,#10887,#10888,#10889,
#10890,#10891,#10892,#10893,#10894,#10895,#10896,#10897,#10898,#10899),
(#10900,#10901,#10902,#10903,#10904,#10905,#10906,#10907,#10908,#10909,
#10910,#10911,#10912,#10913,#10914,#10915,#10916,#10917),(#10918,#10919,
#10920,#10921,#10922,#10923,#10924,#10925,#10926,#10927,#10928,#10929,#10930,
#10931,#10932,#10933,#10934,#10935)),.UNSPECIFIED.,.F.,.F.,.F.,(4,4),(4,
2,2,2,2,2,2,2,4),(0.,1.),(0.,0.13000553782933,0.250657802375738,0.382824664836144,
0.504889316789216,0.625182540514944,0.752893168680865,0.880069070474987,
1.),.UNSPECIFIED.);
#72=B_SPLINE_SURFACE_WITH_KNOTS('',3,3,((#11022,#11023,#11024,#11025,#11026,
#11027,#11028,#11029,#11030,#11031,#11032,#11033,#11034,#11035,#11036,#11037,
#11038,#11039),(#11040,#11041,#11042,#11043,#11044,#11045,#11046,#11047,
#11048,#11049,#11050,#11051,#11052,#11053,#11054,#11055,#11056,#11057),
(#11058,#11059,#11060,#11061,#11062,#11063,#11064,#11065,#11066,#11067,
#11068,#11069,#11070,#11071,#11072,#11073,#11074,#11075),(#11076,#11077,
#11078,#11079,#11080,#11081,#11082,#11083,#11084,#11085,#11086,#11087,#11088,
#11089,#11090,#11091,#11092,#11093)),.UNSPECIFIED.,.F.,.F.,.F.,(4,4),(4,
2,2,2,2,2,2,2,4),(0.,1.),(0.,0.115343824233092,0.234708063055553,0.355851061571765,
0.476687170480026,0.592396261768436,0.757077971699895,0.873098559753943,
1.),.UNSPECIFIED.);
#73=B_SPLINE_SURFACE_WITH_KNOTS('',3,3,((#11140,#11141,#11142,#11143,#11144,
#11145,#11146,#11147,#11148,#11149,#11150,#11151),(#11152,#11153,#11154,
#11155,#11156,#11157,#11158,#11159,#11160,#11161,#11162,#11163),(#11164,
#11165,#11166,#11167,#11168,#11169,#11170,#11171,#11172,#11173,#11174,#11175),
(#11176,#11177,#11178,#11179,#11180,#11181,#11182,#11183,#11184,#11185,
#11186,#11187)),.UNSPECIFIED.,.F.,.F.,.F.,(4,4),(4,2,2,2,2,4),(0.,1.),(0.,
0.115343824233092,0.234708063055553,0.355851061571765,0.476687170480026,
0.485315700025118),.UNSPECIFIED.);
#74=B_SPLINE_SURFACE_WITH_KNOTS('',3,3,((#11293,#11294,#11295,#11296,#11297,
#11298,#11299,#11300,#11301,#11302,#11303,#11304,#11305,#11306,#11307,#11308,
#11309,#11310),(#11311,#11312,#11313,#11314,#11315,#11316,#11317,#11318,
#11319,#11320,#11321,#11322,#11323,#11324,#11325,#11326,#11327,#11328),
(#11329,#11330,#11331,#11332,#11333,#11334,#11335,#11336,#11337,#11338,
#11339,#11340,#11341,#11342,#11343,#11344,#11345,#11346),(#11347,#11348,
#11349,#11350,#11351,#11352,#11353,#11354,#11355,#11356,#11357,#11358,#11359,
#11360,#11361,#11362,#11363,#11364)),.UNSPECIFIED.,.F.,.F.,.F.,(4,4),(4,
2,2,2,2,2,2,2,4),(0.,1.),(0.,0.115343824233092,0.234708063055553,0.355851061571765,
0.476687170480026,0.592396261768436,0.757077971699895,0.873098559753943,
1.),.UNSPECIFIED.);
#75=B_SPLINE_SURFACE_WITH_KNOTS('',3,3,((#11383,#11384,#11385,#11386,#11387,
#11388,#11389,#11390,#11391,#11392,#11393,#11394,#11395,#11396,#11397,#11398,
#11399,#11400),(#11401,#11402,#11403,#11404,#11405,#11406,#11407,#11408,
#11409,#11410,#11411,#11412,#11413,#11414,#11415,#11416,#11417,#11418),
(#11419,#11420,#11421,#11422,#11423,#11424,#11425,#11426,#11427,#11428,
#11429,#11430,#11431,#11432,#11433,#11434,#11435,#11436),(#11437,#11438,
#11439,#11440,#11441,#11442,#11443,#11444,#11445,#11446,#11447,#11448,#11449,
#11450,#11451,#11452,#11453,#11454)),.UNSPECIFIED.,.F.,.F.,.F.,(4,4),(4,
2,2,2,2,2,2,2,4),(0.,1.),(0.,0.115343824233092,0.234708063055553,0.355851061571765,
0.476687170480026,0.592396261768436,0.757077971699895,0.873098559753943,
1.),.UNSPECIFIED.);
#76=B_SPLINE_SURFACE_WITH_KNOTS('',3,3,((#11476,#11477,#11478,#11479,#11480,
#11481,#11482,#11483,#11484,#11485,#11486,#11487,#11488,#11489,#11490,#11491,
#11492,#11493),(#11494,#11495,#11496,#11497,#11498,#11499,#11500,#11501,
#11502,#11503,#11504,#11505,#11506,#11507,#11508,#11509,#11510,#11511),
(#11512,#11513,#11514,#11515,#11516,#11517,#11518,#11519,#11520,#11521,
#11522,#11523,#11524,#11525,#11526,#11527,#11528,#11529),(#11530,#11531,
#11532,#11533,#11534,#11535,#11536,#11537,#11538,#11539,#11540,#11541,#11542,
#11543,#11544,#11545,#11546,#11547)),.UNSPECIFIED.,.F.,.F.,.F.,(4,4),(4,
2,2,2,2,2,2,2,4),(0.,1.),(0.,0.115343824233092,0.234708063055553,0.355851061571765,
0.476687170480026,0.592396261768436,0.757077971699895,0.873098559753943,
1.),.UNSPECIFIED.);
#77=B_SPLINE_SURFACE_WITH_KNOTS('',3,3,((#11566,#11567,#11568,#11569,#11570,
#11571,#11572,#11573,#11574,#11575,#11576,#11577,#11578,#11579,#11580,#11581,
#11582,#11583),(#11584,#11585,#11586,#11587,#11588,#11589,#11590,#11591,
#11592,#11593,#11594,#11595,#11596,#11597,#11598,#11599,#11600,#11601),
(#11602,#11603,#11604,#11605,#11606,#11607,#11608,#11609,#11610,#11611,
#11612,#11613,#11614,#11615,#11616,#11617,#11618,#11619),(#11620,#11621,
#11622,#11623,#11624,#11625,#11626,#11627,#11628,#11629,#11630,#11631,#11632,
#11633,#11634,#11635,#11636,#11637)),.UNSPECIFIED.,.F.,.F.,.F.,(4,4),(4,
2,2,2,2,2,2,2,4),(0.,1.),(0.,0.115343824233092,0.234708063055553,0.355851061571765,
0.476687170480026,0.592396261768436,0.757077971699895,0.873098559753943,
1.),.UNSPECIFIED.);
#78=B_SPLINE_SURFACE_WITH_KNOTS('',3,3,((#11656,#11657,#11658,#11659,#11660,
#11661,#11662,#11663,#11664,#11665,#11666,#11667,#11668,#11669,#11670,#11671,
#11672,#11673),(#11674,#11675,#11676,#11677,#11678,#11679,#11680,#11681,
#11682,#11683,#11684,#11685,#11686,#11687,#11688,#11689,#11690,#11691),
(#11692,#11693,#11694,#11695,#11696,#11697,#11698,#11699,#11700,#11701,
#11702,#11703,#11704,#11705,#11706,#11707,#11708,#11709),(#11710,#11711,
#11712,#11713,#11714,#11715,#11716,#11717,#11718,#11719,#11720,#11721,#11722,
#11723,#11724,#11725,#11726,#11727)),.UNSPECIFIED.,.F.,.F.,.F.,(4,4),(4,
2,2,2,2,2,2,2,4),(0.,1.),(0.,0.115343824233092,0.234708063055553,0.355851061571765,
0.476687170480026,0.592396261768436,0.757077971699895,0.873098559753943,
1.),.UNSPECIFIED.);
#79=B_SPLINE_SURFACE_WITH_KNOTS('',3,3,((#11752,#11753,#11754,#11755,#11756,
#11757,#11758,#11759,#11760,#11761,#11762,#11763,#11764,#11765,#11766,#11767,
#11768,#11769),(#11770,#11771,#11772,#11773,#11774,#11775,#11776,#11777,
#11778,#11779,#11780,#11781,#11782,#11783,#11784,#11785,#11786,#11787),
(#11788,#11789,#11790,#11791,#11792,#11793,#11794,#11795,#11796,#11797,
#11798,#11799,#11800,#11801,#11802,#11803,#11804,#11805),(#11806,#11807,
#11808,#11809,#11810,#11811,#11812,#11813,#11814,#11815,#11816,#11817,#11818,
#11819,#11820,#11821,#11822,#11823)),.UNSPECIFIED.,.F.,.F.,.F.,(4,4),(4,
2,2,2,2,2,2,2,4),(0.,1.),(0.,0.115343824233092,0.234708063055553,0.355851061571765,
0.476687170480026,0.592396261768436,0.757077971699895,0.873098559753943,
1.),.UNSPECIFIED.);
#80=B_SPLINE_SURFACE_WITH_KNOTS('',3,3,((#11834,#11835,#11836,#11837,#11838,
#11839,#11840,#11841,#11842,#11843),(#11844,#11845,#11846,#11847,#11848,
#11849,#11850,#11851,#11852,#11853),(#11854,#11855,#11856,#11857,#11858,
#11859,#11860,#11861,#11862,#11863),(#11864,#11865,#11866,#11867,#11868,
#11869,#11870,#11871,#11872,#11873)),.UNSPECIFIED.,.F.,.F.,.F.,(4,4),(4,
2,2,2,4),(0.,1.),(0.515630391688219,0.592396261768436,0.757077971699895,
0.873098559753943,1.),.UNSPECIFIED.);
#81=B_SPLINE_SURFACE_WITH_KNOTS('',3,3,((#11874,#11875,#11876,#11877,#11878,
#11879,#11880,#11881,#11882,#11883,#11884,#11885,#11886,#11887,#11888,#11889,
#11890,#11891),(#11892,#11893,#11894,#11895,#11896,#11897,#11898,#11899,
#11900,#11901,#11902,#11903,#11904,#11905,#11906,#11907,#11908,#11909),
(#11910,#11911,#11912,#11913,#11914,#11915,#11916,#11917,#11918,#11919,
#11920,#11921,#11922,#11923,#11924,#11925,#11926,#11927),(#11928,#11929,
#11930,#11931,#11932,#11933,#11934,#11935,#11936,#11937,#11938,#11939,#11940,
#11941,#11942,#11943,#11944,#11945)),.UNSPECIFIED.,.F.,.F.,.F.,(4,4),(4,
2,2,2,2,2,2,2,4),(0.,1.),(0.,0.115343824233092,0.234708063055553,0.355851061571765,
0.476687170480026,0.592396261768436,0.757077971699895,0.873098559753943,
1.),.UNSPECIFIED.);
#82=B_SPLINE_SURFACE_WITH_KNOTS('',3,3,((#11964,#11965,#11966,#11967,#11968,
#11969,#11970,#11971,#11972,#11973,#11974,#11975,#11976,#11977,#11978,#11979,
#11980,#11981),(#11982,#11983,#11984,#11985,#11986,#11987,#11988,#11989,
#11990,#11991,#11992,#11993,#11994,#11995,#11996,#11997,#11998,#11999),
(#12000,#12001,#12002,#12003,#12004,#12005,#12006,#12007,#12008,#12009,
#12010,#12011,#12012,#12013,#12014,#12015,#12016,#12017),(#12018,#12019,
#12020,#12021,#12022,#12023,#12024,#12025,#12026,#12027,#12028,#12029,#12030,
#12031,#12032,#12033,#12034,#12035)),.UNSPECIFIED.,.F.,.F.,.F.,(4,4),(4,
2,2,2,2,2,2,2,4),(0.,1.),(0.,0.115343824233092,0.234708063055553,0.355851061571765,
0.476687170480026,0.592396261768436,0.757077971699895,0.873098559753943,
1.),.UNSPECIFIED.);
#83=B_SPLINE_CURVE_WITH_KNOTS('',3,(#7498,#7499,#7500,#7501),
 .UNSPECIFIED.,.F.,.F.,(4,4),(-0.833459940717747,-0.833318767094781),
 .UNSPECIFIED.);
#84=B_SPLINE_CURVE_WITH_KNOTS('',3,(#7503,#7504,#7505,#7506,#7507,#7508,
#7509,#7510,#7511,#7512,#7513,#7514,#7515),.UNSPECIFIED.,.F.,.F.,(4,3,3,
3,4),(-0.202989706618708,-0.148083064048052,-0.119015392053703,-0.040528350964104,
0.),.UNSPECIFIED.);
#85=B_SPLINE_CURVE_WITH_KNOTS('',3,(#7517,#7518,#7519,#7520,#7521,#7522,
#7523,#7524,#7525,#7526,#7527,#7528,#7529,#7530,#7531,#7532,#7533,#7534,
#7535,#7536,#7537,#7538,#7539,#7540,#7541,#7542,#7543,#7544,#7545,#7546),
 .UNSPECIFIED.,.F.,.F.,(4,2,2,2,2,2,2,2,2,2,2,2,2,2,4),(-0.929685374209845,
-0.84170080711684,-0.744176833362838,-0.614535850177728,-0.499905348964039,
-0.415389345829213,-0.385013578723867,-0.370858947350069,-0.3608188452321,
-0.350721122134095,-0.335711042043091,-0.295172319472512,-0.184145695137758,
-0.0540340141368464,0.),.UNSPECIFIED.);
#86=B_SPLINE_CURVE_WITH_KNOTS('',3,(#7548,#7549,#7550,#7551,#7552,#7553,
#7554,#7555),.UNSPECIFIED.,.F.,.F.,(4,2,2,4),(-0.302066606894861,-0.235824986124812,
-0.150963549692261,0.),.UNSPECIFIED.);
#87=B_SPLINE_CURVE_WITH_KNOTS('',3,(#7556,#7557,#7558,#7559,#7560,#7561,
#7562,#7563,#7564,#7565,#7566,#7567,#7568,#7569,#7570,#7571,#7572,#7573,
#7574,#7575,#7576,#7577,#7578,#7579,#7580,#7581,#7582,#7583,#7584,#7585),
 .UNSPECIFIED.,.F.,.F.,(4,2,2,2,2,2,2,2,2,2,2,2,2,2,4),(-0.833318767094781,
-0.742766518405677,-0.64859442680744,-0.51945638790588,-0.416462080877717,
-0.36482404869486,-0.33224178788524,-0.315820960500067,-0.305008833477409,
-0.294836090542735,-0.281053725957905,-0.252593335731482,-0.135552517745708,
-0.0330298189192159,0.),.UNSPECIFIED.);
#88=B_SPLINE_CURVE_WITH_KNOTS('',3,(#7659,#7660,#7661,#7662,#7663,#7664,
#7665,#7666,#7667,#7668),.UNSPECIFIED.,.F.,.F.,(4,2,2,2,4),(0.,0.124384826638414,
0.248773884359357,0.373031709672327,0.393965383231768),.UNSPECIFIED.);
#89=B_SPLINE_CURVE_WITH_KNOTS('',3,(#7672,#7673,#7674,#7675,#7676,#7677,
#7678,#7679,#7680,#7681,#7682,#7683,#7684,#7685,#7686,#7687,#7688,#7689),
 .UNSPECIFIED.,.F.,.F.,(4,2,2,2,2,2,2,2,4),(0.,0.124384826638414,0.248773884359357,
0.373031709672327,0.496865401956717,0.628620336605537,0.752426374467848,
0.876218414235279,1.),.UNSPECIFIED.);
#90=B_SPLINE_CURVE_WITH_KNOTS('',3,(#7692,#7693,#7694,#7695,#7696,#7697,
#7698,#7699,#7700,#7701),.UNSPECIFIED.,.F.,.F.,(4,2,2,2,4),(0.624963473582079,
0.628620336605537,0.752426374467848,0.876218414235279,1.),.UNSPECIFIED.);
#91=B_SPLINE_CURVE_WITH_KNOTS('',3,(#7743,#7744,#7745,#7746,#7747,#7748,
#7749,#7750,#7751,#7752),.UNSPECIFIED.,.F.,.F.,(4,2,2,2,4),(0.,0.124384826638414,
0.248773884359357,0.373031709672327,0.376572651306052),.UNSPECIFIED.);
#92=B_SPLINE_CURVE_WITH_KNOTS('',3,(#7768,#7769,#7770,#7771,#7772,#7773,
#7774,#7775,#7776,#7777,#7778,#7779,#7780,#7781,#7782,#7783,#7784,#7785),
 .UNSPECIFIED.,.F.,.F.,(4,2,2,2,2,2,2,2,4),(0.,0.124384826638414,0.248773884359357,
0.373031709672327,0.496865401956717,0.628620336605537,0.752426374467848,
0.876218414235279,1.),.UNSPECIFIED.);
#93=B_SPLINE_CURVE_WITH_KNOTS('',3,(#7825,#7826,#7827,#7828,#7829,#7830,
#7831,#7832,#7833,#7834,#7835,#7836,#7837,#7838,#7839,#7840,#7841,#7842),
 .UNSPECIFIED.,.F.,.F.,(4,2,2,2,2,2,2,2,4),(0.,0.124384826638414,0.248773884359357,
0.373031709672327,0.496865401956717,0.628620336605537,0.752426374467848,
0.876218414235279,1.),.UNSPECIFIED.);
#94=B_SPLINE_CURVE_WITH_KNOTS('',3,(#7915,#7916,#7917,#7918,#7919,#7920,
#7921,#7922,#7923,#7924,#7925,#7926,#7927,#7928,#7929,#7930,#7931,#7932),
 .UNSPECIFIED.,.F.,.F.,(4,2,2,2,2,2,2,2,4),(0.,0.124384826638414,0.248773884359357,
0.373031709672327,0.496865401956717,0.628620336605537,0.752426374467848,
0.876218414235279,1.),.UNSPECIFIED.);
#95=B_SPLINE_CURVE_WITH_KNOTS('',3,(#8005,#8006,#8007,#8008,#8009,#8010,
#8011,#8012,#8013,#8014,#8015,#8016,#8017,#8018,#8019,#8020,#8021,#8022),
 .UNSPECIFIED.,.F.,.F.,(4,2,2,2,2,2,2,2,4),(0.,0.124384826638414,0.248773884359357,
0.373031709672327,0.496865401956717,0.628620336605537,0.752426374467848,
0.876218414235279,1.),.UNSPECIFIED.);
#96=B_SPLINE_CURVE_WITH_KNOTS('',3,(#8095,#8096,#8097,#8098,#8099,#8100,
#8101,#8102,#8103,#8104,#8105,#8106,#8107,#8108,#8109,#8110,#8111,#8112),
 .UNSPECIFIED.,.F.,.F.,(4,2,2,2,2,2,2,2,4),(0.,0.124384826638414,0.248773884359357,
0.373031709672327,0.496865401956717,0.628620336605537,0.752426374467848,
0.876218414235279,1.),.UNSPECIFIED.);
#97=B_SPLINE_CURVE_WITH_KNOTS('',3,(#8186,#8187,#8188,#8189,#8190,#8191,
#8192,#8193),.UNSPECIFIED.,.F.,.F.,(4,2,2,4),(0.584953968452626,0.628620336605537,
0.752426374467848,0.876218414235279),.UNSPECIFIED.);
#98=B_SPLINE_CURVE_WITH_KNOTS('',3,(#8194,#8195,#8196,#8197),
 .UNSPECIFIED.,.F.,.F.,(4,4),(0.876218414235279,1.),.UNSPECIFIED.);
#99=B_SPLINE_CURVE_WITH_KNOTS('',3,(#8311,#8312,#8313,#8314,#8315,#8316),
 .UNSPECIFIED.,.F.,.F.,(4,2,4),(0.,0.124384826638414,0.141306715811876),
 .UNSPECIFIED.);
#100=B_SPLINE_CURVE_WITH_KNOTS('',3,(#8317,#8318,#8319,#8320,#8321,#8322,
#8323,#8324,#8325,#8326,#8327,#8328,#8329,#8330,#8331,#8332),
 .UNSPECIFIED.,.F.,.F.,(4,2,2,2,2,2,2,4),(0.141306715811876,0.248773884359357,
0.373031709672327,0.496865401956717,0.628620336605537,0.752426374467848,
0.876218414235279,1.),.UNSPECIFIED.);
#101=B_SPLINE_CURVE_WITH_KNOTS('',3,(#8397,#8398,#8399,#8400,#8401,#8402,
#8403,#8404,#8405,#8406,#8407,#8408,#8409,#8410,#8411,#8412,#8413,#8414),
 .UNSPECIFIED.,.F.,.F.,(4,2,2,2,2,2,2,2,4),(0.,0.124384826638414,0.248773884359357,
0.373031709672327,0.496865401956717,0.628620336605537,0.752426374467848,
0.876218414235279,1.),.UNSPECIFIED.);
#102=B_SPLINE_CURVE_WITH_KNOTS('',3,(#8493,#8494,#8495,#8496,#8497,#8498,
#8499,#8500,#8501,#8502,#8503,#8504,#8505,#8506,#8507,#8508,#8509,#8510,
#8511,#8512,#8513,#8514,#8515,#8516,#8517,#8518,#8519,#8520,#8521,#8522,
#8523,#8524,#8525,#8526,#8527,#8528,#8529,#8530,#8531,#8532,#8533,#8534,
#8535,#8536,#8537,#8538,#8539,#8540,#8541,#8542,#8543,#8544,#8545,#8546,
#8547,#8548,#8549,#8550,#8551,#8552,#8553),.UNSPECIFIED.,.F.,.F.,(4,3,3,
3,3,3,3,3,3,3,3,3,3,3,3,3,3,3,3,3,4),(-1.13584671000795,-1.03475060146384,
-0.937882198110214,-0.927836523268223,-0.826848767599152,-0.813980549240549,
-0.740155105894055,-0.717512234311219,-0.642206742793463,-0.605586062002623,
-0.585116281263839,-0.576328780154562,-0.567814422003337,-0.547288624676843,
-0.511591872119045,-0.397330694747152,-0.384917915621547,-0.274875479958793,
-0.257859675350122,-0.0963085052238694,0.),.UNSPECIFIED.);
#103=B_SPLINE_CURVE_WITH_KNOTS('',3,(#8554,#8555,#8556,#8557,#8558,#8559,
#8560,#8561,#8562,#8563,#8564,#8565,#8566,#8567,#8568,#8569,#8570,#8571,
#8572,#8573,#8574,#8575,#8576,#8577,#8578,#8579,#8580,#8581,#8582,#8583),
 .UNSPECIFIED.,.F.,.F.,(4,2,2,2,2,2,2,2,2,2,2,2,2,2,4),(-1.13404246777383,
-1.0340513021804,-0.927957219553156,-0.81339600940503,-0.716470983903385,
-0.641196650138051,-0.604598803904564,-0.584135349268365,-0.56684057034431,
-0.546329600224319,-0.510643074663339,-0.383772845597676,-0.257260937930824,
-0.0959844059564685,0.),.UNSPECIFIED.);
#104=B_SPLINE_CURVE_WITH_KNOTS('',3,(#8657,#8658,#8659,#8660,#8661,#8662,
#8663,#8664,#8665,#8666),.UNSPECIFIED.,.F.,.F.,(4,2,2,2,4),(0.,0.124695447075366,
0.249414603224487,0.374203446945905,0.377769477459318),.UNSPECIFIED.);
#105=B_SPLINE_CURVE_WITH_KNOTS('',3,(#8670,#8671,#8672,#8673,#8674,#8675,
#8676,#8677,#8678,#8679,#8680,#8681,#8682,#8683,#8684,#8685,#8686,#8687),
 .UNSPECIFIED.,.F.,.F.,(4,2,2,2,2,2,2,2,4),(0.,0.124695447075366,0.249414603224487,
0.374203446945905,0.499035971198208,0.623928996891868,0.749179534334123,
0.874577727088588,1.),.UNSPECIFIED.);
#106=B_SPLINE_CURVE_WITH_KNOTS('',3,(#8690,#8691,#8692,#8693,#8694,#8695,
#8696,#8697,#8698,#8699),.UNSPECIFIED.,.F.,.F.,(4,2,2,2,4),(0.620355795538792,
0.623928996891868,0.749179534334123,0.874577727088588,1.),.UNSPECIFIED.);
#107=B_SPLINE_CURVE_WITH_KNOTS('',3,(#8714,#8715,#8716,#8717,#8718,#8719,
#8720,#8721,#8722,#8723,#8724,#8725,#8726,#8727,#8728,#8729,#8730,#8731),
 .UNSPECIFIED.,.F.,.F.,(4,2,2,2,2,2,2,2,4),(0.,0.124695447075366,0.249414603224487,
0.374203446945905,0.499035971198208,0.623928996891868,0.749179534334123,
0.874577727088588,1.),.UNSPECIFIED.);
#108=B_SPLINE_CURVE_WITH_KNOTS('',3,(#8769,#8770,#8771,#8772,#8773,#8774,
#8775,#8776,#8777,#8778,#8779,#8780,#8781,#8782,#8783,#8784,#8785,#8786),
 .UNSPECIFIED.,.F.,.F.,(4,2,2,2,2,2,2,2,4),(0.,0.124695447075366,0.249414603224487,
0.374203446945905,0.499035971198208,0.623928996891868,0.749179534334123,
0.874577727088588,1.),.UNSPECIFIED.);
#109=B_SPLINE_CURVE_WITH_KNOTS('',3,(#8859,#8860,#8861,#8862,#8863,#8864,
#8865,#8866,#8867,#8868,#8869,#8870,#8871,#8872,#8873,#8874,#8875,#8876),
 .UNSPECIFIED.,.F.,.F.,(4,2,2,2,2,2,2,2,4),(0.,0.124695447075366,0.249414603224487,
0.374203446945905,0.499035971198208,0.623928996891868,0.749179534334123,
0.874577727088588,1.),.UNSPECIFIED.);
#110=B_SPLINE_CURVE_WITH_KNOTS('',3,(#8941,#8942,#8943,#8944,#8945,#8946,
#8947,#8948,#8949,#8950,#8951,#8952,#8953,#8954,#8955,#8956,#8957,#8958),
 .UNSPECIFIED.,.F.,.F.,(4,2,2,2,2,2,2,2,4),(0.,0.124695447075366,0.249414603224487,
0.374203446945905,0.499035971198208,0.623928996891868,0.749179534334123,
0.874577727088588,1.),.UNSPECIFIED.);
#111=B_SPLINE_CURVE_WITH_KNOTS('',3,(#9031,#9032,#9033,#9034,#9035,#9036,
#9037,#9038,#9039,#9040,#9041,#9042,#9043,#9044,#9045,#9046,#9047,#9048),
 .UNSPECIFIED.,.F.,.F.,(4,2,2,2,2,2,2,2,4),(0.,0.124695447075366,0.249414603224487,
0.374203446945905,0.499035971198208,0.623928996891868,0.749179534334123,
0.874577727088588,1.),.UNSPECIFIED.);
#112=B_SPLINE_CURVE_WITH_KNOTS('',3,(#9194,#9195,#9196,#9197,#9198,#9199,
#9200,#9201),.UNSPECIFIED.,.F.,.F.,(4,2,2,4),(0.,0.124695447075366,0.249414603224487,
0.374203446945905),.UNSPECIFIED.);
#113=B_SPLINE_CURVE_WITH_KNOTS('',3,(#9202,#9203,#9204,#9205,#9206,#9207,
#9208,#9209,#9210,#9211,#9212,#9213),.UNSPECIFIED.,.F.,.F.,(4,2,2,2,2,4),
(0.374203446945905,0.499035971198208,0.623928996891868,0.749179534334123,
0.874577727088588,1.),.UNSPECIFIED.);
#114=B_SPLINE_CURVE_WITH_KNOTS('',3,(#9286,#9287,#9288,#9289,#9290,#9291,
#9292,#9293,#9294,#9295,#9296,#9297,#9298,#9299,#9300,#9301,#9302,#9303),
 .UNSPECIFIED.,.F.,.F.,(4,2,2,2,2,2,2,2,4),(0.,0.124695447075366,0.249414603224487,
0.374203446945905,0.499035971198208,0.623928996891868,0.749179534334123,
0.874577727088588,1.),.UNSPECIFIED.);
#115=B_SPLINE_CURVE_WITH_KNOTS('',3,(#9585,#9586,#9587,#9588,#9589,#9590,
#9591,#9592,#9593,#9594,#9595,#9596,#9597,#9598,#9599,#9600,#9601,#9602,
#9603,#9604,#9605,#9606,#9607,#9608,#9609,#9610,#9611,#9612,#9613,#9614),
 .UNSPECIFIED.,.F.,.F.,(4,2,2,2,2,2,2,2,2,2,2,2,2,2,4),(-1.07778227520346,
-0.966135173320559,-0.846938936478165,-0.747429291946686,-0.683657123075153,
-0.645753944477238,-0.607851254348546,-0.571929256434673,-0.508944564598688,
-0.472455715620324,-0.430087613022529,-0.325025438380303,-0.215819959900427,
-0.0801367691387846,-0.00434891655291085),.UNSPECIFIED.);
#116=B_SPLINE_CURVE_WITH_KNOTS('',3,(#9616,#9617,#9618,#9619,#9620,#9621,
#9622,#9623,#9624,#9625,#9626,#9627,#9628),.UNSPECIFIED.,.F.,.F.,(4,3,3,
3,4),(-0.0866788153738933,-0.0644863210963692,-0.0430989417240051,-0.0147717184899912,
0.),.UNSPECIFIED.);
#117=B_SPLINE_CURVE_WITH_KNOTS('',3,(#9630,#9631,#9632,#9633,#9634,#9635,
#9636,#9637,#9638,#9639,#9640,#9641,#9642,#9643,#9644,#9645,#9646,#9647,
#9648,#9649,#9650,#9651,#9652,#9653,#9654),.UNSPECIFIED.,.F.,.F.,(4,3,3,
3,3,3,3,3,4),(-0.0955008673100665,-0.0881496048993458,-0.0800546577651577,
-0.0705125648403185,-0.0595855857641578,-0.0501315386361261,-0.025065769318063,
-0.0115661737901674,0.),.UNSPECIFIED.);
#118=B_SPLINE_CURVE_WITH_KNOTS('',3,(#9656,#9657,#9658,#9659,#9660,#9661,
#9662,#9663,#9664,#9665,#9666,#9667,#9668),.UNSPECIFIED.,.F.,.F.,(4,3,3,
3,4),(-0.0694361365424572,-0.0465731139491217,-0.0341043863814972,-0.0110738244626409,
0.),.UNSPECIFIED.);
#119=B_SPLINE_CURVE_WITH_KNOTS('',3,(#9670,#9671,#9672,#9673,#9674,#9675,
#9676,#9677,#9678,#9679,#9680,#9681,#9682,#9683,#9684,#9685,#9686,#9687,
#9688,#9689,#9690,#9691,#9692,#9693,#9694,#9695),.UNSPECIFIED.,.F.,.F.,
(4,2,2,2,2,2,2,2,2,2,2,2,4),(-0.491568632869635,-0.369400168120907,-0.318722588167227,
-0.292717957251965,-0.284004708420915,-0.27693074307452,-0.272141031072801,
-0.267510454968955,-0.260996843246827,-0.24637271424765,-0.119689072856689,
-0.0151885499027614,0.),.UNSPECIFIED.);
#120=B_SPLINE_CURVE_WITH_KNOTS('',3,(#9697,#9698,#9699,#9700,#9701,#9702,
#9703,#9704),.UNSPECIFIED.,.F.,.F.,(4,2,2,4),(-0.161819749552729,-0.0960629486800486,
-0.0207195571205766,0.),.UNSPECIFIED.);
#121=B_SPLINE_CURVE_WITH_KNOTS('',3,(#9706,#9707,#9708,#9709,#9710,#9711),
 .UNSPECIFIED.,.F.,.F.,(4,2,4),(-0.0968351112511135,-0.0198592279902392,
0.),.UNSPECIFIED.);
#122=B_SPLINE_CURVE_WITH_KNOTS('',3,(#9713,#9714,#9715,#9716,#9717,#9718,
#9719,#9720,#9721,#9722),.UNSPECIFIED.,.F.,.F.,(4,3,3,4),(-0.0867298528302914,
-0.0415337809084617,-0.0196443055542402,0.),.UNSPECIFIED.);
#123=B_SPLINE_CURVE_WITH_KNOTS('',3,(#9723,#9724,#9725,#9726),
 .UNSPECIFIED.,.F.,.F.,(4,4),(-0.00434891655291085,0.),.UNSPECIFIED.);
#124=B_SPLINE_CURVE_WITH_KNOTS('',3,(#9800,#9801,#9802,#9803,#9804,#9805,
#9806,#9807),.UNSPECIFIED.,.F.,.F.,(4,2,2,4),(0.13000553782933,0.250657802375738,
0.382824664836144,0.386447839679924),.UNSPECIFIED.);
#125=B_SPLINE_CURVE_WITH_KNOTS('',3,(#9809,#9810,#9811,#9812),
 .UNSPECIFIED.,.F.,.F.,(4,4),(0.,0.13000553782933),.UNSPECIFIED.);
#126=B_SPLINE_CURVE_WITH_KNOTS('',3,(#9816,#9817,#9818,#9819,#9820,#9821,
#9822,#9823,#9824,#9825,#9826,#9827,#9828,#9829,#9830,#9831,#9832,#9833),
 .UNSPECIFIED.,.F.,.F.,(4,2,2,2,2,2,2,2,4),(0.,0.13000553782933,0.250657802375738,
0.382824664836144,0.504889316789216,0.625182540514944,0.752893168680865,
0.880069070474987,1.),.UNSPECIFIED.);
#127=B_SPLINE_CURVE_WITH_KNOTS('',3,(#9836,#9837,#9838,#9839,#9840,#9841,
#9842,#9843,#9844,#9845),.UNSPECIFIED.,.F.,.F.,(4,2,2,2,4),(0.621652623466562,
0.625182540514944,0.752893168680865,0.880069070474987,1.),.UNSPECIFIED.);
#128=B_SPLINE_CURVE_WITH_KNOTS('',3,(#9887,#9888,#9889,#9890,#9891,#9892,
#9893,#9894,#9895,#9896),.UNSPECIFIED.,.F.,.F.,(4,2,2,2,4),(0.,0.13000553782933,
0.250657802375738,0.382824664836144,0.390773792327096),.UNSPECIFIED.);
#129=B_SPLINE_CURVE_WITH_KNOTS('',3,(#9939,#9940,#9941,#9942,#9943,#9944,
#9945,#9946,#9947,#9948),.UNSPECIFIED.,.F.,.F.,(4,2,2,2,4),(0.,0.13000553782933,
0.250657802375738,0.382824664836144,0.404446250566685),.UNSPECIFIED.);
#130=B_SPLINE_CURVE_WITH_KNOTS('',3,(#9991,#9992,#9993,#9994,#9995,#9996,
#9997,#9998,#9999,#10000),.UNSPECIFIED.,.F.,.F.,(4,2,2,2,4),(0.,0.13000553782933,
0.250657802375738,0.382824664836144,0.444194110564594),.UNSPECIFIED.);
#131=B_SPLINE_CURVE_WITH_KNOTS('',3,(#10016,#10017,#10018,#10019,#10020,
#10021,#10022,#10023,#10024,#10025,#10026,#10027,#10028,#10029,#10030,#10031,
#10032,#10033),.UNSPECIFIED.,.F.,.F.,(4,2,2,2,2,2,2,2,4),(0.,0.13000553782933,
0.250657802375738,0.382824664836144,0.504889316789216,0.625182540514944,
0.752893168680865,0.880069070474987,1.),.UNSPECIFIED.);
#132=B_SPLINE_CURVE_WITH_KNOTS('',3,(#10081,#10082,#10083,#10084,#10085,
#10086,#10087,#10088,#10089,#10090,#10091,#10092,#10093,#10094,#10095,#10096,
#10097,#10098),.UNSPECIFIED.,.F.,.F.,(4,2,2,2,2,2,2,2,4),(0.,0.13000553782933,
0.250657802375738,0.382824664836144,0.504889316789216,0.625182540514944,
0.752893168680865,0.880069070474987,1.),.UNSPECIFIED.);
#133=B_SPLINE_CURVE_WITH_KNOTS('',3,(#10171,#10172,#10173,#10174,#10175,
#10176,#10177,#10178,#10179,#10180,#10181,#10182,#10183,#10184,#10185,#10186,
#10187,#10188),.UNSPECIFIED.,.F.,.F.,(4,2,2,2,2,2,2,2,4),(0.,0.13000553782933,
0.250657802375738,0.382824664836144,0.504889316789216,0.625182540514944,
0.752893168680865,0.880069070474987,1.),.UNSPECIFIED.);
#134=B_SPLINE_CURVE_WITH_KNOTS('',3,(#10261,#10262,#10263,#10264,#10265,
#10266,#10267,#10268,#10269,#10270,#10271,#10272,#10273,#10274,#10275,#10276,
#10277,#10278),.UNSPECIFIED.,.F.,.F.,(4,2,2,2,2,2,2,2,4),(0.,0.13000553782933,
0.250657802375738,0.382824664836144,0.504889316789216,0.625182540514944,
0.752893168680865,0.880069070474987,1.),.UNSPECIFIED.);
#135=B_SPLINE_CURVE_WITH_KNOTS('',3,(#10351,#10352,#10353,#10354,#10355,
#10356,#10357,#10358,#10359,#10360,#10361,#10362,#10363,#10364,#10365,#10366,
#10367,#10368),.UNSPECIFIED.,.F.,.F.,(4,2,2,2,2,2,2,2,4),(0.,0.13000553782933,
0.250657802375738,0.382824664836144,0.504889316789216,0.625182540514944,
0.752893168680865,0.880069070474987,1.),.UNSPECIFIED.);
#136=B_SPLINE_CURVE_WITH_KNOTS('',3,(#10441,#10442,#10443,#10444,#10445,
#10446,#10447,#10448,#10449,#10450,#10451,#10452,#10453,#10454,#10455,#10456,
#10457,#10458),.UNSPECIFIED.,.F.,.F.,(4,2,2,2,2,2,2,2,4),(0.,0.13000553782933,
0.250657802375738,0.382824664836144,0.504889316789216,0.625182540514944,
0.752893168680865,0.880069070474987,1.),.UNSPECIFIED.);
#137=B_SPLINE_CURVE_WITH_KNOTS('',3,(#10531,#10532,#10533,#10534,#10535,
#10536,#10537,#10538,#10539,#10540),.UNSPECIFIED.,.F.,.F.,(4,2,2,2,4),(0.591094889017474,
0.625182540514944,0.752893168680865,0.880069070474987,1.),.UNSPECIFIED.);
#138=B_SPLINE_CURVE_WITH_KNOTS('',3,(#10581,#10582,#10583,#10584,#10585,
#10586,#10587,#10588,#10589,#10590),.UNSPECIFIED.,.F.,.F.,(4,2,2,2,4),(0.605175802019208,
0.625182540514944,0.752893168680865,0.880069070474987,1.),.UNSPECIFIED.);
#139=B_SPLINE_CURVE_WITH_KNOTS('',3,(#10631,#10632,#10633,#10634,#10635,
#10636,#10637,#10638,#10639,#10640),.UNSPECIFIED.,.F.,.F.,(4,2,2,2,4),(0.617823491547013,
0.625182540514944,0.752893168680865,0.880069070474987,1.),.UNSPECIFIED.);
#140=B_SPLINE_CURVE_WITH_KNOTS('',3,(#10754,#10755,#10756,#10757,#10758,
#10759,#10760,#10761,#10762,#10763,#10764,#10765),.UNSPECIFIED.,.F.,.F.,
(4,2,2,2,2,4),(0.,0.13000553782933,0.250657802375738,0.382824664836144,
0.504889316789216,0.625182540514944),.UNSPECIFIED.);
#141=B_SPLINE_CURVE_WITH_KNOTS('',3,(#10766,#10767,#10768,#10769,#10770,
#10771,#10772,#10773),.UNSPECIFIED.,.F.,.F.,(4,2,2,4),(0.625182540514944,
0.752893168680865,0.880069070474987,1.),.UNSPECIFIED.);
#142=B_SPLINE_CURVE_WITH_KNOTS('',3,(#10846,#10847,#10848,#10849,#10850,
#10851,#10852,#10853,#10854,#10855,#10856,#10857,#10858,#10859,#10860,#10861,
#10862,#10863),.UNSPECIFIED.,.F.,.F.,(4,2,2,2,2,2,2,2,4),(0.,0.13000553782933,
0.250657802375738,0.382824664836144,0.504889316789216,0.625182540514944,
0.752893168680865,0.880069070474987,1.),.UNSPECIFIED.);
#143=B_SPLINE_CURVE_WITH_KNOTS('',3,(#10942,#10943,#10944,#10945,#10946,
#10947,#10948,#10949,#10950,#10951,#10952,#10953),.UNSPECIFIED.,.F.,.F.,
(4,2,2,2,2,4),(-0.562469626513889,-0.454253994621248,-0.371356560624761,
-0.257589973422673,-0.132909349973271,0.),.UNSPECIFIED.);
#144=B_SPLINE_CURVE_WITH_KNOTS('',3,(#10955,#10956,#10957,#10958,#10959,
#10960,#10961,#10962,#10963,#10964,#10965,#10966,#10967,#10968,#10969,#10970,
#10971,#10972,#10973,#10974,#10975,#10976),.UNSPECIFIED.,.F.,.F.,(4,3,3,
3,3,3,3,4),(-0.0974480727940298,-0.0814686427909822,-0.0673073222853234,
-0.0552920504591955,-0.046969919785739,-0.0387046558927393,-0.0269688785255324,
0.),.UNSPECIFIED.);
#145=B_SPLINE_CURVE_WITH_KNOTS('',3,(#10978,#10979,#10980,#10981,#10982,
#10983,#10984,#10985,#10986,#10987,#10988,#10989),.UNSPECIFIED.,.F.,.F.,
(4,2,2,2,2,4),(-0.418172669528414,-0.342814990117994,-0.267618114547818,
-0.147475873067245,-0.0460126325552609,0.),.UNSPECIFIED.);
#146=B_SPLINE_CURVE_WITH_KNOTS('',3,(#10990,#10991,#10992,#10993,#10994,
#10995,#10996,#10997,#10998,#10999,#11000,#11001,#11002,#11003,#11004,#11005,
#11006,#11007,#11008,#11009,#11010,#11011,#11012,#11013,#11014,#11015,#11016,
#11017,#11018,#11019,#11020,#11021),.UNSPECIFIED.,.F.,.F.,(4,2,2,2,2,2,
2,2,2,2,2,2,2,2,2,4),(-1.07142673816926,-0.986017332523227,-0.891619753814072,
-0.773154970415529,-0.663791623402618,-0.601816007869197,-0.564346752048984,
-0.54579536462755,-0.533709707753484,-0.524417913762322,-0.510946883446487,
-0.479472282499009,-0.350814357551297,-0.218266400396108,-0.0852057912575172,
0.),.UNSPECIFIED.);
#147=B_SPLINE_CURVE_WITH_KNOTS('',3,(#11095,#11096,#11097,#11098,#11099,
#11100,#11101,#11102,#11103,#11104,#11105,#11106),.UNSPECIFIED.,.F.,.F.,
(4,2,2,2,2,4),(0.,0.115343824233092,0.234708063055553,0.355851061571765,
0.476687170480026,0.485315700025118),.UNSPECIFIED.);
#148=B_SPLINE_CURVE_WITH_KNOTS('',3,(#11110,#11111,#11112,#11113,#11114,
#11115,#11116,#11117,#11118,#11119,#11120,#11121,#11122,#11123,#11124,#11125,
#11126,#11127),.UNSPECIFIED.,.F.,.F.,(4,2,2,2,2,2,2,2,4),(0.,0.115343824233092,
0.234708063055553,0.355851061571765,0.476687170480026,0.592396261768436,
0.757077971699895,0.873098559753943,1.),.UNSPECIFIED.);
#149=B_SPLINE_CURVE_WITH_KNOTS('',3,(#11130,#11131,#11132,#11133,#11134,
#11135,#11136,#11137,#11138,#11139),.UNSPECIFIED.,.F.,.F.,(4,2,2,2,4),(0.515630391688219,
0.592396261768436,0.757077971699895,0.873098559753943,1.),.UNSPECIFIED.);
#150=B_SPLINE_CURVE_WITH_KNOTS('',3,(#11189,#11190,#11191,#11192,#11193,
#11194,#11195,#11196,#11197,#11198),.UNSPECIFIED.,.F.,.F.,(4,2,2,2,4),(0.,
0.115343824233092,0.234708063055553,0.355851061571765,0.35930982716177),
 .UNSPECIFIED.);
#151=B_SPLINE_CURVE_WITH_KNOTS('',3,(#11214,#11215,#11216,#11217,#11218,
#11219,#11220,#11221,#11222,#11223,#11224,#11225,#11226,#11227,#11228,#11229,
#11230,#11231),.UNSPECIFIED.,.F.,.F.,(4,2,2,2,2,2,2,2,4),(0.,0.115343824233092,
0.234708063055553,0.355851061571765,0.476687170480026,0.592396261768436,
0.757077971699895,0.873098559753943,1.),.UNSPECIFIED.);
#152=B_SPLINE_CURVE_WITH_KNOTS('',3,(#11275,#11276,#11277,#11278,#11279,
#11280,#11281,#11282,#11283,#11284,#11285,#11286,#11287,#11288,#11289,#11290,
#11291,#11292),.UNSPECIFIED.,.F.,.F.,(4,2,2,2,2,2,2,2,4),(0.,0.115343824233092,
0.234708063055553,0.355851061571765,0.476687170480026,0.592396261768436,
0.757077971699895,0.873098559753943,1.),.UNSPECIFIED.);
#153=B_SPLINE_CURVE_WITH_KNOTS('',3,(#11365,#11366,#11367,#11368,#11369,
#11370,#11371,#11372,#11373,#11374,#11375,#11376,#11377,#11378,#11379,#11380,
#11381,#11382),.UNSPECIFIED.,.F.,.F.,(4,2,2,2,2,2,2,2,4),(0.,0.115343824233092,
0.234708063055553,0.355851061571765,0.476687170480026,0.592396261768436,
0.757077971699895,0.873098559753943,1.),.UNSPECIFIED.);
#154=B_SPLINE_CURVE_WITH_KNOTS('',3,(#11456,#11457,#11458,#11459,#11460,
#11461,#11462,#11463),.UNSPECIFIED.,.F.,.F.,(4,2,2,4),(0.,0.115343824233092,
0.234708063055553,0.355851061571765),.UNSPECIFIED.);
#155=B_SPLINE_CURVE_WITH_KNOTS('',3,(#11464,#11465,#11466,#11467,#11468,
#11469,#11470,#11471,#11472,#11473,#11474,#11475),.UNSPECIFIED.,.F.,.F.,
(4,2,2,2,2,4),(0.355851061571765,0.476687170480026,0.592396261768436,0.757077971699895,
0.873098559753943,1.),.UNSPECIFIED.);
#156=B_SPLINE_CURVE_WITH_KNOTS('',3,(#11548,#11549,#11550,#11551,#11552,
#11553,#11554,#11555,#11556,#11557,#11558,#11559,#11560,#11561,#11562,#11563,
#11564,#11565),.UNSPECIFIED.,.F.,.F.,(4,2,2,2,2,2,2,2,4),(0.,0.115343824233092,
0.234708063055553,0.355851061571765,0.476687170480026,0.592396261768436,
0.757077971699895,0.873098559753943,1.),.UNSPECIFIED.);
#157=B_SPLINE_CURVE_WITH_KNOTS('',3,(#11638,#11639,#11640,#11641,#11642,
#11643,#11644,#11645,#11646,#11647,#11648,#11649,#11650,#11651,#11652,#11653,
#11654,#11655),.UNSPECIFIED.,.F.,.F.,(4,2,2,2,2,2,2,2,4),(0.,0.115343824233092,
0.234708063055553,0.355851061571765,0.476687170480026,0.592396261768436,
0.757077971699895,0.873098559753943,1.),.UNSPECIFIED.);
#158=B_SPLINE_CURVE_WITH_KNOTS('',3,(#11729,#11730,#11731,#11732,#11733,
#11734),.UNSPECIFIED.,.F.,.F.,(4,2,4),(0.,0.115343824233092,0.234708063055553),
 .UNSPECIFIED.);
#159=B_SPLINE_CURVE_WITH_KNOTS('',3,(#11736,#11737,#11738,#11739,#11740,
#11741,#11742,#11743,#11744,#11745),.UNSPECIFIED.,.F.,.F.,(4,2,2,2,4),(0.234708063055553,
0.355851061571765,0.476687170480026,0.592396261768436,0.757077971699895),
 .UNSPECIFIED.);
#160=B_SPLINE_CURVE_WITH_KNOTS('',3,(#11746,#11747,#11748,#11749,#11750,
#11751),.UNSPECIFIED.,.F.,.F.,(4,2,4),(0.757077971699895,0.873098559753943,
1.),.UNSPECIFIED.);
#161=B_SPLINE_CURVE_WITH_KNOTS('',3,(#11824,#11825,#11826,#11827,#11828,
#11829,#11830,#11831,#11832,#11833),.UNSPECIFIED.,.F.,.F.,(4,2,2,2,4),(0.588658603826304,
0.592396261768436,0.757077971699895,0.873098559753943,1.),.UNSPECIFIED.);
#162=B_SPLINE_CURVE_WITH_KNOTS('',3,(#11946,#11947,#11948,#11949,#11950,
#11951,#11952,#11953,#11954,#11955,#11956,#11957,#11958,#11959,#11960,#11961,
#11962,#11963),.UNSPECIFIED.,.F.,.F.,(4,2,2,2,2,2,2,2,4),(0.,0.115343824233092,
0.234708063055553,0.355851061571765,0.476687170480026,0.592396261768436,
0.757077971699895,0.873098559753943,1.),.UNSPECIFIED.);
#163=SHAPE_REPRESENTATION_RELATIONSHIP('SRR','None',#12142,#167);
#164=SHAPE_REPRESENTATION_RELATIONSHIP('SRR','None',#12143,#168);
#165=SHAPE_REPRESENTATION_RELATIONSHIP('SRR','None',#12144,#169);
#166=SHAPE_REPRESENTATION_RELATIONSHIP('SRR','None',#12145,#170);
#167=ADVANCED_BREP_SHAPE_REPRESENTATION('',(#175),#12106);
#168=ADVANCED_BREP_SHAPE_REPRESENTATION('',(#176),#12107);
#169=ADVANCED_BREP_SHAPE_REPRESENTATION('',(#177),#12108);
#170=ADVANCED_BREP_SHAPE_REPRESENTATION('',(#178),#12109);
#171=STYLED_ITEM('',(#12186),#175);
#172=STYLED_ITEM('',(#12186),#176);
#173=STYLED_ITEM('',(#12187),#177);
#174=STYLED_ITEM('',(#12187),#178);
#175=MANIFOLD_SOLID_BREP('V7_side_left',#4991);
#176=MANIFOLD_SOLID_BREP('V7_side_right',#4992);
#177=MANIFOLD_SOLID_BREP('V7_crossbar_upper',#4993);
#178=MANIFOLD_SOLID_BREP('V7_crossbar_lower',#4994);
#179=CYLINDRICAL_SURFACE('',#5096,0.27);
#180=CYLINDRICAL_SURFACE('',#5098,0.27);
#181=CYLINDRICAL_SURFACE('',#5100,0.27);
#182=CYLINDRICAL_SURFACE('',#5102,0.27);
#183=CYLINDRICAL_SURFACE('',#5104,0.225);
#184=CYLINDRICAL_SURFACE('',#5108,0.149999999999999);
#185=CYLINDRICAL_SURFACE('',#5112,0.150000000000006);
#186=CYLINDRICAL_SURFACE('',#5115,0.149999999999998);
#187=CYLINDRICAL_SURFACE('',#5119,0.149999999999995);
#188=CYLINDRICAL_SURFACE('',#5123,0.225000000000001);
#189=CYLINDRICAL_SURFACE('',#5127,0.150000000000003);
#190=CYLINDRICAL_SURFACE('',#5131,0.150000000000006);
#191=CYLINDRICAL_SURFACE('',#5134,0.149999999999997);
#192=CYLINDRICAL_SURFACE('',#5138,0.149999999999993);
#193=CYLINDRICAL_SURFACE('',#5144,0.0412318168533048);
#194=CYLINDRICAL_SURFACE('',#5147,0.600000000000001);
#195=CYLINDRICAL_SURFACE('',#5149,0.0267839366411966);
#196=CYLINDRICAL_SURFACE('',#5152,0.0801813385932632);
#197=CYLINDRICAL_SURFACE('',#5155,0.599999999999998);
#198=CYLINDRICAL_SURFACE('',#5158,0.6);
#199=CYLINDRICAL_SURFACE('',#5161,0.0079031838722301);
#200=CYLINDRICAL_SURFACE('',#5164,0.300000000000018);
#201=CYLINDRICAL_SURFACE('',#5167,0.299999999999995);
#202=CYLINDRICAL_SURFACE('',#5170,0.300000000000002);
#203=CYLINDRICAL_SURFACE('',#5173,0.300000000000004);
#204=CYLINDRICAL_SURFACE('',#5176,0.299999999999826);
#205=CYLINDRICAL_SURFACE('',#5179,0.299999999999752);
#206=CYLINDRICAL_SURFACE('',#5183,0.27);
#207=CYLINDRICAL_SURFACE('',#5186,0.27);
#208=CYLINDRICAL_SURFACE('',#5189,0.27);
#209=CYLINDRICAL_SURFACE('',#5192,0.27);
#210=CYLINDRICAL_SURFACE('',#5195,0.225);
#211=CYLINDRICAL_SURFACE('',#5199,0.150000000000001);
#212=CYLINDRICAL_SURFACE('',#5203,0.149999999999998);
#213=CYLINDRICAL_SURFACE('',#5206,0.150000000000006);
#214=CYLINDRICAL_SURFACE('',#5212,0.149999999999996);
#215=CYLINDRICAL_SURFACE('',#5215,0.225000000000001);
#216=CYLINDRICAL_SURFACE('',#5218,0.14999999999999);
#217=CYLINDRICAL_SURFACE('',#5222,0.150000000000007);
#218=CYLINDRICAL_SURFACE('',#5227,0.15);
#219=CYLINDRICAL_SURFACE('',#5231,0.150000000000005);
#220=CYLINDRICAL_SURFACE('',#5249,0.0412318168533048);
#221=CYLINDRICAL_SURFACE('',#5252,0.0267839366411963);
#222=CYLINDRICAL_SURFACE('',#5256,0.6);
#223=CYLINDRICAL_SURFACE('',#5259,0.0801813385932633);
#224=CYLINDRICAL_SURFACE('',#5262,0.0079031838722301);
#225=CYLINDRICAL_SURFACE('',#5265,0.6);
#226=CYLINDRICAL_SURFACE('',#5268,0.599999999999997);
#227=CYLINDRICAL_SURFACE('',#5271,0.300000000000019);
#228=CYLINDRICAL_SURFACE('',#5274,0.299999999999752);
#229=CYLINDRICAL_SURFACE('',#5277,0.299999999999827);
#230=CYLINDRICAL_SURFACE('',#5280,0.300000000000004);
#231=CYLINDRICAL_SURFACE('',#5283,0.300000000000002);
#232=CYLINDRICAL_SURFACE('',#5286,0.299999999999997);
#233=CYLINDRICAL_SURFACE('',#5305,0.27);
#234=CYLINDRICAL_SURFACE('',#5307,0.27);
#235=CYLINDRICAL_SURFACE('',#5310,0.27);
#236=CYLINDRICAL_SURFACE('',#5313,0.27);
#237=CYLINDRICAL_SURFACE('',#5329,0.27);
#238=CYLINDRICAL_SURFACE('',#5331,0.27);
#239=CYLINDRICAL_SURFACE('',#5333,0.27);
#240=CYLINDRICAL_SURFACE('',#5336,0.27);
#241=CYLINDRICAL_SURFACE('',#5339,0.34);
#242=CYLINDRICAL_SURFACE('',#5341,0.8);
#243=CYLINDRICAL_SURFACE('',#5349,0.34);
#244=CYLINDRICAL_SURFACE('',#5351,0.8);
#245=CYLINDRICAL_SURFACE('',#5359,0.400000000000002);
#246=CYLINDRICAL_SURFACE('',#5363,0.400000000000002);
#247=CYLINDRICAL_SURFACE('',#5367,0.400000000000002);
#248=CYLINDRICAL_SURFACE('',#5371,0.400000000000002);
#249=CYLINDRICAL_SURFACE('',#5392,0.27);
#250=CYLINDRICAL_SURFACE('',#5394,0.27);
#251=CYLINDRICAL_SURFACE('',#5397,0.27);
#252=CYLINDRICAL_SURFACE('',#5400,0.27);
#253=CYLINDRICAL_SURFACE('',#5416,0.27);
#254=CYLINDRICAL_SURFACE('',#5418,0.27);
#255=CYLINDRICAL_SURFACE('',#5420,0.27);
#256=CYLINDRICAL_SURFACE('',#5423,0.27);
#257=CYLINDRICAL_SURFACE('',#5426,0.34);
#258=CYLINDRICAL_SURFACE('',#5428,0.8);
#259=CYLINDRICAL_SURFACE('',#5436,0.34);
#260=CYLINDRICAL_SURFACE('',#5438,0.8);
#261=CYLINDRICAL_SURFACE('',#5446,0.400000000000002);
#262=CYLINDRICAL_SURFACE('',#5450,0.400000000000002);
#263=CYLINDRICAL_SURFACE('',#5454,0.400000000000002);
#264=CYLINDRICAL_SURFACE('',#5458,0.400000000000002);
#265=FACE_BOUND('',#606,.T.);
#266=FACE_BOUND('',#607,.T.);
#267=FACE_BOUND('',#608,.T.);
#268=FACE_BOUND('',#609,.T.);
#269=FACE_BOUND('',#610,.T.);
#270=FACE_BOUND('',#611,.T.);
#271=FACE_BOUND('',#622,.T.);
#272=FACE_BOUND('',#626,.T.);
#273=FACE_BOUND('',#634,.T.);
#274=FACE_BOUND('',#638,.T.);
#275=FACE_BOUND('',#668,.T.);
#276=FACE_BOUND('',#669,.T.);
#277=FACE_BOUND('',#670,.T.);
#278=FACE_BOUND('',#671,.T.);
#279=FACE_BOUND('',#672,.T.);
#280=FACE_BOUND('',#673,.T.);
#281=FACE_BOUND('',#674,.T.);
#282=FACE_BOUND('',#681,.T.);
#283=FACE_BOUND('',#690,.T.);
#284=FACE_BOUND('',#696,.T.);
#285=FACE_BOUND('',#698,.T.);
#286=FACE_BOUND('',#704,.T.);
#287=FACE_BOUND('',#705,.T.);
#288=FACE_BOUND('',#706,.T.);
#289=FACE_BOUND('',#707,.T.);
#290=FACE_BOUND('',#708,.T.);
#291=FACE_BOUND('',#709,.T.);
#292=FACE_BOUND('',#738,.T.);
#293=FACE_BOUND('',#739,.T.);
#294=FACE_BOUND('',#740,.T.);
#295=FACE_BOUND('',#741,.T.);
#296=FACE_BOUND('',#742,.T.);
#297=FACE_BOUND('',#743,.T.);
#298=FACE_BOUND('',#744,.T.);
#299=FACE_BOUND('',#747,.T.);
#300=FACE_BOUND('',#750,.T.);
#301=FACE_BOUND('',#754,.T.);
#302=FACE_BOUND('',#757,.T.);
#303=FACE_BOUND('',#767,.T.);
#304=FACE_BOUND('',#770,.T.);
#305=FACE_BOUND('',#774,.T.);
#306=FACE_BOUND('',#777,.T.);
#307=FACE_BOUND('',#790,.T.);
#308=FACE_BOUND('',#807,.T.);
#309=FACE_BOUND('',#823,.T.);
#310=FACE_BOUND('',#824,.T.);
#311=FACE_BOUND('',#829,.T.);
#312=FACE_BOUND('',#830,.T.);
#313=FACE_BOUND('',#832,.T.);
#314=FACE_BOUND('',#833,.T.);
#315=FACE_BOUND('',#835,.T.);
#316=FACE_BOUND('',#836,.T.);
#317=FACE_BOUND('',#837,.T.);
#318=FACE_BOUND('',#838,.T.);
#319=FACE_BOUND('',#839,.T.);
#320=FACE_BOUND('',#840,.T.);
#321=FACE_BOUND('',#843,.T.);
#322=FACE_BOUND('',#846,.T.);
#323=FACE_BOUND('',#850,.T.);
#324=FACE_BOUND('',#853,.T.);
#325=FACE_BOUND('',#863,.T.);
#326=FACE_BOUND('',#866,.T.);
#327=FACE_BOUND('',#870,.T.);
#328=FACE_BOUND('',#873,.T.);
#329=FACE_BOUND('',#888,.T.);
#330=FACE_BOUND('',#909,.T.);
#331=FACE_BOUND('',#927,.T.);
#332=FACE_BOUND('',#928,.T.);
#333=FACE_BOUND('',#933,.T.);
#334=FACE_BOUND('',#934,.T.);
#335=FACE_BOUND('',#936,.T.);
#336=FACE_BOUND('',#937,.T.);
#337=FACE_BOUND('',#939,.T.);
#338=FACE_BOUND('',#940,.T.);
#339=FACE_BOUND('',#941,.T.);
#340=FACE_BOUND('',#942,.T.);
#341=FACE_BOUND('',#943,.T.);
#342=FACE_BOUND('',#944,.T.);
#343=FACE_OUTER_BOUND('',#605,.T.);
#344=FACE_OUTER_BOUND('',#612,.T.);
#345=FACE_OUTER_BOUND('',#613,.T.);
#346=FACE_OUTER_BOUND('',#614,.T.);
#347=FACE_OUTER_BOUND('',#615,.T.);
#348=FACE_OUTER_BOUND('',#616,.T.);
#349=FACE_OUTER_BOUND('',#617,.T.);
#350=FACE_OUTER_BOUND('',#618,.T.);
#351=FACE_OUTER_BOUND('',#619,.T.);
#352=FACE_OUTER_BOUND('',#620,.T.);
#353=FACE_OUTER_BOUND('',#621,.T.);
#354=FACE_OUTER_BOUND('',#623,.T.);
#355=FACE_OUTER_BOUND('',#624,.T.);
#356=FACE_OUTER_BOUND('',#625,.T.);
#357=FACE_OUTER_BOUND('',#627,.T.);
#358=FACE_OUTER_BOUND('',#628,.T.);
#359=FACE_OUTER_BOUND('',#629,.T.);
#360=FACE_OUTER_BOUND('',#630,.T.);
#361=FACE_OUTER_BOUND('',#631,.T.);
#362=FACE_OUTER_BOUND('',#632,.T.);
#363=FACE_OUTER_BOUND('',#633,.T.);
#364=FACE_OUTER_BOUND('',#635,.T.);
#365=FACE_OUTER_BOUND('',#636,.T.);
#366=FACE_OUTER_BOUND('',#637,.T.);
#367=FACE_OUTER_BOUND('',#639,.T.);
#368=FACE_OUTER_BOUND('',#640,.T.);
#369=FACE_OUTER_BOUND('',#641,.T.);
#370=FACE_OUTER_BOUND('',#642,.T.);
#371=FACE_OUTER_BOUND('',#643,.T.);
#372=FACE_OUTER_BOUND('',#644,.T.);
#373=FACE_OUTER_BOUND('',#645,.T.);
#374=FACE_OUTER_BOUND('',#646,.T.);
#375=FACE_OUTER_BOUND('',#647,.T.);
#376=FACE_OUTER_BOUND('',#648,.T.);
#377=FACE_OUTER_BOUND('',#649,.T.);
#378=FACE_OUTER_BOUND('',#650,.T.);
#379=FACE_OUTER_BOUND('',#651,.T.);
#380=FACE_OUTER_BOUND('',#652,.T.);
#381=FACE_OUTER_BOUND('',#653,.T.);
#382=FACE_OUTER_BOUND('',#654,.T.);
#383=FACE_OUTER_BOUND('',#655,.T.);
#384=FACE_OUTER_BOUND('',#656,.T.);
#385=FACE_OUTER_BOUND('',#657,.T.);
#386=FACE_OUTER_BOUND('',#658,.T.);
#387=FACE_OUTER_BOUND('',#659,.T.);
#388=FACE_OUTER_BOUND('',#660,.T.);
#389=FACE_OUTER_BOUND('',#661,.T.);
#390=FACE_OUTER_BOUND('',#662,.T.);
#391=FACE_OUTER_BOUND('',#663,.T.);
#392=FACE_OUTER_BOUND('',#664,.T.);
#393=FACE_OUTER_BOUND('',#665,.T.);
#394=FACE_OUTER_BOUND('',#666,.T.);
#395=FACE_OUTER_BOUND('',#667,.T.);
#396=FACE_OUTER_BOUND('',#675,.T.);
#397=FACE_OUTER_BOUND('',#676,.T.);
#398=FACE_OUTER_BOUND('',#677,.T.);
#399=FACE_OUTER_BOUND('',#678,.T.);
#400=FACE_OUTER_BOUND('',#679,.T.);
#401=FACE_OUTER_BOUND('',#680,.T.);
#402=FACE_OUTER_BOUND('',#682,.T.);
#403=FACE_OUTER_BOUND('',#683,.T.);
#404=FACE_OUTER_BOUND('',#684,.T.);
#405=FACE_OUTER_BOUND('',#685,.T.);
#406=FACE_OUTER_BOUND('',#686,.T.);
#407=FACE_OUTER_BOUND('',#687,.T.);
#408=FACE_OUTER_BOUND('',#688,.T.);
#409=FACE_OUTER_BOUND('',#689,.T.);
#410=FACE_OUTER_BOUND('',#691,.T.);
#411=FACE_OUTER_BOUND('',#692,.T.);
#412=FACE_OUTER_BOUND('',#693,.T.);
#413=FACE_OUTER_BOUND('',#694,.T.);
#414=FACE_OUTER_BOUND('',#695,.T.);
#415=FACE_OUTER_BOUND('',#697,.T.);
#416=FACE_OUTER_BOUND('',#699,.T.);
#417=FACE_OUTER_BOUND('',#700,.T.);
#418=FACE_OUTER_BOUND('',#701,.T.);
#419=FACE_OUTER_BOUND('',#702,.T.);
#420=FACE_OUTER_BOUND('',#703,.T.);
#421=FACE_OUTER_BOUND('',#710,.T.);
#422=FACE_OUTER_BOUND('',#711,.T.);
#423=FACE_OUTER_BOUND('',#712,.T.);
#424=FACE_OUTER_BOUND('',#713,.T.);
#425=FACE_OUTER_BOUND('',#714,.T.);
#426=FACE_OUTER_BOUND('',#715,.T.);
#427=FACE_OUTER_BOUND('',#716,.T.);
#428=FACE_OUTER_BOUND('',#717,.T.);
#429=FACE_OUTER_BOUND('',#718,.T.);
#430=FACE_OUTER_BOUND('',#719,.T.);
#431=FACE_OUTER_BOUND('',#720,.T.);
#432=FACE_OUTER_BOUND('',#721,.T.);
#433=FACE_OUTER_BOUND('',#722,.T.);
#434=FACE_OUTER_BOUND('',#723,.T.);
#435=FACE_OUTER_BOUND('',#724,.T.);
#436=FACE_OUTER_BOUND('',#725,.T.);
#437=FACE_OUTER_BOUND('',#726,.T.);
#438=FACE_OUTER_BOUND('',#727,.T.);
#439=FACE_OUTER_BOUND('',#728,.T.);
#440=FACE_OUTER_BOUND('',#729,.T.);
#441=FACE_OUTER_BOUND('',#730,.T.);
#442=FACE_OUTER_BOUND('',#731,.T.);
#443=FACE_OUTER_BOUND('',#732,.T.);
#444=FACE_OUTER_BOUND('',#733,.T.);
#445=FACE_OUTER_BOUND('',#734,.T.);
#446=FACE_OUTER_BOUND('',#735,.T.);
#447=FACE_OUTER_BOUND('',#736,.T.);
#448=FACE_OUTER_BOUND('',#737,.T.);
#449=FACE_OUTER_BOUND('',#745,.T.);
#450=FACE_OUTER_BOUND('',#746,.T.);
#451=FACE_OUTER_BOUND('',#748,.T.);
#452=FACE_OUTER_BOUND('',#749,.T.);
#453=FACE_OUTER_BOUND('',#751,.T.);
#454=FACE_OUTER_BOUND('',#752,.T.);
#455=FACE_OUTER_BOUND('',#753,.T.);
#456=FACE_OUTER_BOUND('',#755,.T.);
#457=FACE_OUTER_BOUND('',#756,.T.);
#458=FACE_OUTER_BOUND('',#758,.T.);
#459=FACE_OUTER_BOUND('',#759,.T.);
#460=FACE_OUTER_BOUND('',#760,.T.);
#461=FACE_OUTER_BOUND('',#761,.T.);
#462=FACE_OUTER_BOUND('',#762,.T.);
#463=FACE_OUTER_BOUND('',#763,.T.);
#464=FACE_OUTER_BOUND('',#764,.T.);
#465=FACE_OUTER_BOUND('',#765,.T.);
#466=FACE_OUTER_BOUND('',#766,.T.);
#467=FACE_OUTER_BOUND('',#768,.T.);
#468=FACE_OUTER_BOUND('',#769,.T.);
#469=FACE_OUTER_BOUND('',#771,.T.);
#470=FACE_OUTER_BOUND('',#772,.T.);
#471=FACE_OUTER_BOUND('',#773,.T.);
#472=FACE_OUTER_BOUND('',#775,.T.);
#473=FACE_OUTER_BOUND('',#776,.T.);
#474=FACE_OUTER_BOUND('',#778,.T.);
#475=FACE_OUTER_BOUND('',#779,.T.);
#476=FACE_OUTER_BOUND('',#780,.T.);
#477=FACE_OUTER_BOUND('',#781,.T.);
#478=FACE_OUTER_BOUND('',#782,.T.);
#479=FACE_OUTER_BOUND('',#783,.T.);
#480=FACE_OUTER_BOUND('',#784,.T.);
#481=FACE_OUTER_BOUND('',#785,.T.);
#482=FACE_OUTER_BOUND('',#786,.T.);
#483=FACE_OUTER_BOUND('',#787,.T.);
#484=FACE_OUTER_BOUND('',#788,.T.);
#485=FACE_OUTER_BOUND('',#789,.T.);
#486=FACE_OUTER_BOUND('',#791,.T.);
#487=FACE_OUTER_BOUND('',#792,.T.);
#488=FACE_OUTER_BOUND('',#793,.T.);
#489=FACE_OUTER_BOUND('',#794,.T.);
#490=FACE_OUTER_BOUND('',#795,.T.);
#491=FACE_OUTER_BOUND('',#796,.T.);
#492=FACE_OUTER_BOUND('',#797,.T.);
#493=FACE_OUTER_BOUND('',#798,.T.);
#494=FACE_OUTER_BOUND('',#799,.T.);
#495=FACE_OUTER_BOUND('',#800,.T.);
#496=FACE_OUTER_BOUND('',#801,.T.);
#497=FACE_OUTER_BOUND('',#802,.T.);
#498=FACE_OUTER_BOUND('',#803,.T.);
#499=FACE_OUTER_BOUND('',#804,.T.);
#500=FACE_OUTER_BOUND('',#805,.T.);
#501=FACE_OUTER_BOUND('',#806,.T.);
#502=FACE_OUTER_BOUND('',#808,.T.);
#503=FACE_OUTER_BOUND('',#809,.T.);
#504=FACE_OUTER_BOUND('',#810,.T.);
#505=FACE_OUTER_BOUND('',#811,.T.);
#506=FACE_OUTER_BOUND('',#812,.T.);
#507=FACE_OUTER_BOUND('',#813,.T.);
#508=FACE_OUTER_BOUND('',#814,.T.);
#509=FACE_OUTER_BOUND('',#815,.T.);
#510=FACE_OUTER_BOUND('',#816,.T.);
#511=FACE_OUTER_BOUND('',#817,.T.);
#512=FACE_OUTER_BOUND('',#818,.T.);
#513=FACE_OUTER_BOUND('',#819,.T.);
#514=FACE_OUTER_BOUND('',#820,.T.);
#515=FACE_OUTER_BOUND('',#821,.T.);
#516=FACE_OUTER_BOUND('',#822,.T.);
#517=FACE_OUTER_BOUND('',#825,.T.);
#518=FACE_OUTER_BOUND('',#826,.T.);
#519=FACE_OUTER_BOUND('',#827,.T.);
#520=FACE_OUTER_BOUND('',#828,.T.);
#521=FACE_OUTER_BOUND('',#831,.T.);
#522=FACE_OUTER_BOUND('',#834,.T.);
#523=FACE_OUTER_BOUND('',#841,.T.);
#524=FACE_OUTER_BOUND('',#842,.T.);
#525=FACE_OUTER_BOUND('',#844,.T.);
#526=FACE_OUTER_BOUND('',#845,.T.);
#527=FACE_OUTER_BOUND('',#847,.T.);
#528=FACE_OUTER_BOUND('',#848,.T.);
#529=FACE_OUTER_BOUND('',#849,.T.);
#530=FACE_OUTER_BOUND('',#851,.T.);
#531=FACE_OUTER_BOUND('',#852,.T.);
#532=FACE_OUTER_BOUND('',#854,.T.);
#533=FACE_OUTER_BOUND('',#855,.T.);
#534=FACE_OUTER_BOUND('',#856,.T.);
#535=FACE_OUTER_BOUND('',#857,.T.);
#536=FACE_OUTER_BOUND('',#858,.T.);
#537=FACE_OUTER_BOUND('',#859,.T.);
#538=FACE_OUTER_BOUND('',#860,.T.);
#539=FACE_OUTER_BOUND('',#861,.T.);
#540=FACE_OUTER_BOUND('',#862,.T.);
#541=FACE_OUTER_BOUND('',#864,.T.);
#542=FACE_OUTER_BOUND('',#865,.T.);
#543=FACE_OUTER_BOUND('',#867,.T.);
#544=FACE_OUTER_BOUND('',#868,.T.);
#545=FACE_OUTER_BOUND('',#869,.T.);
#546=FACE_OUTER_BOUND('',#871,.T.);
#547=FACE_OUTER_BOUND('',#872,.T.);
#548=FACE_OUTER_BOUND('',#874,.T.);
#549=FACE_OUTER_BOUND('',#875,.T.);
#550=FACE_OUTER_BOUND('',#876,.T.);
#551=FACE_OUTER_BOUND('',#877,.T.);
#552=FACE_OUTER_BOUND('',#878,.T.);
#553=FACE_OUTER_BOUND('',#879,.T.);
#554=FACE_OUTER_BOUND('',#880,.T.);
#555=FACE_OUTER_BOUND('',#881,.T.);
#556=FACE_OUTER_BOUND('',#882,.T.);
#557=FACE_OUTER_BOUND('',#883,.T.);
#558=FACE_OUTER_BOUND('',#884,.T.);
#559=FACE_OUTER_BOUND('',#885,.T.);
#560=FACE_OUTER_BOUND('',#886,.T.);
#561=FACE_OUTER_BOUND('',#887,.T.);
#562=FACE_OUTER_BOUND('',#889,.T.);
#563=FACE_OUTER_BOUND('',#890,.T.);
#564=FACE_OUTER_BOUND('',#891,.T.);
#565=FACE_OUTER_BOUND('',#892,.T.);
#566=FACE_OUTER_BOUND('',#893,.T.);
#567=FACE_OUTER_BOUND('',#894,.T.);
#568=FACE_OUTER_BOUND('',#895,.T.);
#569=FACE_OUTER_BOUND('',#896,.T.);
#570=FACE_OUTER_BOUND('',#897,.T.);
#571=FACE_OUTER_BOUND('',#898,.T.);
#572=FACE_OUTER_BOUND('',#899,.T.);
#573=FACE_OUTER_BOUND('',#900,.T.);
#574=FACE_OUTER_BOUND('',#901,.T.);
#575=FACE_OUTER_BOUND('',#902,.T.);
#576=FACE_OUTER_BOUND('',#903,.T.);
#577=FACE_OUTER_BOUND('',#904,.T.);
#578=FACE_OUTER_BOUND('',#905,.T.);
#579=FACE_OUTER_BOUND('',#906,.T.);
#580=FACE_OUTER_BOUND('',#907,.T.);
#581=FACE_OUTER_BOUND('',#908,.T.);
#582=FACE_OUTER_BOUND('',#910,.T.);
#583=FACE_OUTER_BOUND('',#911,.T.);
#584=FACE_OUTER_BOUND('',#912,.T.);
#585=FACE_OUTER_BOUND('',#913,.T.);
#586=FACE_OUTER_BOUND('',#914,.T.);
#587=FACE_OUTER_BOUND('',#915,.T.);
#588=FACE_OUTER_BOUND('',#916,.T.);
#589=FACE_OUTER_BOUND('',#917,.T.);
#590=FACE_OUTER_BOUND('',#918,.T.);
#591=FACE_OUTER_BOUND('',#919,.T.);
#592=FACE_OUTER_BOUND('',#920,.T.);
#593=FACE_OUTER_BOUND('',#921,.T.);
#594=FACE_OUTER_BOUND('',#922,.T.);
#595=FACE_OUTER_BOUND('',#923,.T.);
#596=FACE_OUTER_BOUND('',#924,.T.);
#597=FACE_OUTER_BOUND('',#925,.T.);
#598=FACE_OUTER_BOUND('',#926,.T.);
#599=FACE_OUTER_BOUND('',#929,.T.);
#600=FACE_OUTER_BOUND('',#930,.T.);
#601=FACE_OUTER_BOUND('',#931,.T.);
#602=FACE_OUTER_BOUND('',#932,.T.);
#603=FACE_OUTER_BOUND('',#935,.T.);
#604=FACE_OUTER_BOUND('',#938,.T.);
#605=EDGE_LOOP('',(#3193,#3194,#3195,#3196,#3197,#3198,#3199,#3200,#3201,
#3202,#3203,#3204));
#606=EDGE_LOOP('',(#3205));
#607=EDGE_LOOP('',(#3206));
#608=EDGE_LOOP('',(#3207));
#609=EDGE_LOOP('',(#3208));
#610=EDGE_LOOP('',(#3209,#3210,#3211,#3212,#3213,#3214,#3215,#3216,#3217,
#3218));
#611=EDGE_LOOP('',(#3219,#3220,#3221,#3222,#3223,#3224,#3225,#3226));
#612=EDGE_LOOP('',(#3227,#3228,#3229,#3230));
#613=EDGE_LOOP('',(#3231,#3232,#3233,#3234,#3235,#3236));
#614=EDGE_LOOP('',(#3237,#3238,#3239,#3240));
#615=EDGE_LOOP('',(#3241,#3242,#3243,#3244));
#616=EDGE_LOOP('',(#3245,#3246,#3247,#3248));
#617=EDGE_LOOP('',(#3249,#3250,#3251,#3252));
#618=EDGE_LOOP('',(#3253,#3254,#3255,#3256));
#619=EDGE_LOOP('',(#3257,#3258,#3259,#3260));
#620=EDGE_LOOP('',(#3261,#3262,#3263,#3264));
#621=EDGE_LOOP('',(#3265,#3266,#3267,#3268));
#622=EDGE_LOOP('',(#3269));
#623=EDGE_LOOP('',(#3270,#3271,#3272,#3273));
#624=EDGE_LOOP('',(#3274,#3275,#3276,#3277));
#625=EDGE_LOOP('',(#3278,#3279,#3280,#3281,#3282,#3283));
#626=EDGE_LOOP('',(#3284));
#627=EDGE_LOOP('',(#3285,#3286,#3287,#3288));
#628=EDGE_LOOP('',(#3289,#3290,#3291,#3292,#3293,#3294,#3295,#3296));
#629=EDGE_LOOP('',(#3297,#3298,#3299,#3300));
#630=EDGE_LOOP('',(#3301,#3302,#3303,#3304));
#631=EDGE_LOOP('',(#3305,#3306,#3307,#3308));
#632=EDGE_LOOP('',(#3309,#3310,#3311,#3312));
#633=EDGE_LOOP('',(#3313,#3314,#3315,#3316));
#634=EDGE_LOOP('',(#3317));
#635=EDGE_LOOP('',(#3318,#3319,#3320,#3321));
#636=EDGE_LOOP('',(#3322,#3323,#3324,#3325));
#637=EDGE_LOOP('',(#3326,#3327,#3328,#3329));
#638=EDGE_LOOP('',(#3330));
#639=EDGE_LOOP('',(#3331,#3332,#3333,#3334));
#640=EDGE_LOOP('',(#3335,#3336,#3337,#3338));
#641=EDGE_LOOP('',(#3339,#3340,#3341,#3342,#3343,#3344,#3345,#3346));
#642=EDGE_LOOP('',(#3347,#3348,#3349,#3350));
#643=EDGE_LOOP('',(#3351,#3352,#3353,#3354));
#644=EDGE_LOOP('',(#3355,#3356,#3357,#3358));
#645=EDGE_LOOP('',(#3359,#3360,#3361,#3362));
#646=EDGE_LOOP('',(#3363,#3364,#3365,#3366));
#647=EDGE_LOOP('',(#3367,#3368,#3369,#3370));
#648=EDGE_LOOP('',(#3371,#3372,#3373,#3374));
#649=EDGE_LOOP('',(#3375,#3376,#3377,#3378));
#650=EDGE_LOOP('',(#3379,#3380,#3381,#3382));
#651=EDGE_LOOP('',(#3383,#3384,#3385,#3386));
#652=EDGE_LOOP('',(#3387,#3388,#3389,#3390));
#653=EDGE_LOOP('',(#3391,#3392,#3393,#3394));
#654=EDGE_LOOP('',(#3395,#3396,#3397,#3398));
#655=EDGE_LOOP('',(#3399,#3400,#3401,#3402));
#656=EDGE_LOOP('',(#3403,#3404,#3405,#3406));
#657=EDGE_LOOP('',(#3407,#3408,#3409,#3410));
#658=EDGE_LOOP('',(#3411,#3412,#3413,#3414));
#659=EDGE_LOOP('',(#3415,#3416,#3417,#3418));
#660=EDGE_LOOP('',(#3419,#3420,#3421,#3422));
#661=EDGE_LOOP('',(#3423,#3424,#3425,#3426));
#662=EDGE_LOOP('',(#3427,#3428,#3429,#3430));
#663=EDGE_LOOP('',(#3431,#3432,#3433,#3434));
#664=EDGE_LOOP('',(#3435,#3436,#3437,#3438));
#665=EDGE_LOOP('',(#3439,#3440,#3441,#3442));
#666=EDGE_LOOP('',(#3443,#3444,#3445,#3446));
#667=EDGE_LOOP('',(#3447,#3448,#3449,#3450,#3451,#3452,#3453,#3454,#3455,
#3456,#3457,#3458));
#668=EDGE_LOOP('',(#3459,#3460,#3461,#3462,#3463,#3464,#3465,#3466));
#669=EDGE_LOOP('',(#3467,#3468,#3469,#3470,#3471,#3472,#3473,#3474));
#670=EDGE_LOOP('',(#3475,#3476,#3477,#3478,#3479,#3480,#3481,#3482,#3483,
#3484,#3485,#3486,#3487,#3488));
#671=EDGE_LOOP('',(#3489));
#672=EDGE_LOOP('',(#3490));
#673=EDGE_LOOP('',(#3491));
#674=EDGE_LOOP('',(#3492));
#675=EDGE_LOOP('',(#3493,#3494,#3495,#3496));
#676=EDGE_LOOP('',(#3497,#3498,#3499,#3500));
#677=EDGE_LOOP('',(#3501,#3502,#3503,#3504));
#678=EDGE_LOOP('',(#3505,#3506,#3507,#3508));
#679=EDGE_LOOP('',(#3509,#3510,#3511,#3512));
#680=EDGE_LOOP('',(#3513,#3514,#3515,#3516));
#681=EDGE_LOOP('',(#3517));
#682=EDGE_LOOP('',(#3518,#3519,#3520,#3521));
#683=EDGE_LOOP('',(#3522,#3523,#3524,#3525));
#684=EDGE_LOOP('',(#3526,#3527,#3528,#3529));
#685=EDGE_LOOP('',(#3530,#3531,#3532,#3533));
#686=EDGE_LOOP('',(#3534,#3535,#3536,#3537,#3538,#3539,#3540,#3541));
#687=EDGE_LOOP('',(#3542,#3543,#3544,#3545,#3546,#3547));
#688=EDGE_LOOP('',(#3548,#3549,#3550,#3551));
#689=EDGE_LOOP('',(#3552,#3553,#3554,#3555,#3556,#3557));
#690=EDGE_LOOP('',(#3558));
#691=EDGE_LOOP('',(#3559,#3560,#3561,#3562));
#692=EDGE_LOOP('',(#3563,#3564,#3565,#3566));
#693=EDGE_LOOP('',(#3567,#3568,#3569,#3570));
#694=EDGE_LOOP('',(#3571,#3572,#3573,#3574));
#695=EDGE_LOOP('',(#3575,#3576,#3577,#3578));
#696=EDGE_LOOP('',(#3579));
#697=EDGE_LOOP('',(#3580,#3581,#3582,#3583));
#698=EDGE_LOOP('',(#3584));
#699=EDGE_LOOP('',(#3585,#3586,#3587,#3588));
#700=EDGE_LOOP('',(#3589,#3590,#3591,#3592));
#701=EDGE_LOOP('',(#3593,#3594,#3595,#3596));
#702=EDGE_LOOP('',(#3597,#3598,#3599,#3600,#3601,#3602,#3603,#3604));
#703=EDGE_LOOP('',(#3605,#3606,#3607,#3608,#3609,#3610,#3611,#3612,#3613,
#3614,#3615,#3616));
#704=EDGE_LOOP('',(#3617,#3618,#3619,#3620,#3621,#3622,#3623,#3624,#3625,
#3626));
#705=EDGE_LOOP('',(#3627,#3628,#3629,#3630,#3631,#3632,#3633,#3634));
#706=EDGE_LOOP('',(#3635));
#707=EDGE_LOOP('',(#3636));
#708=EDGE_LOOP('',(#3637));
#709=EDGE_LOOP('',(#3638));
#710=EDGE_LOOP('',(#3639,#3640,#3641,#3642));
#711=EDGE_LOOP('',(#3643,#3644,#3645,#3646));
#712=EDGE_LOOP('',(#3647,#3648,#3649,#3650));
#713=EDGE_LOOP('',(#3651,#3652,#3653,#3654));
#714=EDGE_LOOP('',(#3655,#3656,#3657,#3658));
#715=EDGE_LOOP('',(#3659,#3660,#3661,#3662));
#716=EDGE_LOOP('',(#3663,#3664,#3665,#3666));
#717=EDGE_LOOP('',(#3667,#3668,#3669,#3670));
#718=EDGE_LOOP('',(#3671,#3672,#3673,#3674));
#719=EDGE_LOOP('',(#3675,#3676,#3677,#3678));
#720=EDGE_LOOP('',(#3679,#3680,#3681,#3682));
#721=EDGE_LOOP('',(#3683,#3684,#3685,#3686));
#722=EDGE_LOOP('',(#3687,#3688,#3689,#3690));
#723=EDGE_LOOP('',(#3691,#3692,#3693,#3694));
#724=EDGE_LOOP('',(#3695,#3696,#3697,#3698));
#725=EDGE_LOOP('',(#3699,#3700,#3701,#3702));
#726=EDGE_LOOP('',(#3703,#3704,#3705,#3706));
#727=EDGE_LOOP('',(#3707,#3708,#3709,#3710));
#728=EDGE_LOOP('',(#3711,#3712,#3713,#3714));
#729=EDGE_LOOP('',(#3715,#3716,#3717,#3718));
#730=EDGE_LOOP('',(#3719,#3720,#3721,#3722));
#731=EDGE_LOOP('',(#3723,#3724,#3725,#3726));
#732=EDGE_LOOP('',(#3727,#3728,#3729,#3730));
#733=EDGE_LOOP('',(#3731,#3732,#3733,#3734));
#734=EDGE_LOOP('',(#3735,#3736,#3737,#3738));
#735=EDGE_LOOP('',(#3739,#3740,#3741,#3742));
#736=EDGE_LOOP('',(#3743,#3744,#3745,#3746));
#737=EDGE_LOOP('',(#3747,#3748,#3749,#3750,#3751,#3752,#3753,#3754,#3755,
#3756,#3757,#3758));
#738=EDGE_LOOP('',(#3759,#3760,#3761,#3762,#3763,#3764,#3765,#3766));
#739=EDGE_LOOP('',(#3767,#3768,#3769,#3770,#3771,#3772,#3773,#3774));
#740=EDGE_LOOP('',(#3775,#3776,#3777,#3778,#3779,#3780,#3781,#3782,#3783,
#3784,#3785,#3786,#3787,#3788));
#741=EDGE_LOOP('',(#3789));
#742=EDGE_LOOP('',(#3790));
#743=EDGE_LOOP('',(#3791));
#744=EDGE_LOOP('',(#3792));
#745=EDGE_LOOP('',(#3793,#3794,#3795,#3796));
#746=EDGE_LOOP('',(#3797,#3798,#3799,#3800));
#747=EDGE_LOOP('',(#3801));
#748=EDGE_LOOP('',(#3802,#3803,#3804,#3805));
#749=EDGE_LOOP('',(#3806,#3807,#3808,#3809));
#750=EDGE_LOOP('',(#3810));
#751=EDGE_LOOP('',(#3811,#3812,#3813,#3814));
#752=EDGE_LOOP('',(#3815,#3816,#3817,#3818));
#753=EDGE_LOOP('',(#3819,#3820,#3821,#3822));
#754=EDGE_LOOP('',(#3823));
#755=EDGE_LOOP('',(#3824,#3825,#3826,#3827));
#756=EDGE_LOOP('',(#3828,#3829,#3830,#3831));
#757=EDGE_LOOP('',(#3832));
#758=EDGE_LOOP('',(#3833,#3834,#3835,#3836));
#759=EDGE_LOOP('',(#3837,#3838,#3839,#3840));
#760=EDGE_LOOP('',(#3841,#3842,#3843,#3844));
#761=EDGE_LOOP('',(#3845));
#762=EDGE_LOOP('',(#3846,#3847,#3848,#3849));
#763=EDGE_LOOP('',(#3850));
#764=EDGE_LOOP('',(#3851,#3852,#3853,#3854));
#765=EDGE_LOOP('',(#3855,#3856,#3857,#3858));
#766=EDGE_LOOP('',(#3859,#3860,#3861,#3862));
#767=EDGE_LOOP('',(#3863));
#768=EDGE_LOOP('',(#3864,#3865,#3866,#3867));
#769=EDGE_LOOP('',(#3868,#3869,#3870,#3871));
#770=EDGE_LOOP('',(#3872));
#771=EDGE_LOOP('',(#3873,#3874,#3875,#3876));
#772=EDGE_LOOP('',(#3877,#3878,#3879,#3880));
#773=EDGE_LOOP('',(#3881,#3882,#3883,#3884));
#774=EDGE_LOOP('',(#3885));
#775=EDGE_LOOP('',(#3886,#3887,#3888,#3889));
#776=EDGE_LOOP('',(#3890,#3891,#3892,#3893));
#777=EDGE_LOOP('',(#3894));
#778=EDGE_LOOP('',(#3895,#3896,#3897,#3898));
#779=EDGE_LOOP('',(#3899,#3900,#3901,#3902));
#780=EDGE_LOOP('',(#3903,#3904,#3905,#3906));
#781=EDGE_LOOP('',(#3907,#3908,#3909,#3910));
#782=EDGE_LOOP('',(#3911));
#783=EDGE_LOOP('',(#3912,#3913,#3914,#3915));
#784=EDGE_LOOP('',(#3916));
#785=EDGE_LOOP('',(#3917,#3918,#3919,#3920,#3921,#3922,#3923,#3924));
#786=EDGE_LOOP('',(#3925,#3926,#3927,#3928,#3929,#3930));
#787=EDGE_LOOP('',(#3931,#3932,#3933,#3934));
#788=EDGE_LOOP('',(#3935,#3936,#3937,#3938));
#789=EDGE_LOOP('',(#3939));
#790=EDGE_LOOP('',(#3940));
#791=EDGE_LOOP('',(#3941,#3942,#3943,#3944));
#792=EDGE_LOOP('',(#3945,#3946,#3947,#3948,#3949,#3950,#3951,#3952,#3953,
#3954,#3955,#3956));
#793=EDGE_LOOP('',(#3957,#3958,#3959,#3960,#3961,#3962,#3963,#3964,#3965,
#3966,#3967,#3968));
#794=EDGE_LOOP('',(#3969,#3970,#3971,#3972));
#795=EDGE_LOOP('',(#3973,#3974,#3975,#3976));
#796=EDGE_LOOP('',(#3977,#3978,#3979,#3980));
#797=EDGE_LOOP('',(#3981,#3982,#3983,#3984));
#798=EDGE_LOOP('',(#3985,#3986,#3987,#3988,#3989,#3990,#3991,#3992));
#799=EDGE_LOOP('',(#3993,#3994,#3995,#3996,#3997));
#800=EDGE_LOOP('',(#3998,#3999,#4000,#4001,#4002));
#801=EDGE_LOOP('',(#4003,#4004,#4005,#4006,#4007));
#802=EDGE_LOOP('',(#4008,#4009,#4010,#4011));
#803=EDGE_LOOP('',(#4012,#4013,#4014,#4015,#4016));
#804=EDGE_LOOP('',(#4017,#4018,#4019,#4020,#4021,#4022));
#805=EDGE_LOOP('',(#4023,#4024,#4025,#4026));
#806=EDGE_LOOP('',(#4027));
#807=EDGE_LOOP('',(#4028));
#808=EDGE_LOOP('',(#4029,#4030,#4031,#4032));
#809=EDGE_LOOP('',(#4033,#4034,#4035,#4036,#4037,#4038,#4039,#4040,#4041,
#4042,#4043));
#810=EDGE_LOOP('',(#4044,#4045,#4046,#4047,#4048,#4049,#4050,#4051,#4052,
#4053,#4054));
#811=EDGE_LOOP('',(#4055,#4056,#4057,#4058));
#812=EDGE_LOOP('',(#4059,#4060,#4061,#4062));
#813=EDGE_LOOP('',(#4063,#4064,#4065,#4066));
#814=EDGE_LOOP('',(#4067,#4068,#4069,#4070));
#815=EDGE_LOOP('',(#4071,#4072,#4073,#4074,#4075,#4076));
#816=EDGE_LOOP('',(#4077,#4078,#4079,#4080,#4081));
#817=EDGE_LOOP('',(#4082,#4083,#4084,#4085,#4086));
#818=EDGE_LOOP('',(#4087,#4088,#4089,#4090));
#819=EDGE_LOOP('',(#4091,#4092,#4093,#4094));
#820=EDGE_LOOP('',(#4095,#4096,#4097,#4098));
#821=EDGE_LOOP('',(#4099,#4100,#4101,#4102));
#822=EDGE_LOOP('',(#4103,#4104,#4105,#4106));
#823=EDGE_LOOP('',(#4107));
#824=EDGE_LOOP('',(#4108));
#825=EDGE_LOOP('',(#4109,#4110,#4111,#4112));
#826=EDGE_LOOP('',(#4113,#4114,#4115,#4116));
#827=EDGE_LOOP('',(#4117,#4118,#4119,#4120));
#828=EDGE_LOOP('',(#4121,#4122,#4123,#4124));
#829=EDGE_LOOP('',(#4125));
#830=EDGE_LOOP('',(#4126));
#831=EDGE_LOOP('',(#4127,#4128,#4129,#4130,#4131,#4132,#4133,#4134));
#832=EDGE_LOOP('',(#4135,#4136,#4137,#4138));
#833=EDGE_LOOP('',(#4139,#4140,#4141,#4142));
#834=EDGE_LOOP('',(#4143,#4144,#4145,#4146,#4147,#4148,#4149,#4150));
#835=EDGE_LOOP('',(#4151,#4152,#4153,#4154));
#836=EDGE_LOOP('',(#4155,#4156,#4157,#4158));
#837=EDGE_LOOP('',(#4159,#4160,#4161,#4162));
#838=EDGE_LOOP('',(#4163,#4164,#4165,#4166));
#839=EDGE_LOOP('',(#4167));
#840=EDGE_LOOP('',(#4168));
#841=EDGE_LOOP('',(#4169,#4170,#4171,#4172));
#842=EDGE_LOOP('',(#4173,#4174,#4175,#4176));
#843=EDGE_LOOP('',(#4177));
#844=EDGE_LOOP('',(#4178,#4179,#4180,#4181));
#845=EDGE_LOOP('',(#4182,#4183,#4184,#4185));
#846=EDGE_LOOP('',(#4186));
#847=EDGE_LOOP('',(#4187,#4188,#4189,#4190));
#848=EDGE_LOOP('',(#4191,#4192,#4193,#4194));
#849=EDGE_LOOP('',(#4195,#4196,#4197,#4198));
#850=EDGE_LOOP('',(#4199));
#851=EDGE_LOOP('',(#4200,#4201,#4202,#4203));
#852=EDGE_LOOP('',(#4204,#4205,#4206,#4207));
#853=EDGE_LOOP('',(#4208));
#854=EDGE_LOOP('',(#4209,#4210,#4211,#4212));
#855=EDGE_LOOP('',(#4213,#4214,#4215,#4216));
#856=EDGE_LOOP('',(#4217,#4218,#4219,#4220));
#857=EDGE_LOOP('',(#4221));
#858=EDGE_LOOP('',(#4222,#4223,#4224,#4225));
#859=EDGE_LOOP('',(#4226));
#860=EDGE_LOOP('',(#4227,#4228,#4229,#4230));
#861=EDGE_LOOP('',(#4231,#4232,#4233,#4234));
#862=EDGE_LOOP('',(#4235,#4236,#4237,#4238));
#863=EDGE_LOOP('',(#4239));
#864=EDGE_LOOP('',(#4240,#4241,#4242,#4243));
#865=EDGE_LOOP('',(#4244,#4245,#4246,#4247));
#866=EDGE_LOOP('',(#4248));
#867=EDGE_LOOP('',(#4249,#4250,#4251,#4252));
#868=EDGE_LOOP('',(#4253,#4254,#4255,#4256));
#869=EDGE_LOOP('',(#4257,#4258,#4259,#4260));
#870=EDGE_LOOP('',(#4261));
#871=EDGE_LOOP('',(#4262,#4263,#4264,#4265));
#872=EDGE_LOOP('',(#4266,#4267,#4268,#4269));
#873=EDGE_LOOP('',(#4270));
#874=EDGE_LOOP('',(#4271,#4272,#4273,#4274));
#875=EDGE_LOOP('',(#4275,#4276,#4277,#4278));
#876=EDGE_LOOP('',(#4279,#4280,#4281,#4282));
#877=EDGE_LOOP('',(#4283,#4284,#4285,#4286));
#878=EDGE_LOOP('',(#4287));
#879=EDGE_LOOP('',(#4288,#4289,#4290,#4291));
#880=EDGE_LOOP('',(#4292));
#881=EDGE_LOOP('',(#4293,#4294,#4295,#4296,#4297,#4298,#4299,#4300,#4301,
#4302,#4303,#4304));
#882=EDGE_LOOP('',(#4305,#4306,#4307,#4308,#4309,#4310,#4311,#4312));
#883=EDGE_LOOP('',(#4313,#4314,#4315,#4316,#4317));
#884=EDGE_LOOP('',(#4318,#4319,#4320,#4321));
#885=EDGE_LOOP('',(#4322,#4323,#4324,#4325));
#886=EDGE_LOOP('',(#4326,#4327,#4328,#4329));
#887=EDGE_LOOP('',(#4330));
#888=EDGE_LOOP('',(#4331));
#889=EDGE_LOOP('',(#4332,#4333,#4334,#4335));
#890=EDGE_LOOP('',(#4336,#4337,#4338,#4339,#4340,#4341,#4342,#4343,#4344,
#4345,#4346,#4347,#4348,#4349,#4350));
#891=EDGE_LOOP('',(#4351,#4352,#4353,#4354,#4355,#4356,#4357,#4358,#4359,
#4360,#4361,#4362,#4363,#4364,#4365));
#892=EDGE_LOOP('',(#4366,#4367,#4368,#4369));
#893=EDGE_LOOP('',(#4370,#4371,#4372,#4373));
#894=EDGE_LOOP('',(#4374,#4375,#4376,#4377));
#895=EDGE_LOOP('',(#4378,#4379,#4380,#4381));
#896=EDGE_LOOP('',(#4382,#4383,#4384,#4385));
#897=EDGE_LOOP('',(#4386,#4387,#4388,#4389,#4390,#4391));
#898=EDGE_LOOP('',(#4392,#4393,#4394,#4395));
#899=EDGE_LOOP('',(#4396,#4397,#4398,#4399));
#900=EDGE_LOOP('',(#4400,#4401,#4402,#4403));
#901=EDGE_LOOP('',(#4404,#4405,#4406,#4407,#4408));
#902=EDGE_LOOP('',(#4409,#4410,#4411,#4412,#4413));
#903=EDGE_LOOP('',(#4414,#4415,#4416,#4417));
#904=EDGE_LOOP('',(#4418,#4419,#4420,#4421,#4422,#4423,#4424));
#905=EDGE_LOOP('',(#4425,#4426,#4427,#4428,#4429,#4430));
#906=EDGE_LOOP('',(#4431,#4432,#4433,#4434));
#907=EDGE_LOOP('',(#4435,#4436,#4437,#4438));
#908=EDGE_LOOP('',(#4439));
#909=EDGE_LOOP('',(#4440));
#910=EDGE_LOOP('',(#4441,#4442,#4443,#4444));
#911=EDGE_LOOP('',(#4445,#4446,#4447,#4448,#4449,#4450,#4451,#4452,#4453,
#4454,#4455,#4456,#4457));
#912=EDGE_LOOP('',(#4458,#4459,#4460,#4461,#4462,#4463,#4464,#4465,#4466,
#4467,#4468,#4469,#4470));
#913=EDGE_LOOP('',(#4471,#4472,#4473,#4474));
#914=EDGE_LOOP('',(#4475,#4476,#4477,#4478));
#915=EDGE_LOOP('',(#4479,#4480,#4481,#4482,#4483));
#916=EDGE_LOOP('',(#4484,#4485,#4486,#4487,#4488));
#917=EDGE_LOOP('',(#4489,#4490,#4491,#4492));
#918=EDGE_LOOP('',(#4493,#4494,#4495,#4496,#4497,#4498));
#919=EDGE_LOOP('',(#4499,#4500,#4501,#4502,#4503,#4504,#4505,#4506));
#920=EDGE_LOOP('',(#4507,#4508,#4509,#4510));
#921=EDGE_LOOP('',(#4511,#4512,#4513,#4514));
#922=EDGE_LOOP('',(#4515,#4516,#4517,#4518));
#923=EDGE_LOOP('',(#4519,#4520,#4521,#4522));
#924=EDGE_LOOP('',(#4523,#4524,#4525,#4526));
#925=EDGE_LOOP('',(#4527,#4528,#4529,#4530));
#926=EDGE_LOOP('',(#4531,#4532,#4533,#4534));
#927=EDGE_LOOP('',(#4535));
#928=EDGE_LOOP('',(#4536));
#929=EDGE_LOOP('',(#4537,#4538,#4539,#4540));
#930=EDGE_LOOP('',(#4541,#4542,#4543,#4544));
#931=EDGE_LOOP('',(#4545,#4546,#4547,#4548));
#932=EDGE_LOOP('',(#4549,#4550,#4551,#4552));
#933=EDGE_LOOP('',(#4553));
#934=EDGE_LOOP('',(#4554));
#935=EDGE_LOOP('',(#4555,#4556,#4557,#4558,#4559,#4560,#4561,#4562));
#936=EDGE_LOOP('',(#4563,#4564,#4565,#4566));
#937=EDGE_LOOP('',(#4567,#4568,#4569,#4570));
#938=EDGE_LOOP('',(#4571,#4572,#4573,#4574,#4575,#4576,#4577,#4578));
#939=EDGE_LOOP('',(#4579,#4580,#4581,#4582));
#940=EDGE_LOOP('',(#4583,#4584,#4585,#4586));
#941=EDGE_LOOP('',(#4587,#4588,#4589,#4590));
#942=EDGE_LOOP('',(#4591,#4592,#4593,#4594));
#943=EDGE_LOOP('',(#4595));
#944=EDGE_LOOP('',(#4596));
#945=LINE('',#6737,#1399);
#946=LINE('',#6741,#1400);
#947=LINE('',#6745,#1401);
#948=LINE('',#6749,#1402);
#949=LINE('',#6753,#1403);
#950=LINE('',#6756,#1404);
#951=LINE('',#6767,#1405);
#952=LINE('',#6771,#1406);
#953=LINE('',#6773,#1407);
#954=LINE('',#6777,#1408);
#955=LINE('',#6781,#1409);
#956=LINE('',#6784,#1410);
#957=LINE('',#6787,#1411);
#958=LINE('',#6791,#1412);
#959=LINE('',#6795,#1413);
#960=LINE('',#6799,#1414);
#961=LINE('',#6803,#1415);
#962=LINE('',#6805,#1416);
#963=LINE('',#6806,#1417);
#964=LINE('',#6809,#1418);
#965=LINE('',#6811,#1419);
#966=LINE('',#6813,#1420);
#967=LINE('',#6814,#1421);
#968=LINE('',#6817,#1422);
#969=LINE('',#6821,#1423);
#970=LINE('',#6825,#1424);
#971=LINE('',#6829,#1425);
#972=LINE('',#6835,#1426);
#973=LINE('',#6840,#1427);
#974=LINE('',#6842,#1428);
#975=LINE('',#6844,#1429);
#976=LINE('',#6845,#1430);
#977=LINE('',#6850,#1431);
#978=LINE('',#6854,#1432);
#979=LINE('',#6856,#1433);
#980=LINE('',#6857,#1434);
#981=LINE('',#6866,#1435);
#982=LINE('',#6869,#1436);
#983=LINE('',#6871,#1437);
#984=LINE('',#6872,#1438);
#985=LINE('',#6873,#1439);
#986=LINE('',#6879,#1440);
#987=LINE('',#6880,#1441);
#988=LINE('',#6885,#1442);
#989=LINE('',#6890,#1443);
#990=LINE('',#6892,#1444);
#991=LINE('',#6894,#1445);
#992=LINE('',#6895,#1446);
#993=LINE('',#6900,#1447);
#994=LINE('',#6904,#1448);
#995=LINE('',#6906,#1449);
#996=LINE('',#6907,#1450);
#997=LINE('',#6912,#1451);
#998=LINE('',#6919,#1452);
#999=LINE('',#6922,#1453);
#1000=LINE('',#6924,#1454);
#1001=LINE('',#6925,#1455);
#1002=LINE('',#6931,#1456);
#1003=LINE('',#6933,#1457);
#1004=LINE('',#6934,#1458);
#1005=LINE('',#6939,#1459);
#1006=LINE('',#6940,#1460);
#1007=LINE('',#6941,#1461);
#1008=LINE('',#6945,#1462);
#1009=LINE('',#6948,#1463);
#1010=LINE('',#6949,#1464);
#1011=LINE('',#6957,#1465);
#1012=LINE('',#6958,#1466);
#1013=LINE('',#6959,#1467);
#1014=LINE('',#6963,#1468);
#1015=LINE('',#6966,#1469);
#1016=LINE('',#6967,#1470);
#1017=LINE('',#6971,#1471);
#1018=LINE('',#6974,#1472);
#1019=LINE('',#6975,#1473);
#1020=LINE('',#6979,#1474);
#1021=LINE('',#6982,#1475);
#1022=LINE('',#6983,#1476);
#1023=LINE('',#6988,#1477);
#1024=LINE('',#6990,#1478);
#1025=LINE('',#6991,#1479);
#1026=LINE('',#6995,#1480);
#1027=LINE('',#6998,#1481);
#1028=LINE('',#6999,#1482);
#1029=LINE('',#7003,#1483);
#1030=LINE('',#7006,#1484);
#1031=LINE('',#7007,#1485);
#1032=LINE('',#7011,#1486);
#1033=LINE('',#7014,#1487);
#1034=LINE('',#7015,#1488);
#1035=LINE('',#7019,#1489);
#1036=LINE('',#7022,#1490);
#1037=LINE('',#7023,#1491);
#1038=LINE('',#7027,#1492);
#1039=LINE('',#7030,#1493);
#1040=LINE('',#7031,#1494);
#1041=LINE('',#7040,#1495);
#1042=LINE('',#7046,#1496);
#1043=LINE('',#7052,#1497);
#1044=LINE('',#7058,#1498);
#1045=LINE('',#7064,#1499);
#1046=LINE('',#7069,#1500);
#1047=LINE('',#7071,#1501);
#1048=LINE('',#7073,#1502);
#1049=LINE('',#7074,#1503);
#1050=LINE('',#7079,#1504);
#1051=LINE('',#7083,#1505);
#1052=LINE('',#7085,#1506);
#1053=LINE('',#7086,#1507);
#1054=LINE('',#7091,#1508);
#1055=LINE('',#7098,#1509);
#1056=LINE('',#7101,#1510);
#1057=LINE('',#7104,#1511);
#1058=LINE('',#7107,#1512);
#1059=LINE('',#7109,#1513);
#1060=LINE('',#7111,#1514);
#1061=LINE('',#7112,#1515);
#1062=LINE('',#7115,#1516);
#1063=LINE('',#7120,#1517);
#1064=LINE('',#7121,#1518);
#1065=LINE('',#7122,#1519);
#1066=LINE('',#7127,#1520);
#1067=LINE('',#7134,#1521);
#1068=LINE('',#7137,#1522);
#1069=LINE('',#7140,#1523);
#1070=LINE('',#7142,#1524);
#1071=LINE('',#7143,#1525);
#1072=LINE('',#7148,#1526);
#1073=LINE('',#7152,#1527);
#1074=LINE('',#7154,#1528);
#1075=LINE('',#7155,#1529);
#1076=LINE('',#7158,#1530);
#1077=LINE('',#7160,#1531);
#1078=LINE('',#7161,#1532);
#1079=LINE('',#7167,#1533);
#1080=LINE('',#7170,#1534);
#1081=LINE('',#7172,#1535);
#1082=LINE('',#7173,#1536);
#1083=LINE('',#7181,#1537);
#1084=LINE('',#7185,#1538);
#1085=LINE('',#7189,#1539);
#1086=LINE('',#7193,#1540);
#1087=LINE('',#7197,#1541);
#1088=LINE('',#7201,#1542);
#1089=LINE('',#7204,#1543);
#1090=LINE('',#7208,#1544);
#1091=LINE('',#7212,#1545);
#1092=LINE('',#7215,#1546);
#1093=LINE('',#7220,#1547);
#1094=LINE('',#7224,#1548);
#1095=LINE('',#7228,#1549);
#1096=LINE('',#7231,#1550);
#1097=LINE('',#7236,#1551);
#1098=LINE('',#7237,#1552);
#1099=LINE('',#7240,#1553);
#1100=LINE('',#7241,#1554);
#1101=LINE('',#7245,#1555);
#1102=LINE('',#7247,#1556);
#1103=LINE('',#7250,#1557);
#1104=LINE('',#7251,#1558);
#1105=LINE('',#7255,#1559);
#1106=LINE('',#7257,#1560);
#1107=LINE('',#7262,#1561);
#1108=LINE('',#7263,#1562);
#1109=LINE('',#7266,#1563);
#1110=LINE('',#7267,#1564);
#1111=LINE('',#7271,#1565);
#1112=LINE('',#7274,#1566);
#1113=LINE('',#7275,#1567);
#1114=LINE('',#7279,#1568);
#1115=LINE('',#7282,#1569);
#1116=LINE('',#7283,#1570);
#1117=LINE('',#7287,#1571);
#1118=LINE('',#7289,#1572);
#1119=LINE('',#7292,#1573);
#1120=LINE('',#7295,#1574);
#1121=LINE('',#7298,#1575);
#1122=LINE('',#7299,#1576);
#1123=LINE('',#7303,#1577);
#1124=LINE('',#7306,#1578);
#1125=LINE('',#7307,#1579);
#1126=LINE('',#7311,#1580);
#1127=LINE('',#7314,#1581);
#1128=LINE('',#7315,#1582);
#1129=LINE('',#7319,#1583);
#1130=LINE('',#7322,#1584);
#1131=LINE('',#7323,#1585);
#1132=LINE('',#7327,#1586);
#1133=LINE('',#7330,#1587);
#1134=LINE('',#7331,#1588);
#1135=LINE('',#7335,#1589);
#1136=LINE('',#7337,#1590);
#1137=LINE('',#7343,#1591);
#1138=LINE('',#7345,#1592);
#1139=LINE('',#7347,#1593);
#1140=LINE('',#7348,#1594);
#1141=LINE('',#7351,#1595);
#1142=LINE('',#7353,#1596);
#1143=LINE('',#7354,#1597);
#1144=LINE('',#7359,#1598);
#1145=LINE('',#7361,#1599);
#1146=LINE('',#7362,#1600);
#1147=LINE('',#7364,#1601);
#1148=LINE('',#7365,#1602);
#1149=LINE('',#7372,#1603);
#1150=LINE('',#7374,#1604);
#1151=LINE('',#7376,#1605);
#1152=LINE('',#7377,#1606);
#1153=LINE('',#7380,#1607);
#1154=LINE('',#7382,#1608);
#1155=LINE('',#7383,#1609);
#1156=LINE('',#7388,#1610);
#1157=LINE('',#7390,#1611);
#1158=LINE('',#7391,#1612);
#1159=LINE('',#7393,#1613);
#1160=LINE('',#7394,#1614);
#1161=LINE('',#7401,#1615);
#1162=LINE('',#7405,#1616);
#1163=LINE('',#7409,#1617);
#1164=LINE('',#7414,#1618);
#1165=LINE('',#7419,#1619);
#1166=LINE('',#7421,#1620);
#1167=LINE('',#7423,#1621);
#1168=LINE('',#7424,#1622);
#1169=LINE('',#7427,#1623);
#1170=LINE('',#7429,#1624);
#1171=LINE('',#7430,#1625);
#1172=LINE('',#7435,#1626);
#1173=LINE('',#7437,#1627);
#1174=LINE('',#7438,#1628);
#1175=LINE('',#7440,#1629);
#1176=LINE('',#7441,#1630);
#1177=LINE('',#7448,#1631);
#1178=LINE('',#7450,#1632);
#1179=LINE('',#7452,#1633);
#1180=LINE('',#7453,#1634);
#1181=LINE('',#7456,#1635);
#1182=LINE('',#7458,#1636);
#1183=LINE('',#7459,#1637);
#1184=LINE('',#7464,#1638);
#1185=LINE('',#7466,#1639);
#1186=LINE('',#7467,#1640);
#1187=LINE('',#7469,#1641);
#1188=LINE('',#7470,#1642);
#1189=LINE('',#7477,#1643);
#1190=LINE('',#7481,#1644);
#1191=LINE('',#7484,#1645);
#1192=LINE('',#7489,#1646);
#1193=LINE('',#7496,#1647);
#1194=LINE('',#7670,#1648);
#1195=LINE('',#7691,#1649);
#1196=LINE('',#7753,#1650);
#1197=LINE('',#7758,#1651);
#1198=LINE('',#7764,#1652);
#1199=LINE('',#7766,#1653);
#1200=LINE('',#7786,#1654);
#1201=LINE('',#7789,#1655);
#1202=LINE('',#7791,#1656);
#1203=LINE('',#7793,#1657);
#1204=LINE('',#7795,#1658);
#1205=LINE('',#7796,#1659);
#1206=LINE('',#7798,#1660);
#1207=LINE('',#7800,#1661);
#1208=LINE('',#7802,#1662);
#1209=LINE('',#7803,#1663);
#1210=LINE('',#7806,#1664);
#1211=LINE('',#7808,#1665);
#1212=LINE('',#7810,#1666);
#1213=LINE('',#7812,#1667);
#1214=LINE('',#7814,#1668);
#1215=LINE('',#7815,#1669);
#1216=LINE('',#7817,#1670);
#1217=LINE('',#7819,#1671);
#1218=LINE('',#7821,#1672);
#1219=LINE('',#7822,#1673);
#1220=LINE('',#7824,#1674);
#1221=LINE('',#8491,#1675);
#1222=LINE('',#8668,#1676);
#1223=LINE('',#8689,#1677);
#1224=LINE('',#8704,#1678);
#1225=LINE('',#8710,#1679);
#1226=LINE('',#8712,#1680);
#1227=LINE('',#8732,#1681);
#1228=LINE('',#8735,#1682);
#1229=LINE('',#8737,#1683);
#1230=LINE('',#8739,#1684);
#1231=LINE('',#8741,#1685);
#1232=LINE('',#8742,#1686);
#1233=LINE('',#8744,#1687);
#1234=LINE('',#8746,#1688);
#1235=LINE('',#8748,#1689);
#1236=LINE('',#8749,#1690);
#1237=LINE('',#8752,#1691);
#1238=LINE('',#8754,#1692);
#1239=LINE('',#8756,#1693);
#1240=LINE('',#8758,#1694);
#1241=LINE('',#8759,#1695);
#1242=LINE('',#8761,#1696);
#1243=LINE('',#8763,#1697);
#1244=LINE('',#8765,#1698);
#1245=LINE('',#8766,#1699);
#1246=LINE('',#8768,#1700);
#1247=LINE('',#9381,#1701);
#1248=LINE('',#9384,#1702);
#1249=LINE('',#9387,#1703);
#1250=LINE('',#9389,#1704);
#1251=LINE('',#9390,#1705);
#1252=LINE('',#9396,#1706);
#1253=LINE('',#9399,#1707);
#1254=LINE('',#9401,#1708);
#1255=LINE('',#9402,#1709);
#1256=LINE('',#9408,#1710);
#1257=LINE('',#9411,#1711);
#1258=LINE('',#9413,#1712);
#1259=LINE('',#9414,#1713);
#1260=LINE('',#9420,#1714);
#1261=LINE('',#9422,#1715);
#1262=LINE('',#9423,#1716);
#1263=LINE('',#9430,#1717);
#1264=LINE('',#9432,#1718);
#1265=LINE('',#9434,#1719);
#1266=LINE('',#9435,#1720);
#1267=LINE('',#9438,#1721);
#1268=LINE('',#9440,#1722);
#1269=LINE('',#9441,#1723);
#1270=LINE('',#9446,#1724);
#1271=LINE('',#9448,#1725);
#1272=LINE('',#9449,#1726);
#1273=LINE('',#9451,#1727);
#1274=LINE('',#9452,#1728);
#1275=LINE('',#9459,#1729);
#1276=LINE('',#9461,#1730);
#1277=LINE('',#9463,#1731);
#1278=LINE('',#9464,#1732);
#1279=LINE('',#9467,#1733);
#1280=LINE('',#9469,#1734);
#1281=LINE('',#9470,#1735);
#1282=LINE('',#9475,#1736);
#1283=LINE('',#9477,#1737);
#1284=LINE('',#9478,#1738);
#1285=LINE('',#9480,#1739);
#1286=LINE('',#9481,#1740);
#1287=LINE('',#9488,#1741);
#1288=LINE('',#9492,#1742);
#1289=LINE('',#9496,#1743);
#1290=LINE('',#9501,#1744);
#1291=LINE('',#9506,#1745);
#1292=LINE('',#9508,#1746);
#1293=LINE('',#9510,#1747);
#1294=LINE('',#9511,#1748);
#1295=LINE('',#9514,#1749);
#1296=LINE('',#9516,#1750);
#1297=LINE('',#9517,#1751);
#1298=LINE('',#9522,#1752);
#1299=LINE('',#9524,#1753);
#1300=LINE('',#9525,#1754);
#1301=LINE('',#9527,#1755);
#1302=LINE('',#9528,#1756);
#1303=LINE('',#9535,#1757);
#1304=LINE('',#9537,#1758);
#1305=LINE('',#9539,#1759);
#1306=LINE('',#9540,#1760);
#1307=LINE('',#9543,#1761);
#1308=LINE('',#9545,#1762);
#1309=LINE('',#9546,#1763);
#1310=LINE('',#9551,#1764);
#1311=LINE('',#9553,#1765);
#1312=LINE('',#9554,#1766);
#1313=LINE('',#9556,#1767);
#1314=LINE('',#9557,#1768);
#1315=LINE('',#9564,#1769);
#1316=LINE('',#9568,#1770);
#1317=LINE('',#9571,#1771);
#1318=LINE('',#9576,#1772);
#1319=LINE('',#9583,#1773);
#1320=LINE('',#9814,#1774);
#1321=LINE('',#9835,#1775);
#1322=LINE('',#9897,#1776);
#1323=LINE('',#9949,#1777);
#1324=LINE('',#10001,#1778);
#1325=LINE('',#10006,#1779);
#1326=LINE('',#10012,#1780);
#1327=LINE('',#10014,#1781);
#1328=LINE('',#10034,#1782);
#1329=LINE('',#10037,#1783);
#1330=LINE('',#10039,#1784);
#1331=LINE('',#10041,#1785);
#1332=LINE('',#10043,#1786);
#1333=LINE('',#10044,#1787);
#1334=LINE('',#10046,#1788);
#1335=LINE('',#10048,#1789);
#1336=LINE('',#10050,#1790);
#1337=LINE('',#10052,#1791);
#1338=LINE('',#10053,#1792);
#1339=LINE('',#10056,#1793);
#1340=LINE('',#10058,#1794);
#1341=LINE('',#10060,#1795);
#1342=LINE('',#10062,#1796);
#1343=LINE('',#10064,#1797);
#1344=LINE('',#10066,#1798);
#1345=LINE('',#10068,#1799);
#1346=LINE('',#10070,#1800);
#1347=LINE('',#10071,#1801);
#1348=LINE('',#10073,#1802);
#1349=LINE('',#10075,#1803);
#1350=LINE('',#10077,#1804);
#1351=LINE('',#10078,#1805);
#1352=LINE('',#10080,#1806);
#1353=LINE('',#10940,#1807);
#1354=LINE('',#11108,#1808);
#1355=LINE('',#11129,#1809);
#1356=LINE('',#11199,#1810);
#1357=LINE('',#11204,#1811);
#1358=LINE('',#11210,#1812);
#1359=LINE('',#11212,#1813);
#1360=LINE('',#11232,#1814);
#1361=LINE('',#11235,#1815);
#1362=LINE('',#11237,#1816);
#1363=LINE('',#11239,#1817);
#1364=LINE('',#11240,#1818);
#1365=LINE('',#11242,#1819);
#1366=LINE('',#11244,#1820);
#1367=LINE('',#11246,#1821);
#1368=LINE('',#11248,#1822);
#1369=LINE('',#11250,#1823);
#1370=LINE('',#11251,#1824);
#1371=LINE('',#11254,#1825);
#1372=LINE('',#11256,#1826);
#1373=LINE('',#11258,#1827);
#1374=LINE('',#11260,#1828);
#1375=LINE('',#11262,#1829);
#1376=LINE('',#11264,#1830);
#1377=LINE('',#11266,#1831);
#1378=LINE('',#11267,#1832);
#1379=LINE('',#11269,#1833);
#1380=LINE('',#11271,#1834);
#1381=LINE('',#11272,#1835);
#1382=LINE('',#11274,#1836);
#1383=LINE('',#12041,#1837);
#1384=LINE('',#12044,#1838);
#1385=LINE('',#12047,#1839);
#1386=LINE('',#12049,#1840);
#1387=LINE('',#12050,#1841);
#1388=LINE('',#12056,#1842);
#1389=LINE('',#12059,#1843);
#1390=LINE('',#12061,#1844);
#1391=LINE('',#12062,#1845);
#1392=LINE('',#12068,#1846);
#1393=LINE('',#12071,#1847);
#1394=LINE('',#12073,#1848);
#1395=LINE('',#12074,#1849);
#1396=LINE('',#12080,#1850);
#1397=LINE('',#12082,#1851);
#1398=LINE('',#12083,#1852);
#1399=VECTOR('',#5482,1.);
#1400=VECTOR('',#5485,1.);
#1401=VECTOR('',#5488,1.);
#1402=VECTOR('',#5491,1.);
#1403=VECTOR('',#5494,1.);
#1404=VECTOR('',#5497,1.);
#1405=VECTOR('',#5506,1.);
#1406=VECTOR('',#5509,1.);
#1407=VECTOR('',#5510,1.);
#1408=VECTOR('',#5513,1.);
#1409=VECTOR('',#5516,1.);
#1410=VECTOR('',#5519,1.);
#1411=VECTOR('',#5520,1.);
#1412=VECTOR('',#5523,1.);
#1413=VECTOR('',#5526,1.);
#1414=VECTOR('',#5529,1.);
#1415=VECTOR('',#5534,1.);
#1416=VECTOR('',#5535,1.);
#1417=VECTOR('',#5536,1.);
#1418=VECTOR('',#5539,1.);
#1419=VECTOR('',#5540,1.);
#1420=VECTOR('',#5541,1.);
#1421=VECTOR('',#5542,1.);
#1422=VECTOR('',#5545,0.27);
#1423=VECTOR('',#5550,0.27);
#1424=VECTOR('',#5555,0.27);
#1425=VECTOR('',#5560,0.27);
#1426=VECTOR('',#5567,0.225);
#1427=VECTOR('',#5572,1.);
#1428=VECTOR('',#5573,1.);
#1429=VECTOR('',#5574,1.);
#1430=VECTOR('',#5575,1.);
#1431=VECTOR('',#5580,1.);
#1432=VECTOR('',#5585,1.);
#1433=VECTOR('',#5586,1.);
#1434=VECTOR('',#5587,1.);
#1435=VECTOR('',#5600,1.);
#1436=VECTOR('',#5603,1.);
#1437=VECTOR('',#5604,1.);
#1438=VECTOR('',#5605,1.);
#1439=VECTOR('',#5606,1.);
#1440=VECTOR('',#5615,1.);
#1441=VECTOR('',#5616,1.);
#1442=VECTOR('',#5621,0.225000000000001);
#1443=VECTOR('',#5626,1.);
#1444=VECTOR('',#5627,1.);
#1445=VECTOR('',#5628,1.);
#1446=VECTOR('',#5629,1.);
#1447=VECTOR('',#5634,1.);
#1448=VECTOR('',#5639,1.);
#1449=VECTOR('',#5640,1.);
#1450=VECTOR('',#5641,1.);
#1451=VECTOR('',#5646,1.);
#1452=VECTOR('',#5655,1.);
#1453=VECTOR('',#5658,1.);
#1454=VECTOR('',#5659,1.);
#1455=VECTOR('',#5660,1.);
#1456=VECTOR('',#5667,1.);
#1457=VECTOR('',#5670,1.);
#1458=VECTOR('',#5671,1.);
#1459=VECTOR('',#5676,1.);
#1460=VECTOR('',#5677,1.);
#1461=VECTOR('',#5678,1.);
#1462=VECTOR('',#5683,1.);
#1463=VECTOR('',#5686,1.);
#1464=VECTOR('',#5687,1.);
#1465=VECTOR('',#5698,1.);
#1466=VECTOR('',#5699,1.);
#1467=VECTOR('',#5700,1.);
#1468=VECTOR('',#5705,1.);
#1469=VECTOR('',#5708,1.);
#1470=VECTOR('',#5709,1.);
#1471=VECTOR('',#5714,1.);
#1472=VECTOR('',#5717,1.);
#1473=VECTOR('',#5718,1.);
#1474=VECTOR('',#5723,1.);
#1475=VECTOR('',#5726,1.);
#1476=VECTOR('',#5727,1.);
#1477=VECTOR('',#5734,1.);
#1478=VECTOR('',#5735,1.);
#1479=VECTOR('',#5736,1.);
#1480=VECTOR('',#5741,1.);
#1481=VECTOR('',#5744,1.);
#1482=VECTOR('',#5745,1.);
#1483=VECTOR('',#5750,1.);
#1484=VECTOR('',#5753,1.);
#1485=VECTOR('',#5754,1.);
#1486=VECTOR('',#5759,1.);
#1487=VECTOR('',#5762,1.);
#1488=VECTOR('',#5763,1.);
#1489=VECTOR('',#5768,1.);
#1490=VECTOR('',#5771,1.);
#1491=VECTOR('',#5772,1.);
#1492=VECTOR('',#5777,1.);
#1493=VECTOR('',#5780,1.);
#1494=VECTOR('',#5781,1.);
#1495=VECTOR('',#5794,0.27);
#1496=VECTOR('',#5801,0.27);
#1497=VECTOR('',#5808,0.27);
#1498=VECTOR('',#5815,0.27);
#1499=VECTOR('',#5822,0.225);
#1500=VECTOR('',#5827,1.);
#1501=VECTOR('',#5828,1.);
#1502=VECTOR('',#5829,1.);
#1503=VECTOR('',#5830,1.);
#1504=VECTOR('',#5835,1.);
#1505=VECTOR('',#5840,1.);
#1506=VECTOR('',#5841,1.);
#1507=VECTOR('',#5842,1.);
#1508=VECTOR('',#5847,1.);
#1509=VECTOR('',#5856,1.);
#1510=VECTOR('',#5859,1.);
#1511=VECTOR('',#5862,1.);
#1512=VECTOR('',#5865,1.);
#1513=VECTOR('',#5866,1.);
#1514=VECTOR('',#5867,1.);
#1515=VECTOR('',#5868,1.);
#1516=VECTOR('',#5871,1.);
#1517=VECTOR('',#5876,1.);
#1518=VECTOR('',#5877,1.);
#1519=VECTOR('',#5878,1.);
#1520=VECTOR('',#5883,0.225000000000001);
#1521=VECTOR('',#5890,1.);
#1522=VECTOR('',#5893,1.);
#1523=VECTOR('',#5896,1.);
#1524=VECTOR('',#5897,1.);
#1525=VECTOR('',#5898,1.);
#1526=VECTOR('',#5903,1.);
#1527=VECTOR('',#5908,1.);
#1528=VECTOR('',#5909,1.);
#1529=VECTOR('',#5910,1.);
#1530=VECTOR('',#5913,1.);
#1531=VECTOR('',#5914,1.);
#1532=VECTOR('',#5915,1.);
#1533=VECTOR('',#5922,1.);
#1534=VECTOR('',#5925,1.);
#1535=VECTOR('',#5926,1.);
#1536=VECTOR('',#5927,1.);
#1537=VECTOR('',#5938,1.);
#1538=VECTOR('',#5941,1.);
#1539=VECTOR('',#5944,1.);
#1540=VECTOR('',#5947,1.);
#1541=VECTOR('',#5950,1.);
#1542=VECTOR('',#5953,1.);
#1543=VECTOR('',#5956,1.);
#1544=VECTOR('',#5959,1.);
#1545=VECTOR('',#5962,1.);
#1546=VECTOR('',#5965,1.);
#1547=VECTOR('',#5968,1.);
#1548=VECTOR('',#5971,1.);
#1549=VECTOR('',#5974,1.);
#1550=VECTOR('',#5977,1.);
#1551=VECTOR('',#5982,1.);
#1552=VECTOR('',#5983,1.);
#1553=VECTOR('',#5986,1.);
#1554=VECTOR('',#5987,1.);
#1555=VECTOR('',#5992,1.);
#1556=VECTOR('',#5995,1.);
#1557=VECTOR('',#5998,1.);
#1558=VECTOR('',#5999,1.);
#1559=VECTOR('',#6004,1.);
#1560=VECTOR('',#6007,1.);
#1561=VECTOR('',#6012,1.);
#1562=VECTOR('',#6013,1.);
#1563=VECTOR('',#6016,1.);
#1564=VECTOR('',#6017,1.);
#1565=VECTOR('',#6022,1.);
#1566=VECTOR('',#6025,1.);
#1567=VECTOR('',#6026,1.);
#1568=VECTOR('',#6031,1.);
#1569=VECTOR('',#6034,1.);
#1570=VECTOR('',#6035,1.);
#1571=VECTOR('',#6040,1.);
#1572=VECTOR('',#6043,1.);
#1573=VECTOR('',#6046,1.);
#1574=VECTOR('',#6049,1.);
#1575=VECTOR('',#6052,1.);
#1576=VECTOR('',#6053,1.);
#1577=VECTOR('',#6058,1.);
#1578=VECTOR('',#6061,1.);
#1579=VECTOR('',#6062,1.);
#1580=VECTOR('',#6067,1.);
#1581=VECTOR('',#6070,1.);
#1582=VECTOR('',#6071,1.);
#1583=VECTOR('',#6076,1.);
#1584=VECTOR('',#6079,1.);
#1585=VECTOR('',#6080,1.);
#1586=VECTOR('',#6085,1.);
#1587=VECTOR('',#6088,1.);
#1588=VECTOR('',#6089,1.);
#1589=VECTOR('',#6094,1.);
#1590=VECTOR('',#6097,1.);
#1591=VECTOR('',#6104,1.);
#1592=VECTOR('',#6105,1.);
#1593=VECTOR('',#6106,1.);
#1594=VECTOR('',#6107,1.);
#1595=VECTOR('',#6110,1.);
#1596=VECTOR('',#6111,1.);
#1597=VECTOR('',#6112,1.);
#1598=VECTOR('',#6117,1.);
#1599=VECTOR('',#6118,1.);
#1600=VECTOR('',#6119,1.);
#1601=VECTOR('',#6122,1.);
#1602=VECTOR('',#6123,1.);
#1603=VECTOR('',#6130,1.);
#1604=VECTOR('',#6131,1.);
#1605=VECTOR('',#6132,1.);
#1606=VECTOR('',#6133,1.);
#1607=VECTOR('',#6136,1.);
#1608=VECTOR('',#6137,1.);
#1609=VECTOR('',#6138,1.);
#1610=VECTOR('',#6143,1.);
#1611=VECTOR('',#6144,1.);
#1612=VECTOR('',#6145,1.);
#1613=VECTOR('',#6148,1.);
#1614=VECTOR('',#6149,1.);
#1615=VECTOR('',#6158,0.27);
#1616=VECTOR('',#6163,0.27);
#1617=VECTOR('',#6168,0.27);
#1618=VECTOR('',#6175,0.27);
#1619=VECTOR('',#6180,1.);
#1620=VECTOR('',#6181,1.);
#1621=VECTOR('',#6182,1.);
#1622=VECTOR('',#6183,1.);
#1623=VECTOR('',#6186,1.);
#1624=VECTOR('',#6187,1.);
#1625=VECTOR('',#6188,1.);
#1626=VECTOR('',#6193,1.);
#1627=VECTOR('',#6194,1.);
#1628=VECTOR('',#6195,1.);
#1629=VECTOR('',#6198,1.);
#1630=VECTOR('',#6199,1.);
#1631=VECTOR('',#6206,1.);
#1632=VECTOR('',#6207,1.);
#1633=VECTOR('',#6208,1.);
#1634=VECTOR('',#6209,1.);
#1635=VECTOR('',#6212,1.);
#1636=VECTOR('',#6213,1.);
#1637=VECTOR('',#6214,1.);
#1638=VECTOR('',#6219,1.);
#1639=VECTOR('',#6220,1.);
#1640=VECTOR('',#6221,1.);
#1641=VECTOR('',#6224,1.);
#1642=VECTOR('',#6225,1.);
#1643=VECTOR('',#6234,0.27);
#1644=VECTOR('',#6239,0.27);
#1645=VECTOR('',#6242,0.27);
#1646=VECTOR('',#6249,0.27);
#1647=VECTOR('',#6258,0.34);
#1648=VECTOR('',#6259,1.);
#1649=VECTOR('',#6260,1.);
#1650=VECTOR('',#6261,1.);
#1651=VECTOR('',#6266,0.8);
#1652=VECTOR('',#6273,1.);
#1653=VECTOR('',#6274,1.);
#1654=VECTOR('',#6275,1.);
#1655=VECTOR('',#6278,1.);
#1656=VECTOR('',#6279,1.);
#1657=VECTOR('',#6280,1.);
#1658=VECTOR('',#6281,1.);
#1659=VECTOR('',#6282,1.);
#1660=VECTOR('',#6283,1.);
#1661=VECTOR('',#6284,1.);
#1662=VECTOR('',#6285,1.);
#1663=VECTOR('',#6286,1.);
#1664=VECTOR('',#6289,1.);
#1665=VECTOR('',#6290,1.);
#1666=VECTOR('',#6291,1.);
#1667=VECTOR('',#6292,1.);
#1668=VECTOR('',#6293,1.);
#1669=VECTOR('',#6294,1.);
#1670=VECTOR('',#6295,1.);
#1671=VECTOR('',#6296,1.);
#1672=VECTOR('',#6297,1.);
#1673=VECTOR('',#6298,1.);
#1674=VECTOR('',#6301,1.);
#1675=VECTOR('',#6306,0.34);
#1676=VECTOR('',#6307,1.);
#1677=VECTOR('',#6308,1.);
#1678=VECTOR('',#6313,0.8);
#1679=VECTOR('',#6320,1.);
#1680=VECTOR('',#6321,1.);
#1681=VECTOR('',#6322,1.);
#1682=VECTOR('',#6325,1.);
#1683=VECTOR('',#6326,1.);
#1684=VECTOR('',#6327,1.);
#1685=VECTOR('',#6328,1.);
#1686=VECTOR('',#6329,1.);
#1687=VECTOR('',#6330,1.);
#1688=VECTOR('',#6331,1.);
#1689=VECTOR('',#6332,1.);
#1690=VECTOR('',#6333,1.);
#1691=VECTOR('',#6336,1.);
#1692=VECTOR('',#6337,1.);
#1693=VECTOR('',#6338,1.);
#1694=VECTOR('',#6339,1.);
#1695=VECTOR('',#6340,1.);
#1696=VECTOR('',#6341,1.);
#1697=VECTOR('',#6342,1.);
#1698=VECTOR('',#6343,1.);
#1699=VECTOR('',#6344,1.);
#1700=VECTOR('',#6347,1.);
#1701=VECTOR('',#6352,1.);
#1702=VECTOR('',#6355,1.);
#1703=VECTOR('',#6358,1.);
#1704=VECTOR('',#6359,1.);
#1705=VECTOR('',#6360,1.);
#1706=VECTOR('',#6367,1.);
#1707=VECTOR('',#6370,1.);
#1708=VECTOR('',#6371,1.);
#1709=VECTOR('',#6372,1.);
#1710=VECTOR('',#6379,1.);
#1711=VECTOR('',#6382,1.);
#1712=VECTOR('',#6383,1.);
#1713=VECTOR('',#6384,1.);
#1714=VECTOR('',#6391,1.);
#1715=VECTOR('',#6394,1.);
#1716=VECTOR('',#6395,1.);
#1717=VECTOR('',#6404,1.);
#1718=VECTOR('',#6405,1.);
#1719=VECTOR('',#6406,1.);
#1720=VECTOR('',#6407,1.);
#1721=VECTOR('',#6410,1.);
#1722=VECTOR('',#6411,1.);
#1723=VECTOR('',#6412,1.);
#1724=VECTOR('',#6417,1.);
#1725=VECTOR('',#6418,1.);
#1726=VECTOR('',#6419,1.);
#1727=VECTOR('',#6422,1.);
#1728=VECTOR('',#6423,1.);
#1729=VECTOR('',#6430,1.);
#1730=VECTOR('',#6431,1.);
#1731=VECTOR('',#6432,1.);
#1732=VECTOR('',#6433,1.);
#1733=VECTOR('',#6436,1.);
#1734=VECTOR('',#6437,1.);
#1735=VECTOR('',#6438,1.);
#1736=VECTOR('',#6443,1.);
#1737=VECTOR('',#6444,1.);
#1738=VECTOR('',#6445,1.);
#1739=VECTOR('',#6448,1.);
#1740=VECTOR('',#6449,1.);
#1741=VECTOR('',#6458,0.27);
#1742=VECTOR('',#6463,0.27);
#1743=VECTOR('',#6468,0.27);
#1744=VECTOR('',#6475,0.27);
#1745=VECTOR('',#6480,1.);
#1746=VECTOR('',#6481,1.);
#1747=VECTOR('',#6482,1.);
#1748=VECTOR('',#6483,1.);
#1749=VECTOR('',#6486,1.);
#1750=VECTOR('',#6487,1.);
#1751=VECTOR('',#6488,1.);
#1752=VECTOR('',#6493,1.);
#1753=VECTOR('',#6494,1.);
#1754=VECTOR('',#6495,1.);
#1755=VECTOR('',#6498,1.);
#1756=VECTOR('',#6499,1.);
#1757=VECTOR('',#6506,1.);
#1758=VECTOR('',#6507,1.);
#1759=VECTOR('',#6508,1.);
#1760=VECTOR('',#6509,1.);
#1761=VECTOR('',#6512,1.);
#1762=VECTOR('',#6513,1.);
#1763=VECTOR('',#6514,1.);
#1764=VECTOR('',#6519,1.);
#1765=VECTOR('',#6520,1.);
#1766=VECTOR('',#6521,1.);
#1767=VECTOR('',#6524,1.);
#1768=VECTOR('',#6525,1.);
#1769=VECTOR('',#6534,0.27);
#1770=VECTOR('',#6539,0.27);
#1771=VECTOR('',#6542,0.27);
#1772=VECTOR('',#6549,0.27);
#1773=VECTOR('',#6558,0.34);
#1774=VECTOR('',#6559,1.);
#1775=VECTOR('',#6560,1.);
#1776=VECTOR('',#6561,1.);
#1777=VECTOR('',#6562,1.);
#1778=VECTOR('',#6563,1.);
#1779=VECTOR('',#6568,0.8);
#1780=VECTOR('',#6575,1.);
#1781=VECTOR('',#6576,1.);
#1782=VECTOR('',#6577,1.);
#1783=VECTOR('',#6580,1.);
#1784=VECTOR('',#6581,1.);
#1785=VECTOR('',#6582,1.);
#1786=VECTOR('',#6583,1.);
#1787=VECTOR('',#6584,1.);
#1788=VECTOR('',#6585,1.);
#1789=VECTOR('',#6586,1.);
#1790=VECTOR('',#6587,1.);
#1791=VECTOR('',#6588,1.);
#1792=VECTOR('',#6589,1.);
#1793=VECTOR('',#6592,1.);
#1794=VECTOR('',#6593,1.);
#1795=VECTOR('',#6594,1.);
#1796=VECTOR('',#6595,1.);
#1797=VECTOR('',#6596,1.);
#1798=VECTOR('',#6597,1.);
#1799=VECTOR('',#6598,1.);
#1800=VECTOR('',#6599,1.);
#1801=VECTOR('',#6600,1.);
#1802=VECTOR('',#6601,1.);
#1803=VECTOR('',#6602,1.);
#1804=VECTOR('',#6603,1.);
#1805=VECTOR('',#6604,1.);
#1806=VECTOR('',#6607,1.);
#1807=VECTOR('',#6612,0.34);
#1808=VECTOR('',#6613,1.);
#1809=VECTOR('',#6614,1.);
#1810=VECTOR('',#6615,1.);
#1811=VECTOR('',#6620,0.8);
#1812=VECTOR('',#6627,1.);
#1813=VECTOR('',#6628,1.);
#1814=VECTOR('',#6629,1.);
#1815=VECTOR('',#6632,1.);
#1816=VECTOR('',#6633,1.);
#1817=VECTOR('',#6634,1.);
#1818=VECTOR('',#6635,1.);
#1819=VECTOR('',#6636,1.);
#1820=VECTOR('',#6637,1.);
#1821=VECTOR('',#6638,1.);
#1822=VECTOR('',#6639,1.);
#1823=VECTOR('',#6640,1.);
#1824=VECTOR('',#6641,1.);
#1825=VECTOR('',#6644,1.);
#1826=VECTOR('',#6645,1.);
#1827=VECTOR('',#6646,1.);
#1828=VECTOR('',#6647,1.);
#1829=VECTOR('',#6648,1.);
#1830=VECTOR('',#6649,1.);
#1831=VECTOR('',#6650,1.);
#1832=VECTOR('',#6651,1.);
#1833=VECTOR('',#6652,1.);
#1834=VECTOR('',#6653,1.);
#1835=VECTOR('',#6654,1.);
#1836=VECTOR('',#6657,1.);
#1837=VECTOR('',#6662,1.);
#1838=VECTOR('',#6665,1.);
#1839=VECTOR('',#6668,1.);
#1840=VECTOR('',#6669,1.);
#1841=VECTOR('',#6670,1.);
#1842=VECTOR('',#6677,1.);
#1843=VECTOR('',#6680,1.);
#1844=VECTOR('',#6681,1.);
#1845=VECTOR('',#6682,1.);
#1846=VECTOR('',#6689,1.);
#1847=VECTOR('',#6692,1.);
#1848=VECTOR('',#6693,1.);
#1849=VECTOR('',#6694,1.);
#1850=VECTOR('',#6701,1.);
#1851=VECTOR('',#6704,1.);
#1852=VECTOR('',#6705,1.);
#1853=CIRCLE('',#5076,0.299999999999752);
#1854=CIRCLE('',#5077,0.300000000000018);
#1855=CIRCLE('',#5078,0.299999999999995);
#1856=CIRCLE('',#5079,0.300000000000002);
#1857=CIRCLE('',#5080,0.300000000000004);
#1858=CIRCLE('',#5081,0.299999999999826);
#1859=CIRCLE('',#5082,0.27);
#1860=CIRCLE('',#5083,0.27);
#1861=CIRCLE('',#5084,0.27);
#1862=CIRCLE('',#5085,0.27);
#1863=CIRCLE('',#5086,0.149999999999995);
#1864=CIRCLE('',#5087,0.600000000000001);
#1865=CIRCLE('',#5088,0.0412318168533048);
#1866=CIRCLE('',#5089,0.0267839366411966);
#1867=CIRCLE('',#5090,0.599999999999998);
#1868=CIRCLE('',#5091,0.0801813385932632);
#1869=CIRCLE('',#5092,0.0079031838722301);
#1870=CIRCLE('',#5093,0.6);
#1871=CIRCLE('',#5097,0.27);
#1872=CIRCLE('',#5099,0.27);
#1873=CIRCLE('',#5101,0.27);
#1874=CIRCLE('',#5103,0.27);
#1875=CIRCLE('',#5105,0.225);
#1876=CIRCLE('',#5106,0.225);
#1877=CIRCLE('',#5109,0.149999999999999);
#1878=CIRCLE('',#5110,0.149999999999999);
#1879=CIRCLE('',#5113,0.150000000000006);
#1880=CIRCLE('',#5114,0.150000000000006);
#1881=CIRCLE('',#5116,0.149999999999998);
#1882=CIRCLE('',#5117,0.149999999999998);
#1883=CIRCLE('',#5120,0.149999999999995);
#1884=CIRCLE('',#5124,0.225000000000001);
#1885=CIRCLE('',#5125,0.225000000000001);
#1886=CIRCLE('',#5128,0.150000000000003);
#1887=CIRCLE('',#5129,0.150000000000003);
#1888=CIRCLE('',#5132,0.150000000000006);
#1889=CIRCLE('',#5133,0.150000000000006);
#1890=CIRCLE('',#5135,0.149999999999997);
#1891=CIRCLE('',#5136,0.149999999999997);
#1892=CIRCLE('',#5139,0.149999999999993);
#1893=CIRCLE('',#5140,0.149999999999993);
#1894=CIRCLE('',#5145,0.0412318168533048);
#1895=CIRCLE('',#5148,0.600000000000001);
#1896=CIRCLE('',#5150,0.0267839366411966);
#1897=CIRCLE('',#5153,0.0801813385932632);
#1898=CIRCLE('',#5156,0.599999999999998);
#1899=CIRCLE('',#5159,0.6);
#1900=CIRCLE('',#5162,0.0079031838722301);
#1901=CIRCLE('',#5165,0.300000000000018);
#1902=CIRCLE('',#5168,0.299999999999995);
#1903=CIRCLE('',#5171,0.300000000000002);
#1904=CIRCLE('',#5174,0.300000000000004);
#1905=CIRCLE('',#5177,0.299999999999826);
#1906=CIRCLE('',#5180,0.299999999999752);
#1907=CIRCLE('',#5184,0.27);
#1908=CIRCLE('',#5185,0.27);
#1909=CIRCLE('',#5187,0.27);
#1910=CIRCLE('',#5188,0.27);
#1911=CIRCLE('',#5190,0.27);
#1912=CIRCLE('',#5191,0.27);
#1913=CIRCLE('',#5193,0.27);
#1914=CIRCLE('',#5194,0.27);
#1915=CIRCLE('',#5196,0.225);
#1916=CIRCLE('',#5197,0.225);
#1917=CIRCLE('',#5200,0.150000000000001);
#1918=CIRCLE('',#5201,0.150000000000001);
#1919=CIRCLE('',#5204,0.149999999999998);
#1920=CIRCLE('',#5205,0.149999999999998);
#1921=CIRCLE('',#5207,0.150000000000006);
#1922=CIRCLE('',#5208,0.150000000000006);
#1923=CIRCLE('',#5210,0.149999999999996);
#1924=CIRCLE('',#5213,0.149999999999996);
#1925=CIRCLE('',#5216,0.225000000000001);
#1926=CIRCLE('',#5217,0.225000000000001);
#1927=CIRCLE('',#5219,0.14999999999999);
#1928=CIRCLE('',#5220,0.14999999999999);
#1929=CIRCLE('',#5223,0.150000000000007);
#1930=CIRCLE('',#5224,0.150000000000007);
#1931=CIRCLE('',#5228,0.15);
#1932=CIRCLE('',#5229,0.15);
#1933=CIRCLE('',#5232,0.150000000000005);
#1934=CIRCLE('',#5233,0.150000000000005);
#1935=CIRCLE('',#5236,0.300000000000019);
#1936=CIRCLE('',#5237,0.299999999999752);
#1937=CIRCLE('',#5238,0.299999999999827);
#1938=CIRCLE('',#5239,0.300000000000004);
#1939=CIRCLE('',#5240,0.300000000000002);
#1940=CIRCLE('',#5241,0.299999999999997);
#1941=CIRCLE('',#5242,0.0267839366411963);
#1942=CIRCLE('',#5243,0.0412318168533048);
#1943=CIRCLE('',#5244,0.6);
#1944=CIRCLE('',#5245,0.6);
#1945=CIRCLE('',#5246,0.0079031838722301);
#1946=CIRCLE('',#5247,0.0801813385932633);
#1947=CIRCLE('',#5248,0.599999999999997);
#1948=CIRCLE('',#5250,0.0412318168533048);
#1949=CIRCLE('',#5253,0.0267839366411963);
#1950=CIRCLE('',#5257,0.6);
#1951=CIRCLE('',#5260,0.0801813385932633);
#1952=CIRCLE('',#5263,0.0079031838722301);
#1953=CIRCLE('',#5266,0.6);
#1954=CIRCLE('',#5269,0.599999999999997);
#1955=CIRCLE('',#5272,0.300000000000019);
#1956=CIRCLE('',#5275,0.299999999999752);
#1957=CIRCLE('',#5278,0.299999999999827);
#1958=CIRCLE('',#5281,0.300000000000004);
#1959=CIRCLE('',#5284,0.300000000000002);
#1960=CIRCLE('',#5287,0.299999999999997);
#1961=CIRCLE('',#5293,0.27);
#1962=CIRCLE('',#5296,0.27);
#1963=CIRCLE('',#5300,0.27);
#1964=CIRCLE('',#5303,0.27);
#1965=CIRCLE('',#5306,0.27);
#1966=CIRCLE('',#5308,0.27);
#1967=CIRCLE('',#5311,0.27);
#1968=CIRCLE('',#5314,0.27);
#1969=CIRCLE('',#5317,0.27);
#1970=CIRCLE('',#5320,0.27);
#1971=CIRCLE('',#5324,0.27);
#1972=CIRCLE('',#5327,0.27);
#1973=CIRCLE('',#5330,0.27);
#1974=CIRCLE('',#5332,0.27);
#1975=CIRCLE('',#5334,0.27);
#1976=CIRCLE('',#5337,0.27);
#1977=CIRCLE('',#5340,0.34);
#1978=CIRCLE('',#5342,0.8);
#1979=CIRCLE('',#5343,0.8);
#1980=CIRCLE('',#5350,0.34);
#1981=CIRCLE('',#5352,0.8);
#1982=CIRCLE('',#5353,0.8);
#1983=CIRCLE('',#5360,0.400000000000002);
#1984=CIRCLE('',#5361,0.400000000000002);
#1985=CIRCLE('',#5364,0.400000000000002);
#1986=CIRCLE('',#5365,0.400000000000002);
#1987=CIRCLE('',#5368,0.400000000000002);
#1988=CIRCLE('',#5369,0.400000000000002);
#1989=CIRCLE('',#5372,0.400000000000002);
#1990=CIRCLE('',#5373,0.400000000000002);
#1991=CIRCLE('',#5380,0.27);
#1992=CIRCLE('',#5383,0.27);
#1993=CIRCLE('',#5387,0.27);
#1994=CIRCLE('',#5390,0.27);
#1995=CIRCLE('',#5393,0.27);
#1996=CIRCLE('',#5395,0.27);
#1997=CIRCLE('',#5398,0.27);
#1998=CIRCLE('',#5401,0.27);
#1999=CIRCLE('',#5404,0.27);
#2000=CIRCLE('',#5407,0.27);
#2001=CIRCLE('',#5411,0.27);
#2002=CIRCLE('',#5414,0.27);
#2003=CIRCLE('',#5417,0.27);
#2004=CIRCLE('',#5419,0.27);
#2005=CIRCLE('',#5421,0.27);
#2006=CIRCLE('',#5424,0.27);
#2007=CIRCLE('',#5427,0.34);
#2008=CIRCLE('',#5429,0.8);
#2009=CIRCLE('',#5430,0.8);
#2010=CIRCLE('',#5437,0.34);
#2011=CIRCLE('',#5439,0.8);
#2012=CIRCLE('',#5440,0.8);
#2013=CIRCLE('',#5447,0.400000000000002);
#2014=CIRCLE('',#5448,0.400000000000002);
#2015=CIRCLE('',#5451,0.400000000000002);
#2016=CIRCLE('',#5452,0.400000000000002);
#2017=CIRCLE('',#5455,0.400000000000002);
#2018=CIRCLE('',#5456,0.400000000000002);
#2019=CIRCLE('',#5459,0.400000000000002);
#2020=CIRCLE('',#5460,0.400000000000002);
#2021=VERTEX_POINT('',#6733);
#2022=VERTEX_POINT('',#6734);
#2023=VERTEX_POINT('',#6736);
#2024=VERTEX_POINT('',#6738);
#2025=VERTEX_POINT('',#6740);
#2026=VERTEX_POINT('',#6742);
#2027=VERTEX_POINT('',#6744);
#2028=VERTEX_POINT('',#6746);
#2029=VERTEX_POINT('',#6748);
#2030=VERTEX_POINT('',#6750);
#2031=VERTEX_POINT('',#6752);
#2032=VERTEX_POINT('',#6754);
#2033=VERTEX_POINT('',#6757);
#2034=VERTEX_POINT('',#6759);
#2035=VERTEX_POINT('',#6761);
#2036=VERTEX_POINT('',#6763);
#2037=VERTEX_POINT('',#6765);
#2038=VERTEX_POINT('',#6766);
#2039=VERTEX_POINT('',#6768);
#2040=VERTEX_POINT('',#6770);
#2041=VERTEX_POINT('',#6772);
#2042=VERTEX_POINT('',#6774);
#2043=VERTEX_POINT('',#6776);
#2044=VERTEX_POINT('',#6778);
#2045=VERTEX_POINT('',#6780);
#2046=VERTEX_POINT('',#6782);
#2047=VERTEX_POINT('',#6785);
#2048=VERTEX_POINT('',#6786);
#2049=VERTEX_POINT('',#6788);
#2050=VERTEX_POINT('',#6790);
#2051=VERTEX_POINT('',#6792);
#2052=VERTEX_POINT('',#6794);
#2053=VERTEX_POINT('',#6796);
#2054=VERTEX_POINT('',#6798);
#2055=VERTEX_POINT('',#6802);
#2056=VERTEX_POINT('',#6804);
#2057=VERTEX_POINT('',#6808);
#2058=VERTEX_POINT('',#6810);
#2059=VERTEX_POINT('',#6812);
#2060=VERTEX_POINT('',#6816);
#2061=VERTEX_POINT('',#6820);
#2062=VERTEX_POINT('',#6824);
#2063=VERTEX_POINT('',#6828);
#2064=VERTEX_POINT('',#6832);
#2065=VERTEX_POINT('',#6834);
#2066=VERTEX_POINT('',#6838);
#2067=VERTEX_POINT('',#6839);
#2068=VERTEX_POINT('',#6841);
#2069=VERTEX_POINT('',#6843);
#2070=VERTEX_POINT('',#6847);
#2071=VERTEX_POINT('',#6849);
#2072=VERTEX_POINT('',#6853);
#2073=VERTEX_POINT('',#6855);
#2074=VERTEX_POINT('',#6862);
#2075=VERTEX_POINT('',#6864);
#2076=VERTEX_POINT('',#6868);
#2077=VERTEX_POINT('',#6870);
#2078=VERTEX_POINT('',#6878);
#2079=VERTEX_POINT('',#6882);
#2080=VERTEX_POINT('',#6884);
#2081=VERTEX_POINT('',#6888);
#2082=VERTEX_POINT('',#6889);
#2083=VERTEX_POINT('',#6891);
#2084=VERTEX_POINT('',#6893);
#2085=VERTEX_POINT('',#6897);
#2086=VERTEX_POINT('',#6899);
#2087=VERTEX_POINT('',#6903);
#2088=VERTEX_POINT('',#6905);
#2089=VERTEX_POINT('',#6909);
#2090=VERTEX_POINT('',#6911);
#2091=VERTEX_POINT('',#6915);
#2092=VERTEX_POINT('',#6917);
#2093=VERTEX_POINT('',#6921);
#2094=VERTEX_POINT('',#6923);
#2095=VERTEX_POINT('',#6927);
#2096=VERTEX_POINT('',#6929);
#2097=VERTEX_POINT('',#6937);
#2098=VERTEX_POINT('',#6938);
#2099=VERTEX_POINT('',#6943);
#2100=VERTEX_POINT('',#6947);
#2101=VERTEX_POINT('',#6955);
#2102=VERTEX_POINT('',#6956);
#2103=VERTEX_POINT('',#6961);
#2104=VERTEX_POINT('',#6965);
#2105=VERTEX_POINT('',#6969);
#2106=VERTEX_POINT('',#6973);
#2107=VERTEX_POINT('',#6977);
#2108=VERTEX_POINT('',#6981);
#2109=VERTEX_POINT('',#6987);
#2110=VERTEX_POINT('',#6989);
#2111=VERTEX_POINT('',#6993);
#2112=VERTEX_POINT('',#6997);
#2113=VERTEX_POINT('',#7001);
#2114=VERTEX_POINT('',#7005);
#2115=VERTEX_POINT('',#7009);
#2116=VERTEX_POINT('',#7013);
#2117=VERTEX_POINT('',#7017);
#2118=VERTEX_POINT('',#7021);
#2119=VERTEX_POINT('',#7025);
#2120=VERTEX_POINT('',#7029);
#2121=VERTEX_POINT('',#7037);
#2122=VERTEX_POINT('',#7039);
#2123=VERTEX_POINT('',#7043);
#2124=VERTEX_POINT('',#7045);
#2125=VERTEX_POINT('',#7049);
#2126=VERTEX_POINT('',#7051);
#2127=VERTEX_POINT('',#7055);
#2128=VERTEX_POINT('',#7057);
#2129=VERTEX_POINT('',#7061);
#2130=VERTEX_POINT('',#7063);
#2131=VERTEX_POINT('',#7067);
#2132=VERTEX_POINT('',#7068);
#2133=VERTEX_POINT('',#7070);
#2134=VERTEX_POINT('',#7072);
#2135=VERTEX_POINT('',#7076);
#2136=VERTEX_POINT('',#7078);
#2137=VERTEX_POINT('',#7082);
#2138=VERTEX_POINT('',#7084);
#2139=VERTEX_POINT('',#7088);
#2140=VERTEX_POINT('',#7090);
#2141=VERTEX_POINT('',#7094);
#2142=VERTEX_POINT('',#7096);
#2143=VERTEX_POINT('',#7100);
#2144=VERTEX_POINT('',#7102);
#2145=VERTEX_POINT('',#7106);
#2146=VERTEX_POINT('',#7108);
#2147=VERTEX_POINT('',#7110);
#2148=VERTEX_POINT('',#7114);
#2149=VERTEX_POINT('',#7118);
#2150=VERTEX_POINT('',#7119);
#2151=VERTEX_POINT('',#7124);
#2152=VERTEX_POINT('',#7126);
#2153=VERTEX_POINT('',#7130);
#2154=VERTEX_POINT('',#7131);
#2155=VERTEX_POINT('',#7133);
#2156=VERTEX_POINT('',#7135);
#2157=VERTEX_POINT('',#7139);
#2158=VERTEX_POINT('',#7141);
#2159=VERTEX_POINT('',#7145);
#2160=VERTEX_POINT('',#7147);
#2161=VERTEX_POINT('',#7151);
#2162=VERTEX_POINT('',#7153);
#2163=VERTEX_POINT('',#7157);
#2164=VERTEX_POINT('',#7159);
#2165=VERTEX_POINT('',#7163);
#2166=VERTEX_POINT('',#7165);
#2167=VERTEX_POINT('',#7169);
#2168=VERTEX_POINT('',#7171);
#2169=VERTEX_POINT('',#7179);
#2170=VERTEX_POINT('',#7180);
#2171=VERTEX_POINT('',#7182);
#2172=VERTEX_POINT('',#7184);
#2173=VERTEX_POINT('',#7186);
#2174=VERTEX_POINT('',#7188);
#2175=VERTEX_POINT('',#7190);
#2176=VERTEX_POINT('',#7192);
#2177=VERTEX_POINT('',#7194);
#2178=VERTEX_POINT('',#7196);
#2179=VERTEX_POINT('',#7198);
#2180=VERTEX_POINT('',#7200);
#2181=VERTEX_POINT('',#7203);
#2182=VERTEX_POINT('',#7205);
#2183=VERTEX_POINT('',#7207);
#2184=VERTEX_POINT('',#7209);
#2185=VERTEX_POINT('',#7211);
#2186=VERTEX_POINT('',#7213);
#2187=VERTEX_POINT('',#7216);
#2188=VERTEX_POINT('',#7217);
#2189=VERTEX_POINT('',#7219);
#2190=VERTEX_POINT('',#7221);
#2191=VERTEX_POINT('',#7223);
#2192=VERTEX_POINT('',#7225);
#2193=VERTEX_POINT('',#7227);
#2194=VERTEX_POINT('',#7229);
#2195=VERTEX_POINT('',#7233);
#2196=VERTEX_POINT('',#7234);
#2197=VERTEX_POINT('',#7239);
#2198=VERTEX_POINT('',#7243);
#2199=VERTEX_POINT('',#7249);
#2200=VERTEX_POINT('',#7253);
#2201=VERTEX_POINT('',#7259);
#2202=VERTEX_POINT('',#7260);
#2203=VERTEX_POINT('',#7265);
#2204=VERTEX_POINT('',#7269);
#2205=VERTEX_POINT('',#7273);
#2206=VERTEX_POINT('',#7277);
#2207=VERTEX_POINT('',#7281);
#2208=VERTEX_POINT('',#7285);
#2209=VERTEX_POINT('',#7291);
#2210=VERTEX_POINT('',#7293);
#2211=VERTEX_POINT('',#7297);
#2212=VERTEX_POINT('',#7301);
#2213=VERTEX_POINT('',#7305);
#2214=VERTEX_POINT('',#7309);
#2215=VERTEX_POINT('',#7313);
#2216=VERTEX_POINT('',#7317);
#2217=VERTEX_POINT('',#7321);
#2218=VERTEX_POINT('',#7325);
#2219=VERTEX_POINT('',#7329);
#2220=VERTEX_POINT('',#7333);
#2221=VERTEX_POINT('',#7341);
#2222=VERTEX_POINT('',#7342);
#2223=VERTEX_POINT('',#7344);
#2224=VERTEX_POINT('',#7346);
#2225=VERTEX_POINT('',#7350);
#2226=VERTEX_POINT('',#7352);
#2227=VERTEX_POINT('',#7355);
#2228=VERTEX_POINT('',#7358);
#2229=VERTEX_POINT('',#7360);
#2230=VERTEX_POINT('',#7366);
#2231=VERTEX_POINT('',#7370);
#2232=VERTEX_POINT('',#7371);
#2233=VERTEX_POINT('',#7373);
#2234=VERTEX_POINT('',#7375);
#2235=VERTEX_POINT('',#7379);
#2236=VERTEX_POINT('',#7381);
#2237=VERTEX_POINT('',#7384);
#2238=VERTEX_POINT('',#7387);
#2239=VERTEX_POINT('',#7389);
#2240=VERTEX_POINT('',#7395);
#2241=VERTEX_POINT('',#7399);
#2242=VERTEX_POINT('',#7403);
#2243=VERTEX_POINT('',#7408);
#2244=VERTEX_POINT('',#7413);
#2245=VERTEX_POINT('',#7417);
#2246=VERTEX_POINT('',#7418);
#2247=VERTEX_POINT('',#7420);
#2248=VERTEX_POINT('',#7422);
#2249=VERTEX_POINT('',#7426);
#2250=VERTEX_POINT('',#7428);
#2251=VERTEX_POINT('',#7431);
#2252=VERTEX_POINT('',#7434);
#2253=VERTEX_POINT('',#7436);
#2254=VERTEX_POINT('',#7442);
#2255=VERTEX_POINT('',#7446);
#2256=VERTEX_POINT('',#7447);
#2257=VERTEX_POINT('',#7449);
#2258=VERTEX_POINT('',#7451);
#2259=VERTEX_POINT('',#7455);
#2260=VERTEX_POINT('',#7457);
#2261=VERTEX_POINT('',#7460);
#2262=VERTEX_POINT('',#7463);
#2263=VERTEX_POINT('',#7465);
#2264=VERTEX_POINT('',#7471);
#2265=VERTEX_POINT('',#7475);
#2266=VERTEX_POINT('',#7479);
#2267=VERTEX_POINT('',#7483);
#2268=VERTEX_POINT('',#7488);
#2269=VERTEX_POINT('',#7493);
#2270=VERTEX_POINT('',#7495);
#2271=VERTEX_POINT('',#7497);
#2272=VERTEX_POINT('',#7502);
#2273=VERTEX_POINT('',#7516);
#2274=VERTEX_POINT('',#7547);
#2275=VERTEX_POINT('',#7658);
#2276=VERTEX_POINT('',#7669);
#2277=VERTEX_POINT('',#7671);
#2278=VERTEX_POINT('',#7690);
#2279=VERTEX_POINT('',#7742);
#2280=VERTEX_POINT('',#7755);
#2281=VERTEX_POINT('',#7757);
#2282=VERTEX_POINT('',#7762);
#2283=VERTEX_POINT('',#7763);
#2284=VERTEX_POINT('',#7765);
#2285=VERTEX_POINT('',#7767);
#2286=VERTEX_POINT('',#7788);
#2287=VERTEX_POINT('',#7790);
#2288=VERTEX_POINT('',#7792);
#2289=VERTEX_POINT('',#7794);
#2290=VERTEX_POINT('',#7797);
#2291=VERTEX_POINT('',#7799);
#2292=VERTEX_POINT('',#7801);
#2293=VERTEX_POINT('',#7805);
#2294=VERTEX_POINT('',#7807);
#2295=VERTEX_POINT('',#7809);
#2296=VERTEX_POINT('',#7811);
#2297=VERTEX_POINT('',#7813);
#2298=VERTEX_POINT('',#7816);
#2299=VERTEX_POINT('',#7818);
#2300=VERTEX_POINT('',#7820);
#2301=VERTEX_POINT('',#8185);
#2302=VERTEX_POINT('',#8310);
#2303=VERTEX_POINT('',#8488);
#2304=VERTEX_POINT('',#8490);
#2305=VERTEX_POINT('',#8492);
#2306=VERTEX_POINT('',#8656);
#2307=VERTEX_POINT('',#8667);
#2308=VERTEX_POINT('',#8669);
#2309=VERTEX_POINT('',#8688);
#2310=VERTEX_POINT('',#8701);
#2311=VERTEX_POINT('',#8703);
#2312=VERTEX_POINT('',#8708);
#2313=VERTEX_POINT('',#8709);
#2314=VERTEX_POINT('',#8711);
#2315=VERTEX_POINT('',#8713);
#2316=VERTEX_POINT('',#8734);
#2317=VERTEX_POINT('',#8736);
#2318=VERTEX_POINT('',#8738);
#2319=VERTEX_POINT('',#8740);
#2320=VERTEX_POINT('',#8743);
#2321=VERTEX_POINT('',#8745);
#2322=VERTEX_POINT('',#8747);
#2323=VERTEX_POINT('',#8751);
#2324=VERTEX_POINT('',#8753);
#2325=VERTEX_POINT('',#8755);
#2326=VERTEX_POINT('',#8757);
#2327=VERTEX_POINT('',#8760);
#2328=VERTEX_POINT('',#8762);
#2329=VERTEX_POINT('',#8764);
#2330=VERTEX_POINT('',#9193);
#2331=VERTEX_POINT('',#9377);
#2332=VERTEX_POINT('',#9378);
#2333=VERTEX_POINT('',#9380);
#2334=VERTEX_POINT('',#9382);
#2335=VERTEX_POINT('',#9386);
#2336=VERTEX_POINT('',#9388);
#2337=VERTEX_POINT('',#9392);
#2338=VERTEX_POINT('',#9394);
#2339=VERTEX_POINT('',#9398);
#2340=VERTEX_POINT('',#9400);
#2341=VERTEX_POINT('',#9404);
#2342=VERTEX_POINT('',#9406);
#2343=VERTEX_POINT('',#9410);
#2344=VERTEX_POINT('',#9412);
#2345=VERTEX_POINT('',#9416);
#2346=VERTEX_POINT('',#9418);
#2347=VERTEX_POINT('',#9428);
#2348=VERTEX_POINT('',#9429);
#2349=VERTEX_POINT('',#9431);
#2350=VERTEX_POINT('',#9433);
#2351=VERTEX_POINT('',#9437);
#2352=VERTEX_POINT('',#9439);
#2353=VERTEX_POINT('',#9442);
#2354=VERTEX_POINT('',#9445);
#2355=VERTEX_POINT('',#9447);
#2356=VERTEX_POINT('',#9453);
#2357=VERTEX_POINT('',#9457);
#2358=VERTEX_POINT('',#9458);
#2359=VERTEX_POINT('',#9460);
#2360=VERTEX_POINT('',#9462);
#2361=VERTEX_POINT('',#9466);
#2362=VERTEX_POINT('',#9468);
#2363=VERTEX_POINT('',#9471);
#2364=VERTEX_POINT('',#9474);
#2365=VERTEX_POINT('',#9476);
#2366=VERTEX_POINT('',#9482);
#2367=VERTEX_POINT('',#9486);
#2368=VERTEX_POINT('',#9490);
#2369=VERTEX_POINT('',#9495);
#2370=VERTEX_POINT('',#9500);
#2371=VERTEX_POINT('',#9504);
#2372=VERTEX_POINT('',#9505);
#2373=VERTEX_POINT('',#9507);
#2374=VERTEX_POINT('',#9509);
#2375=VERTEX_POINT('',#9513);
#2376=VERTEX_POINT('',#9515);
#2377=VERTEX_POINT('',#9518);
#2378=VERTEX_POINT('',#9521);
#2379=VERTEX_POINT('',#9523);
#2380=VERTEX_POINT('',#9529);
#2381=VERTEX_POINT('',#9533);
#2382=VERTEX_POINT('',#9534);
#2383=VERTEX_POINT('',#9536);
#2384=VERTEX_POINT('',#9538);
#2385=VERTEX_POINT('',#9542);
#2386=VERTEX_POINT('',#9544);
#2387=VERTEX_POINT('',#9547);
#2388=VERTEX_POINT('',#9550);
#2389=VERTEX_POINT('',#9552);
#2390=VERTEX_POINT('',#9558);
#2391=VERTEX_POINT('',#9562);
#2392=VERTEX_POINT('',#9566);
#2393=VERTEX_POINT('',#9570);
#2394=VERTEX_POINT('',#9575);
#2395=VERTEX_POINT('',#9580);
#2396=VERTEX_POINT('',#9582);
#2397=VERTEX_POINT('',#9584);
#2398=VERTEX_POINT('',#9615);
#2399=VERTEX_POINT('',#9629);
#2400=VERTEX_POINT('',#9655);
#2401=VERTEX_POINT('',#9669);
#2402=VERTEX_POINT('',#9696);
#2403=VERTEX_POINT('',#9705);
#2404=VERTEX_POINT('',#9712);
#2405=VERTEX_POINT('',#9799);
#2406=VERTEX_POINT('',#9808);
#2407=VERTEX_POINT('',#9813);
#2408=VERTEX_POINT('',#9815);
#2409=VERTEX_POINT('',#9834);
#2410=VERTEX_POINT('',#9886);
#2411=VERTEX_POINT('',#9938);
#2412=VERTEX_POINT('',#9990);
#2413=VERTEX_POINT('',#10003);
#2414=VERTEX_POINT('',#10005);
#2415=VERTEX_POINT('',#10010);
#2416=VERTEX_POINT('',#10011);
#2417=VERTEX_POINT('',#10013);
#2418=VERTEX_POINT('',#10015);
#2419=VERTEX_POINT('',#10036);
#2420=VERTEX_POINT('',#10038);
#2421=VERTEX_POINT('',#10040);
#2422=VERTEX_POINT('',#10042);
#2423=VERTEX_POINT('',#10045);
#2424=VERTEX_POINT('',#10047);
#2425=VERTEX_POINT('',#10049);
#2426=VERTEX_POINT('',#10051);
#2427=VERTEX_POINT('',#10055);
#2428=VERTEX_POINT('',#10057);
#2429=VERTEX_POINT('',#10059);
#2430=VERTEX_POINT('',#10061);
#2431=VERTEX_POINT('',#10063);
#2432=VERTEX_POINT('',#10065);
#2433=VERTEX_POINT('',#10067);
#2434=VERTEX_POINT('',#10069);
#2435=VERTEX_POINT('',#10072);
#2436=VERTEX_POINT('',#10074);
#2437=VERTEX_POINT('',#10076);
#2438=VERTEX_POINT('',#10753);
#2439=VERTEX_POINT('',#10937);
#2440=VERTEX_POINT('',#10939);
#2441=VERTEX_POINT('',#10941);
#2442=VERTEX_POINT('',#10954);
#2443=VERTEX_POINT('',#10977);
#2444=VERTEX_POINT('',#11094);
#2445=VERTEX_POINT('',#11107);
#2446=VERTEX_POINT('',#11109);
#2447=VERTEX_POINT('',#11128);
#2448=VERTEX_POINT('',#11188);
#2449=VERTEX_POINT('',#11201);
#2450=VERTEX_POINT('',#11203);
#2451=VERTEX_POINT('',#11208);
#2452=VERTEX_POINT('',#11209);
#2453=VERTEX_POINT('',#11211);
#2454=VERTEX_POINT('',#11213);
#2455=VERTEX_POINT('',#11234);
#2456=VERTEX_POINT('',#11236);
#2457=VERTEX_POINT('',#11238);
#2458=VERTEX_POINT('',#11241);
#2459=VERTEX_POINT('',#11243);
#2460=VERTEX_POINT('',#11245);
#2461=VERTEX_POINT('',#11247);
#2462=VERTEX_POINT('',#11249);
#2463=VERTEX_POINT('',#11253);
#2464=VERTEX_POINT('',#11255);
#2465=VERTEX_POINT('',#11257);
#2466=VERTEX_POINT('',#11259);
#2467=VERTEX_POINT('',#11261);
#2468=VERTEX_POINT('',#11263);
#2469=VERTEX_POINT('',#11265);
#2470=VERTEX_POINT('',#11268);
#2471=VERTEX_POINT('',#11270);
#2472=VERTEX_POINT('',#11455);
#2473=VERTEX_POINT('',#11728);
#2474=VERTEX_POINT('',#11735);
#2475=VERTEX_POINT('',#12037);
#2476=VERTEX_POINT('',#12038);
#2477=VERTEX_POINT('',#12040);
#2478=VERTEX_POINT('',#12042);
#2479=VERTEX_POINT('',#12046);
#2480=VERTEX_POINT('',#12048);
#2481=VERTEX_POINT('',#12052);
#2482=VERTEX_POINT('',#12054);
#2483=VERTEX_POINT('',#12058);
#2484=VERTEX_POINT('',#12060);
#2485=VERTEX_POINT('',#12064);
#2486=VERTEX_POINT('',#12066);
#2487=VERTEX_POINT('',#12070);
#2488=VERTEX_POINT('',#12072);
#2489=VERTEX_POINT('',#12076);
#2490=VERTEX_POINT('',#12078);
#2491=EDGE_CURVE('',#2021,#2022,#1853,.T.);
#2492=EDGE_CURVE('',#2021,#2023,#945,.T.);
#2493=EDGE_CURVE('',#2024,#2023,#1854,.T.);
#2494=EDGE_CURVE('',#2024,#2025,#946,.T.);
#2495=EDGE_CURVE('',#2026,#2025,#1855,.T.);
#2496=EDGE_CURVE('',#2026,#2027,#947,.T.);
#2497=EDGE_CURVE('',#2028,#2027,#1856,.T.);
#2498=EDGE_CURVE('',#2028,#2029,#948,.T.);
#2499=EDGE_CURVE('',#2030,#2029,#1857,.T.);
#2500=EDGE_CURVE('',#2030,#2031,#949,.T.);
#2501=EDGE_CURVE('',#2032,#2031,#1858,.T.);
#2502=EDGE_CURVE('',#2032,#2022,#950,.T.);
#2503=EDGE_CURVE('',#2033,#2033,#1859,.T.);
#2504=EDGE_CURVE('',#2034,#2034,#1860,.T.);
#2505=EDGE_CURVE('',#2035,#2035,#1861,.T.);
#2506=EDGE_CURVE('',#2036,#2036,#1862,.T.);
#2507=EDGE_CURVE('',#2037,#2038,#951,.T.);
#2508=EDGE_CURVE('',#2039,#2037,#1863,.T.);
#2509=EDGE_CURVE('',#2040,#2039,#952,.T.);
#2510=EDGE_CURVE('',#2040,#2041,#953,.T.);
#2511=EDGE_CURVE('',#2041,#2042,#1864,.T.);
#2512=EDGE_CURVE('',#2042,#2043,#954,.T.);
#2513=EDGE_CURVE('',#2043,#2044,#1865,.T.);
#2514=EDGE_CURVE('',#2044,#2045,#955,.T.);
#2515=EDGE_CURVE('',#2045,#2046,#1866,.T.);
#2516=EDGE_CURVE('',#2046,#2038,#956,.T.);
#2517=EDGE_CURVE('',#2047,#2048,#957,.T.);
#2518=EDGE_CURVE('',#2048,#2049,#1867,.T.);
#2519=EDGE_CURVE('',#2049,#2050,#958,.T.);
#2520=EDGE_CURVE('',#2050,#2051,#1868,.T.);
#2521=EDGE_CURVE('',#2051,#2052,#959,.T.);
#2522=EDGE_CURVE('',#2052,#2053,#1869,.T.);
#2523=EDGE_CURVE('',#2053,#2054,#960,.T.);
#2524=EDGE_CURVE('',#2054,#2047,#1870,.T.);
#2525=EDGE_CURVE('',#2040,#2055,#961,.T.);
#2526=EDGE_CURVE('',#2056,#2055,#962,.T.);
#2527=EDGE_CURVE('',#2041,#2056,#963,.T.);
#2528=EDGE_CURVE('',#2039,#2057,#964,.T.);
#2529=EDGE_CURVE('',#2058,#2057,#965,.T.);
#2530=EDGE_CURVE('',#2059,#2058,#966,.T.);
#2531=EDGE_CURVE('',#2055,#2059,#967,.T.);
#2532=EDGE_CURVE('',#2033,#2060,#968,.T.);
#2533=EDGE_CURVE('',#2060,#2060,#1871,.T.);
#2534=EDGE_CURVE('',#2034,#2061,#969,.T.);
#2535=EDGE_CURVE('',#2061,#2061,#1872,.T.);
#2536=EDGE_CURVE('',#2035,#2062,#970,.T.);
#2537=EDGE_CURVE('',#2062,#2062,#1873,.T.);
#2538=EDGE_CURVE('',#2036,#2063,#971,.T.);
#2539=EDGE_CURVE('',#2063,#2063,#1874,.T.);
#2540=EDGE_CURVE('',#2064,#2064,#1875,.T.);
#2541=EDGE_CURVE('',#2064,#2065,#972,.T.);
#2542=EDGE_CURVE('',#2065,#2065,#1876,.T.);
#2543=EDGE_CURVE('',#2066,#2067,#973,.T.);
#2544=EDGE_CURVE('',#2066,#2068,#974,.T.);
#2545=EDGE_CURVE('',#2069,#2068,#975,.T.);
#2546=EDGE_CURVE('',#2067,#2069,#976,.T.);
#2547=EDGE_CURVE('',#2070,#2066,#1877,.T.);
#2548=EDGE_CURVE('',#2070,#2071,#977,.T.);
#2549=EDGE_CURVE('',#2068,#2071,#1878,.T.);
#2550=EDGE_CURVE('',#2072,#2070,#978,.T.);
#2551=EDGE_CURVE('',#2072,#2073,#979,.T.);
#2552=EDGE_CURVE('',#2071,#2073,#980,.T.);
#2553=EDGE_CURVE('',#2059,#2072,#1879,.T.);
#2554=EDGE_CURVE('',#2073,#2058,#1880,.T.);
#2555=EDGE_CURVE('',#2067,#2074,#1881,.T.);
#2556=EDGE_CURVE('',#2075,#2069,#1882,.T.);
#2557=EDGE_CURVE('',#2074,#2075,#981,.T.);
#2558=EDGE_CURVE('',#2074,#2076,#982,.T.);
#2559=EDGE_CURVE('',#2077,#2075,#983,.T.);
#2560=EDGE_CURVE('',#2037,#2077,#984,.T.);
#2561=EDGE_CURVE('',#2076,#2038,#985,.T.);
#2562=EDGE_CURVE('',#2057,#2077,#1883,.T.);
#2563=EDGE_CURVE('',#2046,#2078,#986,.T.);
#2564=EDGE_CURVE('',#2076,#2078,#987,.T.);
#2565=EDGE_CURVE('',#2079,#2079,#1884,.T.);
#2566=EDGE_CURVE('',#2079,#2080,#988,.T.);
#2567=EDGE_CURVE('',#2080,#2080,#1885,.T.);
#2568=EDGE_CURVE('',#2081,#2082,#989,.T.);
#2569=EDGE_CURVE('',#2081,#2083,#990,.T.);
#2570=EDGE_CURVE('',#2084,#2083,#991,.T.);
#2571=EDGE_CURVE('',#2082,#2084,#992,.T.);
#2572=EDGE_CURVE('',#2085,#2081,#1886,.T.);
#2573=EDGE_CURVE('',#2085,#2086,#993,.T.);
#2574=EDGE_CURVE('',#2083,#2086,#1887,.T.);
#2575=EDGE_CURVE('',#2087,#2085,#994,.T.);
#2576=EDGE_CURVE('',#2087,#2088,#995,.T.);
#2577=EDGE_CURVE('',#2086,#2088,#996,.T.);
#2578=EDGE_CURVE('',#2089,#2087,#1888,.T.);
#2579=EDGE_CURVE('',#2089,#2090,#997,.T.);
#2580=EDGE_CURVE('',#2088,#2090,#1889,.T.);
#2581=EDGE_CURVE('',#2082,#2091,#1890,.T.);
#2582=EDGE_CURVE('',#2092,#2084,#1891,.T.);
#2583=EDGE_CURVE('',#2091,#2092,#998,.T.);
#2584=EDGE_CURVE('',#2091,#2093,#999,.T.);
#2585=EDGE_CURVE('',#2094,#2092,#1000,.T.);
#2586=EDGE_CURVE('',#2093,#2094,#1001,.T.);
#2587=EDGE_CURVE('',#2093,#2095,#1892,.T.);
#2588=EDGE_CURVE('',#2096,#2094,#1893,.T.);
#2589=EDGE_CURVE('',#2095,#2096,#1002,.T.);
#2590=EDGE_CURVE('',#2095,#2089,#1003,.T.);
#2591=EDGE_CURVE('',#2090,#2096,#1004,.T.);
#2592=EDGE_CURVE('',#2097,#2098,#1005,.T.);
#2593=EDGE_CURVE('',#2045,#2097,#1006,.T.);
#2594=EDGE_CURVE('',#2044,#2098,#1007,.T.);
#2595=EDGE_CURVE('',#2098,#2099,#1894,.T.);
#2596=EDGE_CURVE('',#2043,#2099,#1008,.T.);
#2597=EDGE_CURVE('',#2099,#2100,#1009,.T.);
#2598=EDGE_CURVE('',#2042,#2100,#1010,.T.);
#2599=EDGE_CURVE('',#2100,#2056,#1895,.T.);
#2600=EDGE_CURVE('',#2078,#2097,#1896,.T.);
#2601=EDGE_CURVE('',#2101,#2102,#1011,.T.);
#2602=EDGE_CURVE('',#2052,#2101,#1012,.T.);
#2603=EDGE_CURVE('',#2051,#2102,#1013,.T.);
#2604=EDGE_CURVE('',#2102,#2103,#1897,.T.);
#2605=EDGE_CURVE('',#2050,#2103,#1014,.T.);
#2606=EDGE_CURVE('',#2103,#2104,#1015,.T.);
#2607=EDGE_CURVE('',#2049,#2104,#1016,.T.);
#2608=EDGE_CURVE('',#2104,#2105,#1898,.T.);
#2609=EDGE_CURVE('',#2048,#2105,#1017,.T.);
#2610=EDGE_CURVE('',#2105,#2106,#1018,.T.);
#2611=EDGE_CURVE('',#2047,#2106,#1019,.T.);
#2612=EDGE_CURVE('',#2106,#2107,#1899,.T.);
#2613=EDGE_CURVE('',#2054,#2107,#1020,.T.);
#2614=EDGE_CURVE('',#2107,#2108,#1021,.T.);
#2615=EDGE_CURVE('',#2053,#2108,#1022,.T.);
#2616=EDGE_CURVE('',#2108,#2101,#1900,.T.);
#2617=EDGE_CURVE('',#2021,#2109,#1023,.T.);
#2618=EDGE_CURVE('',#2110,#2109,#1024,.T.);
#2619=EDGE_CURVE('',#2023,#2110,#1025,.T.);
#2620=EDGE_CURVE('',#2111,#2110,#1901,.T.);
#2621=EDGE_CURVE('',#2024,#2111,#1026,.T.);
#2622=EDGE_CURVE('',#2112,#2111,#1027,.T.);
#2623=EDGE_CURVE('',#2025,#2112,#1028,.T.);
#2624=EDGE_CURVE('',#2113,#2112,#1902,.T.);
#2625=EDGE_CURVE('',#2026,#2113,#1029,.T.);
#2626=EDGE_CURVE('',#2114,#2113,#1030,.T.);
#2627=EDGE_CURVE('',#2027,#2114,#1031,.T.);
#2628=EDGE_CURVE('',#2115,#2114,#1903,.T.);
#2629=EDGE_CURVE('',#2028,#2115,#1032,.T.);
#2630=EDGE_CURVE('',#2116,#2115,#1033,.T.);
#2631=EDGE_CURVE('',#2029,#2116,#1034,.T.);
#2632=EDGE_CURVE('',#2117,#2116,#1904,.T.);
#2633=EDGE_CURVE('',#2030,#2117,#1035,.T.);
#2634=EDGE_CURVE('',#2118,#2117,#1036,.T.);
#2635=EDGE_CURVE('',#2031,#2118,#1037,.T.);
#2636=EDGE_CURVE('',#2119,#2118,#1905,.T.);
#2637=EDGE_CURVE('',#2032,#2119,#1038,.T.);
#2638=EDGE_CURVE('',#2120,#2119,#1039,.T.);
#2639=EDGE_CURVE('',#2022,#2120,#1040,.T.);
#2640=EDGE_CURVE('',#2109,#2120,#1906,.T.);
#2641=EDGE_CURVE('',#2121,#2121,#1907,.T.);
#2642=EDGE_CURVE('',#2121,#2122,#1041,.T.);
#2643=EDGE_CURVE('',#2122,#2122,#1908,.T.);
#2644=EDGE_CURVE('',#2123,#2123,#1909,.T.);
#2645=EDGE_CURVE('',#2123,#2124,#1042,.T.);
#2646=EDGE_CURVE('',#2124,#2124,#1910,.T.);
#2647=EDGE_CURVE('',#2125,#2125,#1911,.T.);
#2648=EDGE_CURVE('',#2125,#2126,#1043,.T.);
#2649=EDGE_CURVE('',#2126,#2126,#1912,.T.);
#2650=EDGE_CURVE('',#2127,#2127,#1913,.T.);
#2651=EDGE_CURVE('',#2127,#2128,#1044,.T.);
#2652=EDGE_CURVE('',#2128,#2128,#1914,.T.);
#2653=EDGE_CURVE('',#2129,#2129,#1915,.T.);
#2654=EDGE_CURVE('',#2129,#2130,#1045,.T.);
#2655=EDGE_CURVE('',#2130,#2130,#1916,.T.);
#2656=EDGE_CURVE('',#2131,#2132,#1046,.T.);
#2657=EDGE_CURVE('',#2131,#2133,#1047,.T.);
#2658=EDGE_CURVE('',#2134,#2133,#1048,.T.);
#2659=EDGE_CURVE('',#2132,#2134,#1049,.T.);
#2660=EDGE_CURVE('',#2135,#2131,#1917,.T.);
#2661=EDGE_CURVE('',#2135,#2136,#1050,.T.);
#2662=EDGE_CURVE('',#2133,#2136,#1918,.T.);
#2663=EDGE_CURVE('',#2137,#2135,#1051,.T.);
#2664=EDGE_CURVE('',#2137,#2138,#1052,.T.);
#2665=EDGE_CURVE('',#2136,#2138,#1053,.T.);
#2666=EDGE_CURVE('',#2139,#2137,#1919,.T.);
#2667=EDGE_CURVE('',#2139,#2140,#1054,.T.);
#2668=EDGE_CURVE('',#2138,#2140,#1920,.T.);
#2669=EDGE_CURVE('',#2132,#2141,#1921,.T.);
#2670=EDGE_CURVE('',#2142,#2134,#1922,.T.);
#2671=EDGE_CURVE('',#2141,#2142,#1055,.T.);
#2672=EDGE_CURVE('',#2140,#2143,#1056,.T.);
#2673=EDGE_CURVE('',#2143,#2144,#1923,.T.);
#2674=EDGE_CURVE('',#2144,#2142,#1057,.T.);
#2675=EDGE_CURVE('',#2145,#2144,#1058,.T.);
#2676=EDGE_CURVE('',#2146,#2145,#1059,.T.);
#2677=EDGE_CURVE('',#2147,#2146,#1060,.T.);
#2678=EDGE_CURVE('',#2141,#2147,#1061,.T.);
#2679=EDGE_CURVE('',#2148,#2143,#1062,.T.);
#2680=EDGE_CURVE('',#2148,#2145,#1924,.T.);
#2681=EDGE_CURVE('',#2149,#2150,#1063,.T.);
#2682=EDGE_CURVE('',#2148,#2149,#1064,.T.);
#2683=EDGE_CURVE('',#2150,#2139,#1065,.T.);
#2684=EDGE_CURVE('',#2151,#2151,#1925,.T.);
#2685=EDGE_CURVE('',#2151,#2152,#1066,.T.);
#2686=EDGE_CURVE('',#2152,#2152,#1926,.T.);
#2687=EDGE_CURVE('',#2153,#2154,#1927,.T.);
#2688=EDGE_CURVE('',#2153,#2155,#1067,.T.);
#2689=EDGE_CURVE('',#2156,#2155,#1928,.T.);
#2690=EDGE_CURVE('',#2154,#2156,#1068,.T.);
#2691=EDGE_CURVE('',#2157,#2153,#1069,.T.);
#2692=EDGE_CURVE('',#2157,#2158,#1070,.T.);
#2693=EDGE_CURVE('',#2155,#2158,#1071,.T.);
#2694=EDGE_CURVE('',#2159,#2157,#1929,.T.);
#2695=EDGE_CURVE('',#2159,#2160,#1072,.T.);
#2696=EDGE_CURVE('',#2158,#2160,#1930,.T.);
#2697=EDGE_CURVE('',#2161,#2159,#1073,.T.);
#2698=EDGE_CURVE('',#2161,#2162,#1074,.T.);
#2699=EDGE_CURVE('',#2160,#2162,#1075,.T.);
#2700=EDGE_CURVE('',#2154,#2163,#1076,.T.);
#2701=EDGE_CURVE('',#2164,#2156,#1077,.T.);
#2702=EDGE_CURVE('',#2163,#2164,#1078,.T.);
#2703=EDGE_CURVE('',#2163,#2165,#1931,.T.);
#2704=EDGE_CURVE('',#2166,#2164,#1932,.T.);
#2705=EDGE_CURVE('',#2165,#2166,#1079,.T.);
#2706=EDGE_CURVE('',#2165,#2167,#1080,.T.);
#2707=EDGE_CURVE('',#2168,#2166,#1081,.T.);
#2708=EDGE_CURVE('',#2167,#2168,#1082,.T.);
#2709=EDGE_CURVE('',#2167,#2161,#1933,.T.);
#2710=EDGE_CURVE('',#2162,#2168,#1934,.T.);
#2711=EDGE_CURVE('',#2169,#2170,#1083,.T.);
#2712=EDGE_CURVE('',#2171,#2169,#1935,.T.);
#2713=EDGE_CURVE('',#2172,#2171,#1084,.T.);
#2714=EDGE_CURVE('',#2173,#2172,#1936,.T.);
#2715=EDGE_CURVE('',#2174,#2173,#1085,.T.);
#2716=EDGE_CURVE('',#2175,#2174,#1937,.T.);
#2717=EDGE_CURVE('',#2176,#2175,#1086,.T.);
#2718=EDGE_CURVE('',#2177,#2176,#1938,.T.);
#2719=EDGE_CURVE('',#2178,#2177,#1087,.T.);
#2720=EDGE_CURVE('',#2179,#2178,#1939,.T.);
#2721=EDGE_CURVE('',#2180,#2179,#1088,.T.);
#2722=EDGE_CURVE('',#2170,#2180,#1940,.T.);
#2723=EDGE_CURVE('',#2149,#2181,#1089,.T.);
#2724=EDGE_CURVE('',#2181,#2182,#1941,.T.);
#2725=EDGE_CURVE('',#2182,#2183,#1090,.T.);
#2726=EDGE_CURVE('',#2183,#2184,#1942,.T.);
#2727=EDGE_CURVE('',#2184,#2185,#1091,.T.);
#2728=EDGE_CURVE('',#2185,#2186,#1943,.T.);
#2729=EDGE_CURVE('',#2186,#2146,#1092,.T.);
#2730=EDGE_CURVE('',#2187,#2188,#1944,.T.);
#2731=EDGE_CURVE('',#2188,#2189,#1093,.T.);
#2732=EDGE_CURVE('',#2189,#2190,#1945,.T.);
#2733=EDGE_CURVE('',#2190,#2191,#1094,.T.);
#2734=EDGE_CURVE('',#2191,#2192,#1946,.T.);
#2735=EDGE_CURVE('',#2192,#2193,#1095,.T.);
#2736=EDGE_CURVE('',#2193,#2194,#1947,.T.);
#2737=EDGE_CURVE('',#2194,#2187,#1096,.T.);
#2738=EDGE_CURVE('',#2195,#2196,#1948,.T.);
#2739=EDGE_CURVE('',#2184,#2195,#1097,.T.);
#2740=EDGE_CURVE('',#2183,#2196,#1098,.T.);
#2741=EDGE_CURVE('',#2196,#2197,#1099,.T.);
#2742=EDGE_CURVE('',#2182,#2197,#1100,.T.);
#2743=EDGE_CURVE('',#2197,#2198,#1949,.T.);
#2744=EDGE_CURVE('',#2181,#2198,#1101,.T.);
#2745=EDGE_CURVE('',#2198,#2150,#1102,.T.);
#2746=EDGE_CURVE('',#2186,#2199,#1103,.T.);
#2747=EDGE_CURVE('',#2147,#2199,#1104,.T.);
#2748=EDGE_CURVE('',#2199,#2200,#1950,.T.);
#2749=EDGE_CURVE('',#2185,#2200,#1105,.T.);
#2750=EDGE_CURVE('',#2200,#2195,#1106,.T.);
#2751=EDGE_CURVE('',#2201,#2202,#1951,.T.);
#2752=EDGE_CURVE('',#2192,#2201,#1107,.T.);
#2753=EDGE_CURVE('',#2191,#2202,#1108,.T.);
#2754=EDGE_CURVE('',#2202,#2203,#1109,.T.);
#2755=EDGE_CURVE('',#2190,#2203,#1110,.T.);
#2756=EDGE_CURVE('',#2203,#2204,#1952,.T.);
#2757=EDGE_CURVE('',#2189,#2204,#1111,.T.);
#2758=EDGE_CURVE('',#2204,#2205,#1112,.T.);
#2759=EDGE_CURVE('',#2188,#2205,#1113,.T.);
#2760=EDGE_CURVE('',#2205,#2206,#1953,.T.);
#2761=EDGE_CURVE('',#2187,#2206,#1114,.T.);
#2762=EDGE_CURVE('',#2206,#2207,#1115,.T.);
#2763=EDGE_CURVE('',#2194,#2207,#1116,.T.);
#2764=EDGE_CURVE('',#2207,#2208,#1954,.T.);
#2765=EDGE_CURVE('',#2193,#2208,#1117,.T.);
#2766=EDGE_CURVE('',#2208,#2201,#1118,.T.);
#2767=EDGE_CURVE('',#2169,#2209,#1119,.T.);
#2768=EDGE_CURVE('',#2210,#2209,#1955,.T.);
#2769=EDGE_CURVE('',#2171,#2210,#1120,.T.);
#2770=EDGE_CURVE('',#2211,#2210,#1121,.T.);
#2771=EDGE_CURVE('',#2172,#2211,#1122,.T.);
#2772=EDGE_CURVE('',#2212,#2211,#1956,.T.);
#2773=EDGE_CURVE('',#2173,#2212,#1123,.T.);
#2774=EDGE_CURVE('',#2213,#2212,#1124,.T.);
#2775=EDGE_CURVE('',#2174,#2213,#1125,.T.);
#2776=EDGE_CURVE('',#2214,#2213,#1957,.T.);
#2777=EDGE_CURVE('',#2175,#2214,#1126,.T.);
#2778=EDGE_CURVE('',#2215,#2214,#1127,.T.);
#2779=EDGE_CURVE('',#2176,#2215,#1128,.T.);
#2780=EDGE_CURVE('',#2216,#2215,#1958,.T.);
#2781=EDGE_CURVE('',#2177,#2216,#1129,.T.);
#2782=EDGE_CURVE('',#2217,#2216,#1130,.T.);
#2783=EDGE_CURVE('',#2178,#2217,#1131,.T.);
#2784=EDGE_CURVE('',#2218,#2217,#1959,.T.);
#2785=EDGE_CURVE('',#2179,#2218,#1132,.T.);
#2786=EDGE_CURVE('',#2219,#2218,#1133,.T.);
#2787=EDGE_CURVE('',#2180,#2219,#1134,.T.);
#2788=EDGE_CURVE('',#2220,#2219,#1960,.T.);
#2789=EDGE_CURVE('',#2170,#2220,#1135,.T.);
#2790=EDGE_CURVE('',#2209,#2220,#1136,.T.);
#2791=EDGE_CURVE('',#2221,#2222,#1137,.T.);
#2792=EDGE_CURVE('',#2221,#2223,#1138,.T.);
#2793=EDGE_CURVE('',#2223,#2224,#1139,.T.);
#2794=EDGE_CURVE('',#2222,#2224,#1140,.T.);
#2795=EDGE_CURVE('',#2225,#2221,#1141,.T.);
#2796=EDGE_CURVE('',#2225,#2226,#1142,.T.);
#2797=EDGE_CURVE('',#2226,#2223,#1143,.T.);
#2798=EDGE_CURVE('',#2227,#2227,#1961,.T.);
#2799=EDGE_CURVE('',#2228,#2225,#1144,.T.);
#2800=EDGE_CURVE('',#2228,#2229,#1145,.T.);
#2801=EDGE_CURVE('',#2229,#2226,#1146,.T.);
#2802=EDGE_CURVE('',#2222,#2228,#1147,.T.);
#2803=EDGE_CURVE('',#2224,#2229,#1148,.T.);
#2804=EDGE_CURVE('',#2230,#2230,#1962,.T.);
#2805=EDGE_CURVE('',#2231,#2232,#1149,.T.);
#2806=EDGE_CURVE('',#2231,#2233,#1150,.T.);
#2807=EDGE_CURVE('',#2233,#2234,#1151,.T.);
#2808=EDGE_CURVE('',#2232,#2234,#1152,.T.);
#2809=EDGE_CURVE('',#2235,#2231,#1153,.T.);
#2810=EDGE_CURVE('',#2235,#2236,#1154,.T.);
#2811=EDGE_CURVE('',#2236,#2233,#1155,.T.);
#2812=EDGE_CURVE('',#2237,#2237,#1963,.T.);
#2813=EDGE_CURVE('',#2238,#2235,#1156,.T.);
#2814=EDGE_CURVE('',#2238,#2239,#1157,.T.);
#2815=EDGE_CURVE('',#2239,#2236,#1158,.T.);
#2816=EDGE_CURVE('',#2232,#2238,#1159,.T.);
#2817=EDGE_CURVE('',#2234,#2239,#1160,.T.);
#2818=EDGE_CURVE('',#2240,#2240,#1964,.T.);
#2819=EDGE_CURVE('',#2241,#2241,#1965,.T.);
#2820=EDGE_CURVE('',#2241,#2230,#1161,.T.);
#2821=EDGE_CURVE('',#2242,#2242,#1966,.T.);
#2822=EDGE_CURVE('',#2242,#2240,#1162,.T.);
#2823=EDGE_CURVE('',#2227,#2243,#1163,.T.);
#2824=EDGE_CURVE('',#2243,#2243,#1967,.T.);
#2825=EDGE_CURVE('',#2237,#2244,#1164,.T.);
#2826=EDGE_CURVE('',#2244,#2244,#1968,.T.);
#2827=EDGE_CURVE('',#2245,#2246,#1165,.T.);
#2828=EDGE_CURVE('',#2245,#2247,#1166,.T.);
#2829=EDGE_CURVE('',#2247,#2248,#1167,.T.);
#2830=EDGE_CURVE('',#2246,#2248,#1168,.T.);
#2831=EDGE_CURVE('',#2249,#2245,#1169,.T.);
#2832=EDGE_CURVE('',#2249,#2250,#1170,.T.);
#2833=EDGE_CURVE('',#2250,#2247,#1171,.T.);
#2834=EDGE_CURVE('',#2251,#2251,#1969,.T.);
#2835=EDGE_CURVE('',#2252,#2249,#1172,.T.);
#2836=EDGE_CURVE('',#2252,#2253,#1173,.T.);
#2837=EDGE_CURVE('',#2253,#2250,#1174,.T.);
#2838=EDGE_CURVE('',#2246,#2252,#1175,.T.);
#2839=EDGE_CURVE('',#2248,#2253,#1176,.T.);
#2840=EDGE_CURVE('',#2254,#2254,#1970,.T.);
#2841=EDGE_CURVE('',#2255,#2256,#1177,.T.);
#2842=EDGE_CURVE('',#2255,#2257,#1178,.T.);
#2843=EDGE_CURVE('',#2257,#2258,#1179,.T.);
#2844=EDGE_CURVE('',#2256,#2258,#1180,.T.);
#2845=EDGE_CURVE('',#2259,#2255,#1181,.T.);
#2846=EDGE_CURVE('',#2259,#2260,#1182,.T.);
#2847=EDGE_CURVE('',#2260,#2257,#1183,.T.);
#2848=EDGE_CURVE('',#2261,#2261,#1971,.T.);
#2849=EDGE_CURVE('',#2262,#2259,#1184,.T.);
#2850=EDGE_CURVE('',#2262,#2263,#1185,.T.);
#2851=EDGE_CURVE('',#2263,#2260,#1186,.T.);
#2852=EDGE_CURVE('',#2256,#2262,#1187,.T.);
#2853=EDGE_CURVE('',#2258,#2263,#1188,.T.);
#2854=EDGE_CURVE('',#2264,#2264,#1972,.T.);
#2855=EDGE_CURVE('',#2265,#2265,#1973,.T.);
#2856=EDGE_CURVE('',#2265,#2254,#1189,.T.);
#2857=EDGE_CURVE('',#2266,#2266,#1974,.T.);
#2858=EDGE_CURVE('',#2266,#2264,#1190,.T.);
#2859=EDGE_CURVE('',#2251,#2267,#1191,.T.);
#2860=EDGE_CURVE('',#2267,#2267,#1975,.T.);
#2861=EDGE_CURVE('',#2261,#2268,#1192,.T.);
#2862=EDGE_CURVE('',#2268,#2268,#1976,.T.);
#2863=EDGE_CURVE('',#2269,#2269,#1977,.T.);
#2864=EDGE_CURVE('',#2269,#2270,#1193,.T.);
#2865=EDGE_CURVE('',#2271,#2270,#83,.T.);
#2866=EDGE_CURVE('',#2272,#2271,#84,.T.);
#2867=EDGE_CURVE('',#2273,#2272,#85,.T.);
#2868=EDGE_CURVE('',#2274,#2273,#86,.T.);
#2869=EDGE_CURVE('',#2270,#2274,#87,.T.);
#2870=EDGE_CURVE('',#2275,#2272,#88,.T.);
#2871=EDGE_CURVE('',#2275,#2276,#1194,.T.);
#2872=EDGE_CURVE('',#2276,#2277,#89,.T.);
#2873=EDGE_CURVE('',#2278,#2277,#1195,.T.);
#2874=EDGE_CURVE('',#2273,#2278,#90,.T.);
#2875=EDGE_CURVE('',#2279,#2271,#91,.T.);
#2876=EDGE_CURVE('',#2279,#2275,#1196,.T.);
#2877=EDGE_CURVE('',#2280,#2280,#1978,.T.);
#2878=EDGE_CURVE('',#2280,#2281,#1197,.T.);
#2879=EDGE_CURVE('',#2281,#2281,#1979,.T.);
#2880=EDGE_CURVE('',#2282,#2283,#1198,.T.);
#2881=EDGE_CURVE('',#2282,#2284,#1199,.T.);
#2882=EDGE_CURVE('',#2284,#2285,#92,.T.);
#2883=EDGE_CURVE('',#2283,#2285,#1200,.T.);
#2884=EDGE_CURVE('',#2286,#2282,#1201,.T.);
#2885=EDGE_CURVE('',#2287,#2286,#1202,.T.);
#2886=EDGE_CURVE('',#2288,#2287,#1203,.T.);
#2887=EDGE_CURVE('',#2289,#2288,#1204,.T.);
#2888=EDGE_CURVE('',#2276,#2289,#1205,.T.);
#2889=EDGE_CURVE('',#2290,#2279,#1206,.T.);
#2890=EDGE_CURVE('',#2291,#2290,#1207,.T.);
#2891=EDGE_CURVE('',#2292,#2291,#1208,.T.);
#2892=EDGE_CURVE('',#2284,#2292,#1209,.T.);
#2893=EDGE_CURVE('',#2283,#2293,#1210,.T.);
#2894=EDGE_CURVE('',#2285,#2294,#1211,.T.);
#2895=EDGE_CURVE('',#2294,#2295,#1212,.T.);
#2896=EDGE_CURVE('',#2295,#2296,#1213,.T.);
#2897=EDGE_CURVE('',#2296,#2297,#1214,.T.);
#2898=EDGE_CURVE('',#2297,#2278,#1215,.T.);
#2899=EDGE_CURVE('',#2277,#2298,#1216,.T.);
#2900=EDGE_CURVE('',#2298,#2299,#1217,.T.);
#2901=EDGE_CURVE('',#2299,#2300,#1218,.T.);
#2902=EDGE_CURVE('',#2300,#2293,#1219,.T.);
#2903=EDGE_CURVE('',#2293,#2286,#1220,.T.);
#2904=EDGE_CURVE('',#2287,#2300,#93,.T.);
#2905=EDGE_CURVE('',#2292,#2294,#94,.T.);
#2906=EDGE_CURVE('',#2291,#2295,#95,.T.);
#2907=EDGE_CURVE('',#2290,#2296,#96,.T.);
#2908=EDGE_CURVE('',#2274,#2301,#97,.T.);
#2909=EDGE_CURVE('',#2301,#2297,#98,.T.);
#2910=EDGE_CURVE('',#2289,#2302,#99,.T.);
#2911=EDGE_CURVE('',#2302,#2298,#100,.T.);
#2912=EDGE_CURVE('',#2288,#2299,#101,.T.);
#2913=EDGE_CURVE('',#2303,#2303,#1980,.T.);
#2914=EDGE_CURVE('',#2303,#2304,#1221,.T.);
#2915=EDGE_CURVE('',#2305,#2304,#102,.T.);
#2916=EDGE_CURVE('',#2304,#2305,#103,.T.);
#2917=EDGE_CURVE('',#2306,#2304,#104,.T.);
#2918=EDGE_CURVE('',#2306,#2307,#1222,.T.);
#2919=EDGE_CURVE('',#2307,#2308,#105,.T.);
#2920=EDGE_CURVE('',#2309,#2308,#1223,.T.);
#2921=EDGE_CURVE('',#2305,#2309,#106,.T.);
#2922=EDGE_CURVE('',#2310,#2310,#1981,.T.);
#2923=EDGE_CURVE('',#2310,#2311,#1224,.T.);
#2924=EDGE_CURVE('',#2311,#2311,#1982,.T.);
#2925=EDGE_CURVE('',#2312,#2313,#1225,.T.);
#2926=EDGE_CURVE('',#2312,#2314,#1226,.T.);
#2927=EDGE_CURVE('',#2314,#2315,#107,.T.);
#2928=EDGE_CURVE('',#2313,#2315,#1227,.T.);
#2929=EDGE_CURVE('',#2316,#2312,#1228,.T.);
#2930=EDGE_CURVE('',#2317,#2316,#1229,.T.);
#2931=EDGE_CURVE('',#2318,#2317,#1230,.T.);
#2932=EDGE_CURVE('',#2319,#2318,#1231,.T.);
#2933=EDGE_CURVE('',#2307,#2319,#1232,.T.);
#2934=EDGE_CURVE('',#2320,#2306,#1233,.T.);
#2935=EDGE_CURVE('',#2321,#2320,#1234,.T.);
#2936=EDGE_CURVE('',#2322,#2321,#1235,.T.);
#2937=EDGE_CURVE('',#2314,#2322,#1236,.T.);
#2938=EDGE_CURVE('',#2313,#2323,#1237,.T.);
#2939=EDGE_CURVE('',#2315,#2324,#1238,.T.);
#2940=EDGE_CURVE('',#2324,#2325,#1239,.T.);
#2941=EDGE_CURVE('',#2325,#2326,#1240,.T.);
#2942=EDGE_CURVE('',#2326,#2309,#1241,.T.);
#2943=EDGE_CURVE('',#2308,#2327,#1242,.T.);
#2944=EDGE_CURVE('',#2327,#2328,#1243,.T.);
#2945=EDGE_CURVE('',#2328,#2329,#1244,.T.);
#2946=EDGE_CURVE('',#2329,#2323,#1245,.T.);
#2947=EDGE_CURVE('',#2323,#2316,#1246,.T.);
#2948=EDGE_CURVE('',#2317,#2329,#108,.T.);
#2949=EDGE_CURVE('',#2322,#2324,#109,.T.);
#2950=EDGE_CURVE('',#2321,#2325,#110,.T.);
#2951=EDGE_CURVE('',#2320,#2326,#111,.T.);
#2952=EDGE_CURVE('',#2319,#2330,#112,.T.);
#2953=EDGE_CURVE('',#2330,#2327,#113,.T.);
#2954=EDGE_CURVE('',#2318,#2328,#114,.T.);
#2955=EDGE_CURVE('',#2331,#2332,#1983,.T.);
#2956=EDGE_CURVE('',#2332,#2333,#1247,.T.);
#2957=EDGE_CURVE('',#2334,#2333,#1984,.T.);
#2958=EDGE_CURVE('',#2331,#2334,#1248,.T.);
#2959=EDGE_CURVE('',#2335,#2331,#1249,.T.);
#2960=EDGE_CURVE('',#2336,#2334,#1250,.T.);
#2961=EDGE_CURVE('',#2335,#2336,#1251,.T.);
#2962=EDGE_CURVE('',#2337,#2335,#1985,.T.);
#2963=EDGE_CURVE('',#2338,#2336,#1986,.T.);
#2964=EDGE_CURVE('',#2337,#2338,#1252,.T.);
#2965=EDGE_CURVE('',#2339,#2337,#1253,.T.);
#2966=EDGE_CURVE('',#2340,#2338,#1254,.T.);
#2967=EDGE_CURVE('',#2339,#2340,#1255,.T.);
#2968=EDGE_CURVE('',#2341,#2339,#1987,.T.);
#2969=EDGE_CURVE('',#2342,#2340,#1988,.T.);
#2970=EDGE_CURVE('',#2341,#2342,#1256,.T.);
#2971=EDGE_CURVE('',#2343,#2341,#1257,.T.);
#2972=EDGE_CURVE('',#2344,#2342,#1258,.T.);
#2973=EDGE_CURVE('',#2343,#2344,#1259,.T.);
#2974=EDGE_CURVE('',#2345,#2343,#1989,.T.);
#2975=EDGE_CURVE('',#2346,#2344,#1990,.T.);
#2976=EDGE_CURVE('',#2345,#2346,#1260,.T.);
#2977=EDGE_CURVE('',#2332,#2345,#1261,.T.);
#2978=EDGE_CURVE('',#2333,#2346,#1262,.T.);
#2979=EDGE_CURVE('',#2347,#2348,#1263,.T.);
#2980=EDGE_CURVE('',#2347,#2349,#1264,.T.);
#2981=EDGE_CURVE('',#2349,#2350,#1265,.T.);
#2982=EDGE_CURVE('',#2348,#2350,#1266,.T.);
#2983=EDGE_CURVE('',#2351,#2347,#1267,.T.);
#2984=EDGE_CURVE('',#2351,#2352,#1268,.T.);
#2985=EDGE_CURVE('',#2352,#2349,#1269,.T.);
#2986=EDGE_CURVE('',#2353,#2353,#1991,.T.);
#2987=EDGE_CURVE('',#2354,#2351,#1270,.T.);
#2988=EDGE_CURVE('',#2354,#2355,#1271,.T.);
#2989=EDGE_CURVE('',#2355,#2352,#1272,.T.);
#2990=EDGE_CURVE('',#2348,#2354,#1273,.T.);
#2991=EDGE_CURVE('',#2350,#2355,#1274,.T.);
#2992=EDGE_CURVE('',#2356,#2356,#1992,.T.);
#2993=EDGE_CURVE('',#2357,#2358,#1275,.T.);
#2994=EDGE_CURVE('',#2357,#2359,#1276,.T.);
#2995=EDGE_CURVE('',#2359,#2360,#1277,.T.);
#2996=EDGE_CURVE('',#2358,#2360,#1278,.T.);
#2997=EDGE_CURVE('',#2361,#2357,#1279,.T.);
#2998=EDGE_CURVE('',#2361,#2362,#1280,.T.);
#2999=EDGE_CURVE('',#2362,#2359,#1281,.T.);
#3000=EDGE_CURVE('',#2363,#2363,#1993,.T.);
#3001=EDGE_CURVE('',#2364,#2361,#1282,.T.);
#3002=EDGE_CURVE('',#2364,#2365,#1283,.T.);
#3003=EDGE_CURVE('',#2365,#2362,#1284,.T.);
#3004=EDGE_CURVE('',#2358,#2364,#1285,.T.);
#3005=EDGE_CURVE('',#2360,#2365,#1286,.T.);
#3006=EDGE_CURVE('',#2366,#2366,#1994,.T.);
#3007=EDGE_CURVE('',#2367,#2367,#1995,.T.);
#3008=EDGE_CURVE('',#2367,#2356,#1287,.T.);
#3009=EDGE_CURVE('',#2368,#2368,#1996,.T.);
#3010=EDGE_CURVE('',#2368,#2366,#1288,.T.);
#3011=EDGE_CURVE('',#2353,#2369,#1289,.T.);
#3012=EDGE_CURVE('',#2369,#2369,#1997,.T.);
#3013=EDGE_CURVE('',#2363,#2370,#1290,.T.);
#3014=EDGE_CURVE('',#2370,#2370,#1998,.T.);
#3015=EDGE_CURVE('',#2371,#2372,#1291,.T.);
#3016=EDGE_CURVE('',#2371,#2373,#1292,.T.);
#3017=EDGE_CURVE('',#2373,#2374,#1293,.T.);
#3018=EDGE_CURVE('',#2372,#2374,#1294,.T.);
#3019=EDGE_CURVE('',#2375,#2371,#1295,.T.);
#3020=EDGE_CURVE('',#2375,#2376,#1296,.T.);
#3021=EDGE_CURVE('',#2376,#2373,#1297,.T.);
#3022=EDGE_CURVE('',#2377,#2377,#1999,.T.);
#3023=EDGE_CURVE('',#2378,#2375,#1298,.T.);
#3024=EDGE_CURVE('',#2378,#2379,#1299,.T.);
#3025=EDGE_CURVE('',#2379,#2376,#1300,.T.);
#3026=EDGE_CURVE('',#2372,#2378,#1301,.T.);
#3027=EDGE_CURVE('',#2374,#2379,#1302,.T.);
#3028=EDGE_CURVE('',#2380,#2380,#2000,.T.);
#3029=EDGE_CURVE('',#2381,#2382,#1303,.T.);
#3030=EDGE_CURVE('',#2381,#2383,#1304,.T.);
#3031=EDGE_CURVE('',#2383,#2384,#1305,.T.);
#3032=EDGE_CURVE('',#2382,#2384,#1306,.T.);
#3033=EDGE_CURVE('',#2385,#2381,#1307,.T.);
#3034=EDGE_CURVE('',#2385,#2386,#1308,.T.);
#3035=EDGE_CURVE('',#2386,#2383,#1309,.T.);
#3036=EDGE_CURVE('',#2387,#2387,#2001,.T.);
#3037=EDGE_CURVE('',#2388,#2385,#1310,.T.);
#3038=EDGE_CURVE('',#2388,#2389,#1311,.T.);
#3039=EDGE_CURVE('',#2389,#2386,#1312,.T.);
#3040=EDGE_CURVE('',#2382,#2388,#1313,.T.);
#3041=EDGE_CURVE('',#2384,#2389,#1314,.T.);
#3042=EDGE_CURVE('',#2390,#2390,#2002,.T.);
#3043=EDGE_CURVE('',#2391,#2391,#2003,.T.);
#3044=EDGE_CURVE('',#2391,#2380,#1315,.T.);
#3045=EDGE_CURVE('',#2392,#2392,#2004,.T.);
#3046=EDGE_CURVE('',#2392,#2390,#1316,.T.);
#3047=EDGE_CURVE('',#2377,#2393,#1317,.T.);
#3048=EDGE_CURVE('',#2393,#2393,#2005,.T.);
#3049=EDGE_CURVE('',#2387,#2394,#1318,.T.);
#3050=EDGE_CURVE('',#2394,#2394,#2006,.T.);
#3051=EDGE_CURVE('',#2395,#2395,#2007,.T.);
#3052=EDGE_CURVE('',#2395,#2396,#1319,.T.);
#3053=EDGE_CURVE('',#2397,#2396,#115,.T.);
#3054=EDGE_CURVE('',#2398,#2397,#116,.T.);
#3055=EDGE_CURVE('',#2399,#2398,#117,.T.);
#3056=EDGE_CURVE('',#2400,#2399,#118,.T.);
#3057=EDGE_CURVE('',#2401,#2400,#119,.T.);
#3058=EDGE_CURVE('',#2402,#2401,#120,.T.);
#3059=EDGE_CURVE('',#2403,#2402,#121,.T.);
#3060=EDGE_CURVE('',#2404,#2403,#122,.T.);
#3061=EDGE_CURVE('',#2396,#2404,#123,.T.);
#3062=EDGE_CURVE('',#2405,#2404,#124,.T.);
#3063=EDGE_CURVE('',#2406,#2405,#125,.T.);
#3064=EDGE_CURVE('',#2406,#2407,#1320,.T.);
#3065=EDGE_CURVE('',#2407,#2408,#126,.T.);
#3066=EDGE_CURVE('',#2409,#2408,#1321,.T.);
#3067=EDGE_CURVE('',#2397,#2409,#127,.T.);
#3068=EDGE_CURVE('',#2410,#2403,#128,.T.);
#3069=EDGE_CURVE('',#2410,#2406,#1322,.T.);
#3070=EDGE_CURVE('',#2411,#2402,#129,.T.);
#3071=EDGE_CURVE('',#2411,#2410,#1323,.T.);
#3072=EDGE_CURVE('',#2412,#2401,#130,.T.);
#3073=EDGE_CURVE('',#2412,#2411,#1324,.T.);
#3074=EDGE_CURVE('',#2413,#2413,#2008,.T.);
#3075=EDGE_CURVE('',#2413,#2414,#1325,.T.);
#3076=EDGE_CURVE('',#2414,#2414,#2009,.T.);
#3077=EDGE_CURVE('',#2415,#2416,#1326,.T.);
#3078=EDGE_CURVE('',#2415,#2417,#1327,.T.);
#3079=EDGE_CURVE('',#2417,#2418,#131,.T.);
#3080=EDGE_CURVE('',#2416,#2418,#1328,.T.);
#3081=EDGE_CURVE('',#2419,#2415,#1329,.T.);
#3082=EDGE_CURVE('',#2420,#2419,#1330,.T.);
#3083=EDGE_CURVE('',#2421,#2420,#1331,.T.);
#3084=EDGE_CURVE('',#2422,#2421,#1332,.T.);
#3085=EDGE_CURVE('',#2407,#2422,#1333,.T.);
#3086=EDGE_CURVE('',#2423,#2412,#1334,.T.);
#3087=EDGE_CURVE('',#2424,#2423,#1335,.T.);
#3088=EDGE_CURVE('',#2425,#2424,#1336,.T.);
#3089=EDGE_CURVE('',#2426,#2425,#1337,.T.);
#3090=EDGE_CURVE('',#2417,#2426,#1338,.T.);
#3091=EDGE_CURVE('',#2416,#2427,#1339,.T.);
#3092=EDGE_CURVE('',#2418,#2428,#1340,.T.);
#3093=EDGE_CURVE('',#2428,#2429,#1341,.T.);
#3094=EDGE_CURVE('',#2429,#2430,#1342,.T.);
#3095=EDGE_CURVE('',#2430,#2431,#1343,.T.);
#3096=EDGE_CURVE('',#2431,#2432,#1344,.T.);
#3097=EDGE_CURVE('',#2432,#2433,#1345,.T.);
#3098=EDGE_CURVE('',#2433,#2434,#1346,.T.);
#3099=EDGE_CURVE('',#2434,#2409,#1347,.T.);
#3100=EDGE_CURVE('',#2408,#2435,#1348,.T.);
#3101=EDGE_CURVE('',#2435,#2436,#1349,.T.);
#3102=EDGE_CURVE('',#2436,#2437,#1350,.T.);
#3103=EDGE_CURVE('',#2437,#2427,#1351,.T.);
#3104=EDGE_CURVE('',#2427,#2419,#1352,.T.);
#3105=EDGE_CURVE('',#2420,#2437,#132,.T.);
#3106=EDGE_CURVE('',#2426,#2428,#133,.T.);
#3107=EDGE_CURVE('',#2425,#2429,#134,.T.);
#3108=EDGE_CURVE('',#2424,#2430,#135,.T.);
#3109=EDGE_CURVE('',#2423,#2431,#136,.T.);
#3110=EDGE_CURVE('',#2400,#2432,#137,.T.);
#3111=EDGE_CURVE('',#2399,#2433,#138,.T.);
#3112=EDGE_CURVE('',#2398,#2434,#139,.T.);
#3113=EDGE_CURVE('',#2422,#2438,#140,.T.);
#3114=EDGE_CURVE('',#2438,#2435,#141,.T.);
#3115=EDGE_CURVE('',#2421,#2436,#142,.T.);
#3116=EDGE_CURVE('',#2439,#2439,#2010,.T.);
#3117=EDGE_CURVE('',#2439,#2440,#1353,.T.);
#3118=EDGE_CURVE('',#2441,#2440,#143,.T.);
#3119=EDGE_CURVE('',#2442,#2441,#144,.T.);
#3120=EDGE_CURVE('',#2443,#2442,#145,.T.);
#3121=EDGE_CURVE('',#2440,#2443,#146,.T.);
#3122=EDGE_CURVE('',#2444,#2441,#147,.T.);
#3123=EDGE_CURVE('',#2444,#2445,#1354,.T.);
#3124=EDGE_CURVE('',#2445,#2446,#148,.T.);
#3125=EDGE_CURVE('',#2447,#2446,#1355,.T.);
#3126=EDGE_CURVE('',#2442,#2447,#149,.T.);
#3127=EDGE_CURVE('',#2448,#2440,#150,.T.);
#3128=EDGE_CURVE('',#2448,#2444,#1356,.T.);
#3129=EDGE_CURVE('',#2449,#2449,#2011,.T.);
#3130=EDGE_CURVE('',#2449,#2450,#1357,.T.);
#3131=EDGE_CURVE('',#2450,#2450,#2012,.T.);
#3132=EDGE_CURVE('',#2451,#2452,#1358,.T.);
#3133=EDGE_CURVE('',#2451,#2453,#1359,.T.);
#3134=EDGE_CURVE('',#2453,#2454,#151,.T.);
#3135=EDGE_CURVE('',#2452,#2454,#1360,.T.);
#3136=EDGE_CURVE('',#2455,#2451,#1361,.T.);
#3137=EDGE_CURVE('',#2456,#2455,#1362,.T.);
#3138=EDGE_CURVE('',#2457,#2456,#1363,.T.);
#3139=EDGE_CURVE('',#2445,#2457,#1364,.T.);
#3140=EDGE_CURVE('',#2458,#2448,#1365,.T.);
#3141=EDGE_CURVE('',#2459,#2458,#1366,.T.);
#3142=EDGE_CURVE('',#2460,#2459,#1367,.T.);
#3143=EDGE_CURVE('',#2461,#2460,#1368,.T.);
#3144=EDGE_CURVE('',#2462,#2461,#1369,.T.);
#3145=EDGE_CURVE('',#2453,#2462,#1370,.T.);
#3146=EDGE_CURVE('',#2452,#2463,#1371,.T.);
#3147=EDGE_CURVE('',#2454,#2464,#1372,.T.);
#3148=EDGE_CURVE('',#2464,#2465,#1373,.T.);
#3149=EDGE_CURVE('',#2465,#2466,#1374,.T.);
#3150=EDGE_CURVE('',#2466,#2467,#1375,.T.);
#3151=EDGE_CURVE('',#2467,#2468,#1376,.T.);
#3152=EDGE_CURVE('',#2468,#2469,#1377,.T.);
#3153=EDGE_CURVE('',#2469,#2447,#1378,.T.);
#3154=EDGE_CURVE('',#2446,#2470,#1379,.T.);
#3155=EDGE_CURVE('',#2470,#2471,#1380,.T.);
#3156=EDGE_CURVE('',#2471,#2463,#1381,.T.);
#3157=EDGE_CURVE('',#2463,#2455,#1382,.T.);
#3158=EDGE_CURVE('',#2456,#2471,#152,.T.);
#3159=EDGE_CURVE('',#2462,#2464,#153,.T.);
#3160=EDGE_CURVE('',#2461,#2472,#154,.T.);
#3161=EDGE_CURVE('',#2472,#2465,#155,.T.);
#3162=EDGE_CURVE('',#2460,#2466,#156,.T.);
#3163=EDGE_CURVE('',#2459,#2467,#157,.T.);
#3164=EDGE_CURVE('',#2458,#2473,#158,.T.);
#3165=EDGE_CURVE('',#2473,#2474,#159,.T.);
#3166=EDGE_CURVE('',#2474,#2468,#160,.T.);
#3167=EDGE_CURVE('',#2443,#2469,#161,.T.);
#3168=EDGE_CURVE('',#2457,#2470,#162,.T.);
#3169=EDGE_CURVE('',#2475,#2476,#2013,.T.);
#3170=EDGE_CURVE('',#2476,#2477,#1383,.T.);
#3171=EDGE_CURVE('',#2478,#2477,#2014,.T.);
#3172=EDGE_CURVE('',#2475,#2478,#1384,.T.);
#3173=EDGE_CURVE('',#2479,#2475,#1385,.T.);
#3174=EDGE_CURVE('',#2480,#2478,#1386,.T.);
#3175=EDGE_CURVE('',#2479,#2480,#1387,.T.);
#3176=EDGE_CURVE('',#2481,#2479,#2015,.T.);
#3177=EDGE_CURVE('',#2482,#2480,#2016,.T.);
#3178=EDGE_CURVE('',#2481,#2482,#1388,.T.);
#3179=EDGE_CURVE('',#2483,#2481,#1389,.T.);
#3180=EDGE_CURVE('',#2484,#2482,#1390,.T.);
#3181=EDGE_CURVE('',#2483,#2484,#1391,.T.);
#3182=EDGE_CURVE('',#2485,#2483,#2017,.T.);
#3183=EDGE_CURVE('',#2486,#2484,#2018,.T.);
#3184=EDGE_CURVE('',#2485,#2486,#1392,.T.);
#3185=EDGE_CURVE('',#2487,#2485,#1393,.T.);
#3186=EDGE_CURVE('',#2488,#2486,#1394,.T.);
#3187=EDGE_CURVE('',#2487,#2488,#1395,.T.);
#3188=EDGE_CURVE('',#2489,#2487,#2019,.T.);
#3189=EDGE_CURVE('',#2490,#2488,#2020,.T.);
#3190=EDGE_CURVE('',#2489,#2490,#1396,.T.);
#3191=EDGE_CURVE('',#2476,#2489,#1397,.T.);
#3192=EDGE_CURVE('',#2477,#2490,#1398,.T.);
#3193=ORIENTED_EDGE('',*,*,#2491,.F.);
#3194=ORIENTED_EDGE('',*,*,#2492,.T.);
#3195=ORIENTED_EDGE('',*,*,#2493,.F.);
#3196=ORIENTED_EDGE('',*,*,#2494,.T.);
#3197=ORIENTED_EDGE('',*,*,#2495,.F.);
#3198=ORIENTED_EDGE('',*,*,#2496,.T.);
#3199=ORIENTED_EDGE('',*,*,#2497,.F.);
#3200=ORIENTED_EDGE('',*,*,#2498,.T.);
#3201=ORIENTED_EDGE('',*,*,#2499,.F.);
#3202=ORIENTED_EDGE('',*,*,#2500,.T.);
#3203=ORIENTED_EDGE('',*,*,#2501,.F.);
#3204=ORIENTED_EDGE('',*,*,#2502,.T.);
#3205=ORIENTED_EDGE('',*,*,#2503,.T.);
#3206=ORIENTED_EDGE('',*,*,#2504,.T.);
#3207=ORIENTED_EDGE('',*,*,#2505,.T.);
#3208=ORIENTED_EDGE('',*,*,#2506,.T.);
#3209=ORIENTED_EDGE('',*,*,#2507,.F.);
#3210=ORIENTED_EDGE('',*,*,#2508,.F.);
#3211=ORIENTED_EDGE('',*,*,#2509,.F.);
#3212=ORIENTED_EDGE('',*,*,#2510,.T.);
#3213=ORIENTED_EDGE('',*,*,#2511,.T.);
#3214=ORIENTED_EDGE('',*,*,#2512,.T.);
#3215=ORIENTED_EDGE('',*,*,#2513,.T.);
#3216=ORIENTED_EDGE('',*,*,#2514,.T.);
#3217=ORIENTED_EDGE('',*,*,#2515,.T.);
#3218=ORIENTED_EDGE('',*,*,#2516,.T.);
#3219=ORIENTED_EDGE('',*,*,#2517,.T.);
#3220=ORIENTED_EDGE('',*,*,#2518,.T.);
#3221=ORIENTED_EDGE('',*,*,#2519,.T.);
#3222=ORIENTED_EDGE('',*,*,#2520,.T.);
#3223=ORIENTED_EDGE('',*,*,#2521,.T.);
#3224=ORIENTED_EDGE('',*,*,#2522,.T.);
#3225=ORIENTED_EDGE('',*,*,#2523,.T.);
#3226=ORIENTED_EDGE('',*,*,#2524,.T.);
#3227=ORIENTED_EDGE('',*,*,#2525,.T.);
#3228=ORIENTED_EDGE('',*,*,#2526,.F.);
#3229=ORIENTED_EDGE('',*,*,#2527,.F.);
#3230=ORIENTED_EDGE('',*,*,#2510,.F.);
#3231=ORIENTED_EDGE('',*,*,#2528,.T.);
#3232=ORIENTED_EDGE('',*,*,#2529,.F.);
#3233=ORIENTED_EDGE('',*,*,#2530,.F.);
#3234=ORIENTED_EDGE('',*,*,#2531,.F.);
#3235=ORIENTED_EDGE('',*,*,#2525,.F.);
#3236=ORIENTED_EDGE('',*,*,#2509,.T.);
#3237=ORIENTED_EDGE('',*,*,#2503,.F.);
#3238=ORIENTED_EDGE('',*,*,#2532,.T.);
#3239=ORIENTED_EDGE('',*,*,#2533,.F.);
#3240=ORIENTED_EDGE('',*,*,#2532,.F.);
#3241=ORIENTED_EDGE('',*,*,#2504,.F.);
#3242=ORIENTED_EDGE('',*,*,#2534,.T.);
#3243=ORIENTED_EDGE('',*,*,#2535,.F.);
#3244=ORIENTED_EDGE('',*,*,#2534,.F.);
#3245=ORIENTED_EDGE('',*,*,#2505,.F.);
#3246=ORIENTED_EDGE('',*,*,#2536,.T.);
#3247=ORIENTED_EDGE('',*,*,#2537,.F.);
#3248=ORIENTED_EDGE('',*,*,#2536,.F.);
#3249=ORIENTED_EDGE('',*,*,#2506,.F.);
#3250=ORIENTED_EDGE('',*,*,#2538,.T.);
#3251=ORIENTED_EDGE('',*,*,#2539,.F.);
#3252=ORIENTED_EDGE('',*,*,#2538,.F.);
#3253=ORIENTED_EDGE('',*,*,#2540,.F.);
#3254=ORIENTED_EDGE('',*,*,#2541,.T.);
#3255=ORIENTED_EDGE('',*,*,#2542,.F.);
#3256=ORIENTED_EDGE('',*,*,#2541,.F.);
#3257=ORIENTED_EDGE('',*,*,#2543,.F.);
#3258=ORIENTED_EDGE('',*,*,#2544,.T.);
#3259=ORIENTED_EDGE('',*,*,#2545,.F.);
#3260=ORIENTED_EDGE('',*,*,#2546,.F.);
#3261=ORIENTED_EDGE('',*,*,#2547,.F.);
#3262=ORIENTED_EDGE('',*,*,#2548,.T.);
#3263=ORIENTED_EDGE('',*,*,#2549,.F.);
#3264=ORIENTED_EDGE('',*,*,#2544,.F.);
#3265=ORIENTED_EDGE('',*,*,#2550,.F.);
#3266=ORIENTED_EDGE('',*,*,#2551,.T.);
#3267=ORIENTED_EDGE('',*,*,#2552,.F.);
#3268=ORIENTED_EDGE('',*,*,#2548,.F.);
#3269=ORIENTED_EDGE('',*,*,#2540,.T.);
#3270=ORIENTED_EDGE('',*,*,#2553,.F.);
#3271=ORIENTED_EDGE('',*,*,#2530,.T.);
#3272=ORIENTED_EDGE('',*,*,#2554,.F.);
#3273=ORIENTED_EDGE('',*,*,#2551,.F.);
#3274=ORIENTED_EDGE('',*,*,#2555,.F.);
#3275=ORIENTED_EDGE('',*,*,#2546,.T.);
#3276=ORIENTED_EDGE('',*,*,#2556,.F.);
#3277=ORIENTED_EDGE('',*,*,#2557,.F.);
#3278=ORIENTED_EDGE('',*,*,#2558,.F.);
#3279=ORIENTED_EDGE('',*,*,#2557,.T.);
#3280=ORIENTED_EDGE('',*,*,#2559,.F.);
#3281=ORIENTED_EDGE('',*,*,#2560,.F.);
#3282=ORIENTED_EDGE('',*,*,#2507,.T.);
#3283=ORIENTED_EDGE('',*,*,#2561,.F.);
#3284=ORIENTED_EDGE('',*,*,#2542,.T.);
#3285=ORIENTED_EDGE('',*,*,#2560,.T.);
#3286=ORIENTED_EDGE('',*,*,#2562,.F.);
#3287=ORIENTED_EDGE('',*,*,#2528,.F.);
#3288=ORIENTED_EDGE('',*,*,#2508,.T.);
#3289=ORIENTED_EDGE('',*,*,#2529,.T.);
#3290=ORIENTED_EDGE('',*,*,#2562,.T.);
#3291=ORIENTED_EDGE('',*,*,#2559,.T.);
#3292=ORIENTED_EDGE('',*,*,#2556,.T.);
#3293=ORIENTED_EDGE('',*,*,#2545,.T.);
#3294=ORIENTED_EDGE('',*,*,#2549,.T.);
#3295=ORIENTED_EDGE('',*,*,#2552,.T.);
#3296=ORIENTED_EDGE('',*,*,#2554,.T.);
#3297=ORIENTED_EDGE('',*,*,#2561,.T.);
#3298=ORIENTED_EDGE('',*,*,#2516,.F.);
#3299=ORIENTED_EDGE('',*,*,#2563,.T.);
#3300=ORIENTED_EDGE('',*,*,#2564,.F.);
#3301=ORIENTED_EDGE('',*,*,#2565,.F.);
#3302=ORIENTED_EDGE('',*,*,#2566,.T.);
#3303=ORIENTED_EDGE('',*,*,#2567,.F.);
#3304=ORIENTED_EDGE('',*,*,#2566,.F.);
#3305=ORIENTED_EDGE('',*,*,#2568,.F.);
#3306=ORIENTED_EDGE('',*,*,#2569,.T.);
#3307=ORIENTED_EDGE('',*,*,#2570,.F.);
#3308=ORIENTED_EDGE('',*,*,#2571,.F.);
#3309=ORIENTED_EDGE('',*,*,#2572,.F.);
#3310=ORIENTED_EDGE('',*,*,#2573,.T.);
#3311=ORIENTED_EDGE('',*,*,#2574,.F.);
#3312=ORIENTED_EDGE('',*,*,#2569,.F.);
#3313=ORIENTED_EDGE('',*,*,#2575,.F.);
#3314=ORIENTED_EDGE('',*,*,#2576,.T.);
#3315=ORIENTED_EDGE('',*,*,#2577,.F.);
#3316=ORIENTED_EDGE('',*,*,#2573,.F.);
#3317=ORIENTED_EDGE('',*,*,#2565,.T.);
#3318=ORIENTED_EDGE('',*,*,#2578,.F.);
#3319=ORIENTED_EDGE('',*,*,#2579,.T.);
#3320=ORIENTED_EDGE('',*,*,#2580,.F.);
#3321=ORIENTED_EDGE('',*,*,#2576,.F.);
#3322=ORIENTED_EDGE('',*,*,#2581,.F.);
#3323=ORIENTED_EDGE('',*,*,#2571,.T.);
#3324=ORIENTED_EDGE('',*,*,#2582,.F.);
#3325=ORIENTED_EDGE('',*,*,#2583,.F.);
#3326=ORIENTED_EDGE('',*,*,#2584,.F.);
#3327=ORIENTED_EDGE('',*,*,#2583,.T.);
#3328=ORIENTED_EDGE('',*,*,#2585,.F.);
#3329=ORIENTED_EDGE('',*,*,#2586,.F.);
#3330=ORIENTED_EDGE('',*,*,#2567,.T.);
#3331=ORIENTED_EDGE('',*,*,#2587,.F.);
#3332=ORIENTED_EDGE('',*,*,#2586,.T.);
#3333=ORIENTED_EDGE('',*,*,#2588,.F.);
#3334=ORIENTED_EDGE('',*,*,#2589,.F.);
#3335=ORIENTED_EDGE('',*,*,#2590,.F.);
#3336=ORIENTED_EDGE('',*,*,#2589,.T.);
#3337=ORIENTED_EDGE('',*,*,#2591,.F.);
#3338=ORIENTED_EDGE('',*,*,#2579,.F.);
#3339=ORIENTED_EDGE('',*,*,#2591,.T.);
#3340=ORIENTED_EDGE('',*,*,#2588,.T.);
#3341=ORIENTED_EDGE('',*,*,#2585,.T.);
#3342=ORIENTED_EDGE('',*,*,#2582,.T.);
#3343=ORIENTED_EDGE('',*,*,#2570,.T.);
#3344=ORIENTED_EDGE('',*,*,#2574,.T.);
#3345=ORIENTED_EDGE('',*,*,#2577,.T.);
#3346=ORIENTED_EDGE('',*,*,#2580,.T.);
#3347=ORIENTED_EDGE('',*,*,#2592,.F.);
#3348=ORIENTED_EDGE('',*,*,#2593,.F.);
#3349=ORIENTED_EDGE('',*,*,#2514,.F.);
#3350=ORIENTED_EDGE('',*,*,#2594,.T.);
#3351=ORIENTED_EDGE('',*,*,#2595,.F.);
#3352=ORIENTED_EDGE('',*,*,#2594,.F.);
#3353=ORIENTED_EDGE('',*,*,#2513,.F.);
#3354=ORIENTED_EDGE('',*,*,#2596,.T.);
#3355=ORIENTED_EDGE('',*,*,#2597,.F.);
#3356=ORIENTED_EDGE('',*,*,#2596,.F.);
#3357=ORIENTED_EDGE('',*,*,#2512,.F.);
#3358=ORIENTED_EDGE('',*,*,#2598,.T.);
#3359=ORIENTED_EDGE('',*,*,#2599,.F.);
#3360=ORIENTED_EDGE('',*,*,#2598,.F.);
#3361=ORIENTED_EDGE('',*,*,#2511,.F.);
#3362=ORIENTED_EDGE('',*,*,#2527,.T.);
#3363=ORIENTED_EDGE('',*,*,#2600,.F.);
#3364=ORIENTED_EDGE('',*,*,#2563,.F.);
#3365=ORIENTED_EDGE('',*,*,#2515,.F.);
#3366=ORIENTED_EDGE('',*,*,#2593,.T.);
#3367=ORIENTED_EDGE('',*,*,#2601,.F.);
#3368=ORIENTED_EDGE('',*,*,#2602,.F.);
#3369=ORIENTED_EDGE('',*,*,#2521,.F.);
#3370=ORIENTED_EDGE('',*,*,#2603,.T.);
#3371=ORIENTED_EDGE('',*,*,#2604,.F.);
#3372=ORIENTED_EDGE('',*,*,#2603,.F.);
#3373=ORIENTED_EDGE('',*,*,#2520,.F.);
#3374=ORIENTED_EDGE('',*,*,#2605,.T.);
#3375=ORIENTED_EDGE('',*,*,#2606,.F.);
#3376=ORIENTED_EDGE('',*,*,#2605,.F.);
#3377=ORIENTED_EDGE('',*,*,#2519,.F.);
#3378=ORIENTED_EDGE('',*,*,#2607,.T.);
#3379=ORIENTED_EDGE('',*,*,#2608,.F.);
#3380=ORIENTED_EDGE('',*,*,#2607,.F.);
#3381=ORIENTED_EDGE('',*,*,#2518,.F.);
#3382=ORIENTED_EDGE('',*,*,#2609,.T.);
#3383=ORIENTED_EDGE('',*,*,#2610,.F.);
#3384=ORIENTED_EDGE('',*,*,#2609,.F.);
#3385=ORIENTED_EDGE('',*,*,#2517,.F.);
#3386=ORIENTED_EDGE('',*,*,#2611,.T.);
#3387=ORIENTED_EDGE('',*,*,#2612,.F.);
#3388=ORIENTED_EDGE('',*,*,#2611,.F.);
#3389=ORIENTED_EDGE('',*,*,#2524,.F.);
#3390=ORIENTED_EDGE('',*,*,#2613,.T.);
#3391=ORIENTED_EDGE('',*,*,#2614,.F.);
#3392=ORIENTED_EDGE('',*,*,#2613,.F.);
#3393=ORIENTED_EDGE('',*,*,#2523,.F.);
#3394=ORIENTED_EDGE('',*,*,#2615,.T.);
#3395=ORIENTED_EDGE('',*,*,#2616,.F.);
#3396=ORIENTED_EDGE('',*,*,#2615,.F.);
#3397=ORIENTED_EDGE('',*,*,#2522,.F.);
#3398=ORIENTED_EDGE('',*,*,#2602,.T.);
#3399=ORIENTED_EDGE('',*,*,#2492,.F.);
#3400=ORIENTED_EDGE('',*,*,#2617,.T.);
#3401=ORIENTED_EDGE('',*,*,#2618,.F.);
#3402=ORIENTED_EDGE('',*,*,#2619,.F.);
#3403=ORIENTED_EDGE('',*,*,#2493,.T.);
#3404=ORIENTED_EDGE('',*,*,#2619,.T.);
#3405=ORIENTED_EDGE('',*,*,#2620,.F.);
#3406=ORIENTED_EDGE('',*,*,#2621,.F.);
#3407=ORIENTED_EDGE('',*,*,#2494,.F.);
#3408=ORIENTED_EDGE('',*,*,#2621,.T.);
#3409=ORIENTED_EDGE('',*,*,#2622,.F.);
#3410=ORIENTED_EDGE('',*,*,#2623,.F.);
#3411=ORIENTED_EDGE('',*,*,#2495,.T.);
#3412=ORIENTED_EDGE('',*,*,#2623,.T.);
#3413=ORIENTED_EDGE('',*,*,#2624,.F.);
#3414=ORIENTED_EDGE('',*,*,#2625,.F.);
#3415=ORIENTED_EDGE('',*,*,#2496,.F.);
#3416=ORIENTED_EDGE('',*,*,#2625,.T.);
#3417=ORIENTED_EDGE('',*,*,#2626,.F.);
#3418=ORIENTED_EDGE('',*,*,#2627,.F.);
#3419=ORIENTED_EDGE('',*,*,#2497,.T.);
#3420=ORIENTED_EDGE('',*,*,#2627,.T.);
#3421=ORIENTED_EDGE('',*,*,#2628,.F.);
#3422=ORIENTED_EDGE('',*,*,#2629,.F.);
#3423=ORIENTED_EDGE('',*,*,#2498,.F.);
#3424=ORIENTED_EDGE('',*,*,#2629,.T.);
#3425=ORIENTED_EDGE('',*,*,#2630,.F.);
#3426=ORIENTED_EDGE('',*,*,#2631,.F.);
#3427=ORIENTED_EDGE('',*,*,#2499,.T.);
#3428=ORIENTED_EDGE('',*,*,#2631,.T.);
#3429=ORIENTED_EDGE('',*,*,#2632,.F.);
#3430=ORIENTED_EDGE('',*,*,#2633,.F.);
#3431=ORIENTED_EDGE('',*,*,#2500,.F.);
#3432=ORIENTED_EDGE('',*,*,#2633,.T.);
#3433=ORIENTED_EDGE('',*,*,#2634,.F.);
#3434=ORIENTED_EDGE('',*,*,#2635,.F.);
#3435=ORIENTED_EDGE('',*,*,#2501,.T.);
#3436=ORIENTED_EDGE('',*,*,#2635,.T.);
#3437=ORIENTED_EDGE('',*,*,#2636,.F.);
#3438=ORIENTED_EDGE('',*,*,#2637,.F.);
#3439=ORIENTED_EDGE('',*,*,#2502,.F.);
#3440=ORIENTED_EDGE('',*,*,#2637,.T.);
#3441=ORIENTED_EDGE('',*,*,#2638,.F.);
#3442=ORIENTED_EDGE('',*,*,#2639,.F.);
#3443=ORIENTED_EDGE('',*,*,#2491,.T.);
#3444=ORIENTED_EDGE('',*,*,#2639,.T.);
#3445=ORIENTED_EDGE('',*,*,#2640,.F.);
#3446=ORIENTED_EDGE('',*,*,#2617,.F.);
#3447=ORIENTED_EDGE('',*,*,#2640,.T.);
#3448=ORIENTED_EDGE('',*,*,#2638,.T.);
#3449=ORIENTED_EDGE('',*,*,#2636,.T.);
#3450=ORIENTED_EDGE('',*,*,#2634,.T.);
#3451=ORIENTED_EDGE('',*,*,#2632,.T.);
#3452=ORIENTED_EDGE('',*,*,#2630,.T.);
#3453=ORIENTED_EDGE('',*,*,#2628,.T.);
#3454=ORIENTED_EDGE('',*,*,#2626,.T.);
#3455=ORIENTED_EDGE('',*,*,#2624,.T.);
#3456=ORIENTED_EDGE('',*,*,#2622,.T.);
#3457=ORIENTED_EDGE('',*,*,#2620,.T.);
#3458=ORIENTED_EDGE('',*,*,#2618,.T.);
#3459=ORIENTED_EDGE('',*,*,#2610,.T.);
#3460=ORIENTED_EDGE('',*,*,#2612,.T.);
#3461=ORIENTED_EDGE('',*,*,#2614,.T.);
#3462=ORIENTED_EDGE('',*,*,#2616,.T.);
#3463=ORIENTED_EDGE('',*,*,#2601,.T.);
#3464=ORIENTED_EDGE('',*,*,#2604,.T.);
#3465=ORIENTED_EDGE('',*,*,#2606,.T.);
#3466=ORIENTED_EDGE('',*,*,#2608,.T.);
#3467=ORIENTED_EDGE('',*,*,#2578,.T.);
#3468=ORIENTED_EDGE('',*,*,#2575,.T.);
#3469=ORIENTED_EDGE('',*,*,#2572,.T.);
#3470=ORIENTED_EDGE('',*,*,#2568,.T.);
#3471=ORIENTED_EDGE('',*,*,#2581,.T.);
#3472=ORIENTED_EDGE('',*,*,#2584,.T.);
#3473=ORIENTED_EDGE('',*,*,#2587,.T.);
#3474=ORIENTED_EDGE('',*,*,#2590,.T.);
#3475=ORIENTED_EDGE('',*,*,#2558,.T.);
#3476=ORIENTED_EDGE('',*,*,#2564,.T.);
#3477=ORIENTED_EDGE('',*,*,#2600,.T.);
#3478=ORIENTED_EDGE('',*,*,#2592,.T.);
#3479=ORIENTED_EDGE('',*,*,#2595,.T.);
#3480=ORIENTED_EDGE('',*,*,#2597,.T.);
#3481=ORIENTED_EDGE('',*,*,#2599,.T.);
#3482=ORIENTED_EDGE('',*,*,#2526,.T.);
#3483=ORIENTED_EDGE('',*,*,#2531,.T.);
#3484=ORIENTED_EDGE('',*,*,#2553,.T.);
#3485=ORIENTED_EDGE('',*,*,#2550,.T.);
#3486=ORIENTED_EDGE('',*,*,#2547,.T.);
#3487=ORIENTED_EDGE('',*,*,#2543,.T.);
#3488=ORIENTED_EDGE('',*,*,#2555,.T.);
#3489=ORIENTED_EDGE('',*,*,#2539,.T.);
#3490=ORIENTED_EDGE('',*,*,#2537,.T.);
#3491=ORIENTED_EDGE('',*,*,#2535,.T.);
#3492=ORIENTED_EDGE('',*,*,#2533,.T.);
#3493=ORIENTED_EDGE('',*,*,#2641,.F.);
#3494=ORIENTED_EDGE('',*,*,#2642,.T.);
#3495=ORIENTED_EDGE('',*,*,#2643,.F.);
#3496=ORIENTED_EDGE('',*,*,#2642,.F.);
#3497=ORIENTED_EDGE('',*,*,#2644,.F.);
#3498=ORIENTED_EDGE('',*,*,#2645,.T.);
#3499=ORIENTED_EDGE('',*,*,#2646,.F.);
#3500=ORIENTED_EDGE('',*,*,#2645,.F.);
#3501=ORIENTED_EDGE('',*,*,#2647,.F.);
#3502=ORIENTED_EDGE('',*,*,#2648,.T.);
#3503=ORIENTED_EDGE('',*,*,#2649,.F.);
#3504=ORIENTED_EDGE('',*,*,#2648,.F.);
#3505=ORIENTED_EDGE('',*,*,#2650,.F.);
#3506=ORIENTED_EDGE('',*,*,#2651,.T.);
#3507=ORIENTED_EDGE('',*,*,#2652,.F.);
#3508=ORIENTED_EDGE('',*,*,#2651,.F.);
#3509=ORIENTED_EDGE('',*,*,#2653,.F.);
#3510=ORIENTED_EDGE('',*,*,#2654,.T.);
#3511=ORIENTED_EDGE('',*,*,#2655,.F.);
#3512=ORIENTED_EDGE('',*,*,#2654,.F.);
#3513=ORIENTED_EDGE('',*,*,#2656,.F.);
#3514=ORIENTED_EDGE('',*,*,#2657,.T.);
#3515=ORIENTED_EDGE('',*,*,#2658,.F.);
#3516=ORIENTED_EDGE('',*,*,#2659,.F.);
#3517=ORIENTED_EDGE('',*,*,#2653,.T.);
#3518=ORIENTED_EDGE('',*,*,#2660,.F.);
#3519=ORIENTED_EDGE('',*,*,#2661,.T.);
#3520=ORIENTED_EDGE('',*,*,#2662,.F.);
#3521=ORIENTED_EDGE('',*,*,#2657,.F.);
#3522=ORIENTED_EDGE('',*,*,#2663,.F.);
#3523=ORIENTED_EDGE('',*,*,#2664,.T.);
#3524=ORIENTED_EDGE('',*,*,#2665,.F.);
#3525=ORIENTED_EDGE('',*,*,#2661,.F.);
#3526=ORIENTED_EDGE('',*,*,#2666,.F.);
#3527=ORIENTED_EDGE('',*,*,#2667,.T.);
#3528=ORIENTED_EDGE('',*,*,#2668,.F.);
#3529=ORIENTED_EDGE('',*,*,#2664,.F.);
#3530=ORIENTED_EDGE('',*,*,#2669,.F.);
#3531=ORIENTED_EDGE('',*,*,#2659,.T.);
#3532=ORIENTED_EDGE('',*,*,#2670,.F.);
#3533=ORIENTED_EDGE('',*,*,#2671,.F.);
#3534=ORIENTED_EDGE('',*,*,#2662,.T.);
#3535=ORIENTED_EDGE('',*,*,#2665,.T.);
#3536=ORIENTED_EDGE('',*,*,#2668,.T.);
#3537=ORIENTED_EDGE('',*,*,#2672,.T.);
#3538=ORIENTED_EDGE('',*,*,#2673,.T.);
#3539=ORIENTED_EDGE('',*,*,#2674,.T.);
#3540=ORIENTED_EDGE('',*,*,#2670,.T.);
#3541=ORIENTED_EDGE('',*,*,#2658,.T.);
#3542=ORIENTED_EDGE('',*,*,#2675,.F.);
#3543=ORIENTED_EDGE('',*,*,#2676,.F.);
#3544=ORIENTED_EDGE('',*,*,#2677,.F.);
#3545=ORIENTED_EDGE('',*,*,#2678,.F.);
#3546=ORIENTED_EDGE('',*,*,#2671,.T.);
#3547=ORIENTED_EDGE('',*,*,#2674,.F.);
#3548=ORIENTED_EDGE('',*,*,#2679,.F.);
#3549=ORIENTED_EDGE('',*,*,#2680,.T.);
#3550=ORIENTED_EDGE('',*,*,#2675,.T.);
#3551=ORIENTED_EDGE('',*,*,#2673,.F.);
#3552=ORIENTED_EDGE('',*,*,#2681,.F.);
#3553=ORIENTED_EDGE('',*,*,#2682,.F.);
#3554=ORIENTED_EDGE('',*,*,#2679,.T.);
#3555=ORIENTED_EDGE('',*,*,#2672,.F.);
#3556=ORIENTED_EDGE('',*,*,#2667,.F.);
#3557=ORIENTED_EDGE('',*,*,#2683,.F.);
#3558=ORIENTED_EDGE('',*,*,#2655,.T.);
#3559=ORIENTED_EDGE('',*,*,#2684,.F.);
#3560=ORIENTED_EDGE('',*,*,#2685,.T.);
#3561=ORIENTED_EDGE('',*,*,#2686,.F.);
#3562=ORIENTED_EDGE('',*,*,#2685,.F.);
#3563=ORIENTED_EDGE('',*,*,#2687,.F.);
#3564=ORIENTED_EDGE('',*,*,#2688,.T.);
#3565=ORIENTED_EDGE('',*,*,#2689,.F.);
#3566=ORIENTED_EDGE('',*,*,#2690,.F.);
#3567=ORIENTED_EDGE('',*,*,#2691,.F.);
#3568=ORIENTED_EDGE('',*,*,#2692,.T.);
#3569=ORIENTED_EDGE('',*,*,#2693,.F.);
#3570=ORIENTED_EDGE('',*,*,#2688,.F.);
#3571=ORIENTED_EDGE('',*,*,#2694,.F.);
#3572=ORIENTED_EDGE('',*,*,#2695,.T.);
#3573=ORIENTED_EDGE('',*,*,#2696,.F.);
#3574=ORIENTED_EDGE('',*,*,#2692,.F.);
#3575=ORIENTED_EDGE('',*,*,#2697,.F.);
#3576=ORIENTED_EDGE('',*,*,#2698,.T.);
#3577=ORIENTED_EDGE('',*,*,#2699,.F.);
#3578=ORIENTED_EDGE('',*,*,#2695,.F.);
#3579=ORIENTED_EDGE('',*,*,#2684,.T.);
#3580=ORIENTED_EDGE('',*,*,#2700,.F.);
#3581=ORIENTED_EDGE('',*,*,#2690,.T.);
#3582=ORIENTED_EDGE('',*,*,#2701,.F.);
#3583=ORIENTED_EDGE('',*,*,#2702,.F.);
#3584=ORIENTED_EDGE('',*,*,#2686,.T.);
#3585=ORIENTED_EDGE('',*,*,#2703,.F.);
#3586=ORIENTED_EDGE('',*,*,#2702,.T.);
#3587=ORIENTED_EDGE('',*,*,#2704,.F.);
#3588=ORIENTED_EDGE('',*,*,#2705,.F.);
#3589=ORIENTED_EDGE('',*,*,#2706,.F.);
#3590=ORIENTED_EDGE('',*,*,#2705,.T.);
#3591=ORIENTED_EDGE('',*,*,#2707,.F.);
#3592=ORIENTED_EDGE('',*,*,#2708,.F.);
#3593=ORIENTED_EDGE('',*,*,#2709,.F.);
#3594=ORIENTED_EDGE('',*,*,#2708,.T.);
#3595=ORIENTED_EDGE('',*,*,#2710,.F.);
#3596=ORIENTED_EDGE('',*,*,#2698,.F.);
#3597=ORIENTED_EDGE('',*,*,#2710,.T.);
#3598=ORIENTED_EDGE('',*,*,#2707,.T.);
#3599=ORIENTED_EDGE('',*,*,#2704,.T.);
#3600=ORIENTED_EDGE('',*,*,#2701,.T.);
#3601=ORIENTED_EDGE('',*,*,#2689,.T.);
#3602=ORIENTED_EDGE('',*,*,#2693,.T.);
#3603=ORIENTED_EDGE('',*,*,#2696,.T.);
#3604=ORIENTED_EDGE('',*,*,#2699,.T.);
#3605=ORIENTED_EDGE('',*,*,#2711,.F.);
#3606=ORIENTED_EDGE('',*,*,#2712,.F.);
#3607=ORIENTED_EDGE('',*,*,#2713,.F.);
#3608=ORIENTED_EDGE('',*,*,#2714,.F.);
#3609=ORIENTED_EDGE('',*,*,#2715,.F.);
#3610=ORIENTED_EDGE('',*,*,#2716,.F.);
#3611=ORIENTED_EDGE('',*,*,#2717,.F.);
#3612=ORIENTED_EDGE('',*,*,#2718,.F.);
#3613=ORIENTED_EDGE('',*,*,#2719,.F.);
#3614=ORIENTED_EDGE('',*,*,#2720,.F.);
#3615=ORIENTED_EDGE('',*,*,#2721,.F.);
#3616=ORIENTED_EDGE('',*,*,#2722,.F.);
#3617=ORIENTED_EDGE('',*,*,#2676,.T.);
#3618=ORIENTED_EDGE('',*,*,#2680,.F.);
#3619=ORIENTED_EDGE('',*,*,#2682,.T.);
#3620=ORIENTED_EDGE('',*,*,#2723,.T.);
#3621=ORIENTED_EDGE('',*,*,#2724,.T.);
#3622=ORIENTED_EDGE('',*,*,#2725,.T.);
#3623=ORIENTED_EDGE('',*,*,#2726,.T.);
#3624=ORIENTED_EDGE('',*,*,#2727,.T.);
#3625=ORIENTED_EDGE('',*,*,#2728,.T.);
#3626=ORIENTED_EDGE('',*,*,#2729,.T.);
#3627=ORIENTED_EDGE('',*,*,#2730,.T.);
#3628=ORIENTED_EDGE('',*,*,#2731,.T.);
#3629=ORIENTED_EDGE('',*,*,#2732,.T.);
#3630=ORIENTED_EDGE('',*,*,#2733,.T.);
#3631=ORIENTED_EDGE('',*,*,#2734,.T.);
#3632=ORIENTED_EDGE('',*,*,#2735,.T.);
#3633=ORIENTED_EDGE('',*,*,#2736,.T.);
#3634=ORIENTED_EDGE('',*,*,#2737,.T.);
#3635=ORIENTED_EDGE('',*,*,#2650,.T.);
#3636=ORIENTED_EDGE('',*,*,#2647,.T.);
#3637=ORIENTED_EDGE('',*,*,#2644,.T.);
#3638=ORIENTED_EDGE('',*,*,#2641,.T.);
#3639=ORIENTED_EDGE('',*,*,#2738,.F.);
#3640=ORIENTED_EDGE('',*,*,#2739,.F.);
#3641=ORIENTED_EDGE('',*,*,#2726,.F.);
#3642=ORIENTED_EDGE('',*,*,#2740,.T.);
#3643=ORIENTED_EDGE('',*,*,#2741,.F.);
#3644=ORIENTED_EDGE('',*,*,#2740,.F.);
#3645=ORIENTED_EDGE('',*,*,#2725,.F.);
#3646=ORIENTED_EDGE('',*,*,#2742,.T.);
#3647=ORIENTED_EDGE('',*,*,#2743,.F.);
#3648=ORIENTED_EDGE('',*,*,#2742,.F.);
#3649=ORIENTED_EDGE('',*,*,#2724,.F.);
#3650=ORIENTED_EDGE('',*,*,#2744,.T.);
#3651=ORIENTED_EDGE('',*,*,#2681,.T.);
#3652=ORIENTED_EDGE('',*,*,#2745,.F.);
#3653=ORIENTED_EDGE('',*,*,#2744,.F.);
#3654=ORIENTED_EDGE('',*,*,#2723,.F.);
#3655=ORIENTED_EDGE('',*,*,#2677,.T.);
#3656=ORIENTED_EDGE('',*,*,#2729,.F.);
#3657=ORIENTED_EDGE('',*,*,#2746,.T.);
#3658=ORIENTED_EDGE('',*,*,#2747,.F.);
#3659=ORIENTED_EDGE('',*,*,#2748,.F.);
#3660=ORIENTED_EDGE('',*,*,#2746,.F.);
#3661=ORIENTED_EDGE('',*,*,#2728,.F.);
#3662=ORIENTED_EDGE('',*,*,#2749,.T.);
#3663=ORIENTED_EDGE('',*,*,#2750,.F.);
#3664=ORIENTED_EDGE('',*,*,#2749,.F.);
#3665=ORIENTED_EDGE('',*,*,#2727,.F.);
#3666=ORIENTED_EDGE('',*,*,#2739,.T.);
#3667=ORIENTED_EDGE('',*,*,#2751,.F.);
#3668=ORIENTED_EDGE('',*,*,#2752,.F.);
#3669=ORIENTED_EDGE('',*,*,#2734,.F.);
#3670=ORIENTED_EDGE('',*,*,#2753,.T.);
#3671=ORIENTED_EDGE('',*,*,#2754,.F.);
#3672=ORIENTED_EDGE('',*,*,#2753,.F.);
#3673=ORIENTED_EDGE('',*,*,#2733,.F.);
#3674=ORIENTED_EDGE('',*,*,#2755,.T.);
#3675=ORIENTED_EDGE('',*,*,#2756,.F.);
#3676=ORIENTED_EDGE('',*,*,#2755,.F.);
#3677=ORIENTED_EDGE('',*,*,#2732,.F.);
#3678=ORIENTED_EDGE('',*,*,#2757,.T.);
#3679=ORIENTED_EDGE('',*,*,#2758,.F.);
#3680=ORIENTED_EDGE('',*,*,#2757,.F.);
#3681=ORIENTED_EDGE('',*,*,#2731,.F.);
#3682=ORIENTED_EDGE('',*,*,#2759,.T.);
#3683=ORIENTED_EDGE('',*,*,#2760,.F.);
#3684=ORIENTED_EDGE('',*,*,#2759,.F.);
#3685=ORIENTED_EDGE('',*,*,#2730,.F.);
#3686=ORIENTED_EDGE('',*,*,#2761,.T.);
#3687=ORIENTED_EDGE('',*,*,#2762,.F.);
#3688=ORIENTED_EDGE('',*,*,#2761,.F.);
#3689=ORIENTED_EDGE('',*,*,#2737,.F.);
#3690=ORIENTED_EDGE('',*,*,#2763,.T.);
#3691=ORIENTED_EDGE('',*,*,#2764,.F.);
#3692=ORIENTED_EDGE('',*,*,#2763,.F.);
#3693=ORIENTED_EDGE('',*,*,#2736,.F.);
#3694=ORIENTED_EDGE('',*,*,#2765,.T.);
#3695=ORIENTED_EDGE('',*,*,#2766,.F.);
#3696=ORIENTED_EDGE('',*,*,#2765,.F.);
#3697=ORIENTED_EDGE('',*,*,#2735,.F.);
#3698=ORIENTED_EDGE('',*,*,#2752,.T.);
#3699=ORIENTED_EDGE('',*,*,#2712,.T.);
#3700=ORIENTED_EDGE('',*,*,#2767,.T.);
#3701=ORIENTED_EDGE('',*,*,#2768,.F.);
#3702=ORIENTED_EDGE('',*,*,#2769,.F.);
#3703=ORIENTED_EDGE('',*,*,#2713,.T.);
#3704=ORIENTED_EDGE('',*,*,#2769,.T.);
#3705=ORIENTED_EDGE('',*,*,#2770,.F.);
#3706=ORIENTED_EDGE('',*,*,#2771,.F.);
#3707=ORIENTED_EDGE('',*,*,#2714,.T.);
#3708=ORIENTED_EDGE('',*,*,#2771,.T.);
#3709=ORIENTED_EDGE('',*,*,#2772,.F.);
#3710=ORIENTED_EDGE('',*,*,#2773,.F.);
#3711=ORIENTED_EDGE('',*,*,#2715,.T.);
#3712=ORIENTED_EDGE('',*,*,#2773,.T.);
#3713=ORIENTED_EDGE('',*,*,#2774,.F.);
#3714=ORIENTED_EDGE('',*,*,#2775,.F.);
#3715=ORIENTED_EDGE('',*,*,#2716,.T.);
#3716=ORIENTED_EDGE('',*,*,#2775,.T.);
#3717=ORIENTED_EDGE('',*,*,#2776,.F.);
#3718=ORIENTED_EDGE('',*,*,#2777,.F.);
#3719=ORIENTED_EDGE('',*,*,#2717,.T.);
#3720=ORIENTED_EDGE('',*,*,#2777,.T.);
#3721=ORIENTED_EDGE('',*,*,#2778,.F.);
#3722=ORIENTED_EDGE('',*,*,#2779,.F.);
#3723=ORIENTED_EDGE('',*,*,#2718,.T.);
#3724=ORIENTED_EDGE('',*,*,#2779,.T.);
#3725=ORIENTED_EDGE('',*,*,#2780,.F.);
#3726=ORIENTED_EDGE('',*,*,#2781,.F.);
#3727=ORIENTED_EDGE('',*,*,#2719,.T.);
#3728=ORIENTED_EDGE('',*,*,#2781,.T.);
#3729=ORIENTED_EDGE('',*,*,#2782,.F.);
#3730=ORIENTED_EDGE('',*,*,#2783,.F.);
#3731=ORIENTED_EDGE('',*,*,#2720,.T.);
#3732=ORIENTED_EDGE('',*,*,#2783,.T.);
#3733=ORIENTED_EDGE('',*,*,#2784,.F.);
#3734=ORIENTED_EDGE('',*,*,#2785,.F.);
#3735=ORIENTED_EDGE('',*,*,#2721,.T.);
#3736=ORIENTED_EDGE('',*,*,#2785,.T.);
#3737=ORIENTED_EDGE('',*,*,#2786,.F.);
#3738=ORIENTED_EDGE('',*,*,#2787,.F.);
#3739=ORIENTED_EDGE('',*,*,#2722,.T.);
#3740=ORIENTED_EDGE('',*,*,#2787,.T.);
#3741=ORIENTED_EDGE('',*,*,#2788,.F.);
#3742=ORIENTED_EDGE('',*,*,#2789,.F.);
#3743=ORIENTED_EDGE('',*,*,#2711,.T.);
#3744=ORIENTED_EDGE('',*,*,#2789,.T.);
#3745=ORIENTED_EDGE('',*,*,#2790,.F.);
#3746=ORIENTED_EDGE('',*,*,#2767,.F.);
#3747=ORIENTED_EDGE('',*,*,#2790,.T.);
#3748=ORIENTED_EDGE('',*,*,#2788,.T.);
#3749=ORIENTED_EDGE('',*,*,#2786,.T.);
#3750=ORIENTED_EDGE('',*,*,#2784,.T.);
#3751=ORIENTED_EDGE('',*,*,#2782,.T.);
#3752=ORIENTED_EDGE('',*,*,#2780,.T.);
#3753=ORIENTED_EDGE('',*,*,#2778,.T.);
#3754=ORIENTED_EDGE('',*,*,#2776,.T.);
#3755=ORIENTED_EDGE('',*,*,#2774,.T.);
#3756=ORIENTED_EDGE('',*,*,#2772,.T.);
#3757=ORIENTED_EDGE('',*,*,#2770,.T.);
#3758=ORIENTED_EDGE('',*,*,#2768,.T.);
#3759=ORIENTED_EDGE('',*,*,#2760,.T.);
#3760=ORIENTED_EDGE('',*,*,#2762,.T.);
#3761=ORIENTED_EDGE('',*,*,#2764,.T.);
#3762=ORIENTED_EDGE('',*,*,#2766,.T.);
#3763=ORIENTED_EDGE('',*,*,#2751,.T.);
#3764=ORIENTED_EDGE('',*,*,#2754,.T.);
#3765=ORIENTED_EDGE('',*,*,#2756,.T.);
#3766=ORIENTED_EDGE('',*,*,#2758,.T.);
#3767=ORIENTED_EDGE('',*,*,#2697,.T.);
#3768=ORIENTED_EDGE('',*,*,#2694,.T.);
#3769=ORIENTED_EDGE('',*,*,#2691,.T.);
#3770=ORIENTED_EDGE('',*,*,#2687,.T.);
#3771=ORIENTED_EDGE('',*,*,#2700,.T.);
#3772=ORIENTED_EDGE('',*,*,#2703,.T.);
#3773=ORIENTED_EDGE('',*,*,#2706,.T.);
#3774=ORIENTED_EDGE('',*,*,#2709,.T.);
#3775=ORIENTED_EDGE('',*,*,#2678,.T.);
#3776=ORIENTED_EDGE('',*,*,#2747,.T.);
#3777=ORIENTED_EDGE('',*,*,#2748,.T.);
#3778=ORIENTED_EDGE('',*,*,#2750,.T.);
#3779=ORIENTED_EDGE('',*,*,#2738,.T.);
#3780=ORIENTED_EDGE('',*,*,#2741,.T.);
#3781=ORIENTED_EDGE('',*,*,#2743,.T.);
#3782=ORIENTED_EDGE('',*,*,#2745,.T.);
#3783=ORIENTED_EDGE('',*,*,#2683,.T.);
#3784=ORIENTED_EDGE('',*,*,#2666,.T.);
#3785=ORIENTED_EDGE('',*,*,#2663,.T.);
#3786=ORIENTED_EDGE('',*,*,#2660,.T.);
#3787=ORIENTED_EDGE('',*,*,#2656,.T.);
#3788=ORIENTED_EDGE('',*,*,#2669,.T.);
#3789=ORIENTED_EDGE('',*,*,#2652,.T.);
#3790=ORIENTED_EDGE('',*,*,#2649,.T.);
#3791=ORIENTED_EDGE('',*,*,#2646,.T.);
#3792=ORIENTED_EDGE('',*,*,#2643,.T.);
#3793=ORIENTED_EDGE('',*,*,#2791,.F.);
#3794=ORIENTED_EDGE('',*,*,#2792,.T.);
#3795=ORIENTED_EDGE('',*,*,#2793,.T.);
#3796=ORIENTED_EDGE('',*,*,#2794,.F.);
#3797=ORIENTED_EDGE('',*,*,#2795,.F.);
#3798=ORIENTED_EDGE('',*,*,#2796,.T.);
#3799=ORIENTED_EDGE('',*,*,#2797,.T.);
#3800=ORIENTED_EDGE('',*,*,#2792,.F.);
#3801=ORIENTED_EDGE('',*,*,#2798,.F.);
#3802=ORIENTED_EDGE('',*,*,#2799,.F.);
#3803=ORIENTED_EDGE('',*,*,#2800,.T.);
#3804=ORIENTED_EDGE('',*,*,#2801,.T.);
#3805=ORIENTED_EDGE('',*,*,#2796,.F.);
#3806=ORIENTED_EDGE('',*,*,#2802,.F.);
#3807=ORIENTED_EDGE('',*,*,#2794,.T.);
#3808=ORIENTED_EDGE('',*,*,#2803,.T.);
#3809=ORIENTED_EDGE('',*,*,#2800,.F.);
#3810=ORIENTED_EDGE('',*,*,#2804,.F.);
#3811=ORIENTED_EDGE('',*,*,#2803,.F.);
#3812=ORIENTED_EDGE('',*,*,#2793,.F.);
#3813=ORIENTED_EDGE('',*,*,#2797,.F.);
#3814=ORIENTED_EDGE('',*,*,#2801,.F.);
#3815=ORIENTED_EDGE('',*,*,#2805,.F.);
#3816=ORIENTED_EDGE('',*,*,#2806,.T.);
#3817=ORIENTED_EDGE('',*,*,#2807,.T.);
#3818=ORIENTED_EDGE('',*,*,#2808,.F.);
#3819=ORIENTED_EDGE('',*,*,#2809,.F.);
#3820=ORIENTED_EDGE('',*,*,#2810,.T.);
#3821=ORIENTED_EDGE('',*,*,#2811,.T.);
#3822=ORIENTED_EDGE('',*,*,#2806,.F.);
#3823=ORIENTED_EDGE('',*,*,#2812,.F.);
#3824=ORIENTED_EDGE('',*,*,#2813,.F.);
#3825=ORIENTED_EDGE('',*,*,#2814,.T.);
#3826=ORIENTED_EDGE('',*,*,#2815,.T.);
#3827=ORIENTED_EDGE('',*,*,#2810,.F.);
#3828=ORIENTED_EDGE('',*,*,#2816,.F.);
#3829=ORIENTED_EDGE('',*,*,#2808,.T.);
#3830=ORIENTED_EDGE('',*,*,#2817,.T.);
#3831=ORIENTED_EDGE('',*,*,#2814,.F.);
#3832=ORIENTED_EDGE('',*,*,#2818,.F.);
#3833=ORIENTED_EDGE('',*,*,#2817,.F.);
#3834=ORIENTED_EDGE('',*,*,#2807,.F.);
#3835=ORIENTED_EDGE('',*,*,#2811,.F.);
#3836=ORIENTED_EDGE('',*,*,#2815,.F.);
#3837=ORIENTED_EDGE('',*,*,#2819,.T.);
#3838=ORIENTED_EDGE('',*,*,#2820,.T.);
#3839=ORIENTED_EDGE('',*,*,#2804,.T.);
#3840=ORIENTED_EDGE('',*,*,#2820,.F.);
#3841=ORIENTED_EDGE('',*,*,#2821,.T.);
#3842=ORIENTED_EDGE('',*,*,#2822,.T.);
#3843=ORIENTED_EDGE('',*,*,#2818,.T.);
#3844=ORIENTED_EDGE('',*,*,#2822,.F.);
#3845=ORIENTED_EDGE('',*,*,#2819,.F.);
#3846=ORIENTED_EDGE('',*,*,#2798,.T.);
#3847=ORIENTED_EDGE('',*,*,#2823,.T.);
#3848=ORIENTED_EDGE('',*,*,#2824,.F.);
#3849=ORIENTED_EDGE('',*,*,#2823,.F.);
#3850=ORIENTED_EDGE('',*,*,#2821,.F.);
#3851=ORIENTED_EDGE('',*,*,#2812,.T.);
#3852=ORIENTED_EDGE('',*,*,#2825,.T.);
#3853=ORIENTED_EDGE('',*,*,#2826,.F.);
#3854=ORIENTED_EDGE('',*,*,#2825,.F.);
#3855=ORIENTED_EDGE('',*,*,#2827,.F.);
#3856=ORIENTED_EDGE('',*,*,#2828,.T.);
#3857=ORIENTED_EDGE('',*,*,#2829,.T.);
#3858=ORIENTED_EDGE('',*,*,#2830,.F.);
#3859=ORIENTED_EDGE('',*,*,#2831,.F.);
#3860=ORIENTED_EDGE('',*,*,#2832,.T.);
#3861=ORIENTED_EDGE('',*,*,#2833,.T.);
#3862=ORIENTED_EDGE('',*,*,#2828,.F.);
#3863=ORIENTED_EDGE('',*,*,#2834,.F.);
#3864=ORIENTED_EDGE('',*,*,#2835,.F.);
#3865=ORIENTED_EDGE('',*,*,#2836,.T.);
#3866=ORIENTED_EDGE('',*,*,#2837,.T.);
#3867=ORIENTED_EDGE('',*,*,#2832,.F.);
#3868=ORIENTED_EDGE('',*,*,#2838,.F.);
#3869=ORIENTED_EDGE('',*,*,#2830,.T.);
#3870=ORIENTED_EDGE('',*,*,#2839,.T.);
#3871=ORIENTED_EDGE('',*,*,#2836,.F.);
#3872=ORIENTED_EDGE('',*,*,#2840,.F.);
#3873=ORIENTED_EDGE('',*,*,#2839,.F.);
#3874=ORIENTED_EDGE('',*,*,#2829,.F.);
#3875=ORIENTED_EDGE('',*,*,#2833,.F.);
#3876=ORIENTED_EDGE('',*,*,#2837,.F.);
#3877=ORIENTED_EDGE('',*,*,#2841,.F.);
#3878=ORIENTED_EDGE('',*,*,#2842,.T.);
#3879=ORIENTED_EDGE('',*,*,#2843,.T.);
#3880=ORIENTED_EDGE('',*,*,#2844,.F.);
#3881=ORIENTED_EDGE('',*,*,#2845,.F.);
#3882=ORIENTED_EDGE('',*,*,#2846,.T.);
#3883=ORIENTED_EDGE('',*,*,#2847,.T.);
#3884=ORIENTED_EDGE('',*,*,#2842,.F.);
#3885=ORIENTED_EDGE('',*,*,#2848,.F.);
#3886=ORIENTED_EDGE('',*,*,#2849,.F.);
#3887=ORIENTED_EDGE('',*,*,#2850,.T.);
#3888=ORIENTED_EDGE('',*,*,#2851,.T.);
#3889=ORIENTED_EDGE('',*,*,#2846,.F.);
#3890=ORIENTED_EDGE('',*,*,#2852,.F.);
#3891=ORIENTED_EDGE('',*,*,#2844,.T.);
#3892=ORIENTED_EDGE('',*,*,#2853,.T.);
#3893=ORIENTED_EDGE('',*,*,#2850,.F.);
#3894=ORIENTED_EDGE('',*,*,#2854,.F.);
#3895=ORIENTED_EDGE('',*,*,#2853,.F.);
#3896=ORIENTED_EDGE('',*,*,#2843,.F.);
#3897=ORIENTED_EDGE('',*,*,#2847,.F.);
#3898=ORIENTED_EDGE('',*,*,#2851,.F.);
#3899=ORIENTED_EDGE('',*,*,#2855,.F.);
#3900=ORIENTED_EDGE('',*,*,#2856,.T.);
#3901=ORIENTED_EDGE('',*,*,#2840,.T.);
#3902=ORIENTED_EDGE('',*,*,#2856,.F.);
#3903=ORIENTED_EDGE('',*,*,#2857,.F.);
#3904=ORIENTED_EDGE('',*,*,#2858,.T.);
#3905=ORIENTED_EDGE('',*,*,#2854,.T.);
#3906=ORIENTED_EDGE('',*,*,#2858,.F.);
#3907=ORIENTED_EDGE('',*,*,#2834,.T.);
#3908=ORIENTED_EDGE('',*,*,#2859,.T.);
#3909=ORIENTED_EDGE('',*,*,#2860,.T.);
#3910=ORIENTED_EDGE('',*,*,#2859,.F.);
#3911=ORIENTED_EDGE('',*,*,#2860,.F.);
#3912=ORIENTED_EDGE('',*,*,#2848,.T.);
#3913=ORIENTED_EDGE('',*,*,#2861,.T.);
#3914=ORIENTED_EDGE('',*,*,#2862,.T.);
#3915=ORIENTED_EDGE('',*,*,#2861,.F.);
#3916=ORIENTED_EDGE('',*,*,#2862,.F.);
#3917=ORIENTED_EDGE('',*,*,#2863,.F.);
#3918=ORIENTED_EDGE('',*,*,#2864,.T.);
#3919=ORIENTED_EDGE('',*,*,#2865,.F.);
#3920=ORIENTED_EDGE('',*,*,#2866,.F.);
#3921=ORIENTED_EDGE('',*,*,#2867,.F.);
#3922=ORIENTED_EDGE('',*,*,#2868,.F.);
#3923=ORIENTED_EDGE('',*,*,#2869,.F.);
#3924=ORIENTED_EDGE('',*,*,#2864,.F.);
#3925=ORIENTED_EDGE('',*,*,#2867,.T.);
#3926=ORIENTED_EDGE('',*,*,#2870,.F.);
#3927=ORIENTED_EDGE('',*,*,#2871,.T.);
#3928=ORIENTED_EDGE('',*,*,#2872,.T.);
#3929=ORIENTED_EDGE('',*,*,#2873,.F.);
#3930=ORIENTED_EDGE('',*,*,#2874,.F.);
#3931=ORIENTED_EDGE('',*,*,#2866,.T.);
#3932=ORIENTED_EDGE('',*,*,#2875,.F.);
#3933=ORIENTED_EDGE('',*,*,#2876,.T.);
#3934=ORIENTED_EDGE('',*,*,#2870,.T.);
#3935=ORIENTED_EDGE('',*,*,#2877,.F.);
#3936=ORIENTED_EDGE('',*,*,#2878,.T.);
#3937=ORIENTED_EDGE('',*,*,#2879,.T.);
#3938=ORIENTED_EDGE('',*,*,#2878,.F.);
#3939=ORIENTED_EDGE('',*,*,#2879,.F.);
#3940=ORIENTED_EDGE('',*,*,#2863,.T.);
#3941=ORIENTED_EDGE('',*,*,#2880,.F.);
#3942=ORIENTED_EDGE('',*,*,#2881,.T.);
#3943=ORIENTED_EDGE('',*,*,#2882,.T.);
#3944=ORIENTED_EDGE('',*,*,#2883,.F.);
#3945=ORIENTED_EDGE('',*,*,#2884,.F.);
#3946=ORIENTED_EDGE('',*,*,#2885,.F.);
#3947=ORIENTED_EDGE('',*,*,#2886,.F.);
#3948=ORIENTED_EDGE('',*,*,#2887,.F.);
#3949=ORIENTED_EDGE('',*,*,#2888,.F.);
#3950=ORIENTED_EDGE('',*,*,#2871,.F.);
#3951=ORIENTED_EDGE('',*,*,#2876,.F.);
#3952=ORIENTED_EDGE('',*,*,#2889,.F.);
#3953=ORIENTED_EDGE('',*,*,#2890,.F.);
#3954=ORIENTED_EDGE('',*,*,#2891,.F.);
#3955=ORIENTED_EDGE('',*,*,#2892,.F.);
#3956=ORIENTED_EDGE('',*,*,#2881,.F.);
#3957=ORIENTED_EDGE('',*,*,#2893,.F.);
#3958=ORIENTED_EDGE('',*,*,#2883,.T.);
#3959=ORIENTED_EDGE('',*,*,#2894,.T.);
#3960=ORIENTED_EDGE('',*,*,#2895,.T.);
#3961=ORIENTED_EDGE('',*,*,#2896,.T.);
#3962=ORIENTED_EDGE('',*,*,#2897,.T.);
#3963=ORIENTED_EDGE('',*,*,#2898,.T.);
#3964=ORIENTED_EDGE('',*,*,#2873,.T.);
#3965=ORIENTED_EDGE('',*,*,#2899,.T.);
#3966=ORIENTED_EDGE('',*,*,#2900,.T.);
#3967=ORIENTED_EDGE('',*,*,#2901,.T.);
#3968=ORIENTED_EDGE('',*,*,#2902,.T.);
#3969=ORIENTED_EDGE('',*,*,#2903,.F.);
#3970=ORIENTED_EDGE('',*,*,#2902,.F.);
#3971=ORIENTED_EDGE('',*,*,#2904,.F.);
#3972=ORIENTED_EDGE('',*,*,#2885,.T.);
#3973=ORIENTED_EDGE('',*,*,#2892,.T.);
#3974=ORIENTED_EDGE('',*,*,#2905,.T.);
#3975=ORIENTED_EDGE('',*,*,#2894,.F.);
#3976=ORIENTED_EDGE('',*,*,#2882,.F.);
#3977=ORIENTED_EDGE('',*,*,#2891,.T.);
#3978=ORIENTED_EDGE('',*,*,#2906,.T.);
#3979=ORIENTED_EDGE('',*,*,#2895,.F.);
#3980=ORIENTED_EDGE('',*,*,#2905,.F.);
#3981=ORIENTED_EDGE('',*,*,#2890,.T.);
#3982=ORIENTED_EDGE('',*,*,#2907,.T.);
#3983=ORIENTED_EDGE('',*,*,#2896,.F.);
#3984=ORIENTED_EDGE('',*,*,#2906,.F.);
#3985=ORIENTED_EDGE('',*,*,#2865,.T.);
#3986=ORIENTED_EDGE('',*,*,#2869,.T.);
#3987=ORIENTED_EDGE('',*,*,#2908,.T.);
#3988=ORIENTED_EDGE('',*,*,#2909,.T.);
#3989=ORIENTED_EDGE('',*,*,#2897,.F.);
#3990=ORIENTED_EDGE('',*,*,#2907,.F.);
#3991=ORIENTED_EDGE('',*,*,#2889,.T.);
#3992=ORIENTED_EDGE('',*,*,#2875,.T.);
#3993=ORIENTED_EDGE('',*,*,#2868,.T.);
#3994=ORIENTED_EDGE('',*,*,#2874,.T.);
#3995=ORIENTED_EDGE('',*,*,#2898,.F.);
#3996=ORIENTED_EDGE('',*,*,#2909,.F.);
#3997=ORIENTED_EDGE('',*,*,#2908,.F.);
#3998=ORIENTED_EDGE('',*,*,#2888,.T.);
#3999=ORIENTED_EDGE('',*,*,#2910,.T.);
#4000=ORIENTED_EDGE('',*,*,#2911,.T.);
#4001=ORIENTED_EDGE('',*,*,#2899,.F.);
#4002=ORIENTED_EDGE('',*,*,#2872,.F.);
#4003=ORIENTED_EDGE('',*,*,#2887,.T.);
#4004=ORIENTED_EDGE('',*,*,#2912,.T.);
#4005=ORIENTED_EDGE('',*,*,#2900,.F.);
#4006=ORIENTED_EDGE('',*,*,#2911,.F.);
#4007=ORIENTED_EDGE('',*,*,#2910,.F.);
#4008=ORIENTED_EDGE('',*,*,#2886,.T.);
#4009=ORIENTED_EDGE('',*,*,#2904,.T.);
#4010=ORIENTED_EDGE('',*,*,#2901,.F.);
#4011=ORIENTED_EDGE('',*,*,#2912,.F.);
#4012=ORIENTED_EDGE('',*,*,#2913,.F.);
#4013=ORIENTED_EDGE('',*,*,#2914,.T.);
#4014=ORIENTED_EDGE('',*,*,#2915,.F.);
#4015=ORIENTED_EDGE('',*,*,#2916,.F.);
#4016=ORIENTED_EDGE('',*,*,#2914,.F.);
#4017=ORIENTED_EDGE('',*,*,#2915,.T.);
#4018=ORIENTED_EDGE('',*,*,#2917,.F.);
#4019=ORIENTED_EDGE('',*,*,#2918,.T.);
#4020=ORIENTED_EDGE('',*,*,#2919,.T.);
#4021=ORIENTED_EDGE('',*,*,#2920,.F.);
#4022=ORIENTED_EDGE('',*,*,#2921,.F.);
#4023=ORIENTED_EDGE('',*,*,#2922,.F.);
#4024=ORIENTED_EDGE('',*,*,#2923,.T.);
#4025=ORIENTED_EDGE('',*,*,#2924,.T.);
#4026=ORIENTED_EDGE('',*,*,#2923,.F.);
#4027=ORIENTED_EDGE('',*,*,#2924,.F.);
#4028=ORIENTED_EDGE('',*,*,#2913,.T.);
#4029=ORIENTED_EDGE('',*,*,#2925,.F.);
#4030=ORIENTED_EDGE('',*,*,#2926,.T.);
#4031=ORIENTED_EDGE('',*,*,#2927,.T.);
#4032=ORIENTED_EDGE('',*,*,#2928,.F.);
#4033=ORIENTED_EDGE('',*,*,#2929,.F.);
#4034=ORIENTED_EDGE('',*,*,#2930,.F.);
#4035=ORIENTED_EDGE('',*,*,#2931,.F.);
#4036=ORIENTED_EDGE('',*,*,#2932,.F.);
#4037=ORIENTED_EDGE('',*,*,#2933,.F.);
#4038=ORIENTED_EDGE('',*,*,#2918,.F.);
#4039=ORIENTED_EDGE('',*,*,#2934,.F.);
#4040=ORIENTED_EDGE('',*,*,#2935,.F.);
#4041=ORIENTED_EDGE('',*,*,#2936,.F.);
#4042=ORIENTED_EDGE('',*,*,#2937,.F.);
#4043=ORIENTED_EDGE('',*,*,#2926,.F.);
#4044=ORIENTED_EDGE('',*,*,#2938,.F.);
#4045=ORIENTED_EDGE('',*,*,#2928,.T.);
#4046=ORIENTED_EDGE('',*,*,#2939,.T.);
#4047=ORIENTED_EDGE('',*,*,#2940,.T.);
#4048=ORIENTED_EDGE('',*,*,#2941,.T.);
#4049=ORIENTED_EDGE('',*,*,#2942,.T.);
#4050=ORIENTED_EDGE('',*,*,#2920,.T.);
#4051=ORIENTED_EDGE('',*,*,#2943,.T.);
#4052=ORIENTED_EDGE('',*,*,#2944,.T.);
#4053=ORIENTED_EDGE('',*,*,#2945,.T.);
#4054=ORIENTED_EDGE('',*,*,#2946,.T.);
#4055=ORIENTED_EDGE('',*,*,#2947,.F.);
#4056=ORIENTED_EDGE('',*,*,#2946,.F.);
#4057=ORIENTED_EDGE('',*,*,#2948,.F.);
#4058=ORIENTED_EDGE('',*,*,#2930,.T.);
#4059=ORIENTED_EDGE('',*,*,#2937,.T.);
#4060=ORIENTED_EDGE('',*,*,#2949,.T.);
#4061=ORIENTED_EDGE('',*,*,#2939,.F.);
#4062=ORIENTED_EDGE('',*,*,#2927,.F.);
#4063=ORIENTED_EDGE('',*,*,#2936,.T.);
#4064=ORIENTED_EDGE('',*,*,#2950,.T.);
#4065=ORIENTED_EDGE('',*,*,#2940,.F.);
#4066=ORIENTED_EDGE('',*,*,#2949,.F.);
#4067=ORIENTED_EDGE('',*,*,#2935,.T.);
#4068=ORIENTED_EDGE('',*,*,#2951,.T.);
#4069=ORIENTED_EDGE('',*,*,#2941,.F.);
#4070=ORIENTED_EDGE('',*,*,#2950,.F.);
#4071=ORIENTED_EDGE('',*,*,#2916,.T.);
#4072=ORIENTED_EDGE('',*,*,#2921,.T.);
#4073=ORIENTED_EDGE('',*,*,#2942,.F.);
#4074=ORIENTED_EDGE('',*,*,#2951,.F.);
#4075=ORIENTED_EDGE('',*,*,#2934,.T.);
#4076=ORIENTED_EDGE('',*,*,#2917,.T.);
#4077=ORIENTED_EDGE('',*,*,#2933,.T.);
#4078=ORIENTED_EDGE('',*,*,#2952,.T.);
#4079=ORIENTED_EDGE('',*,*,#2953,.T.);
#4080=ORIENTED_EDGE('',*,*,#2943,.F.);
#4081=ORIENTED_EDGE('',*,*,#2919,.F.);
#4082=ORIENTED_EDGE('',*,*,#2932,.T.);
#4083=ORIENTED_EDGE('',*,*,#2954,.T.);
#4084=ORIENTED_EDGE('',*,*,#2944,.F.);
#4085=ORIENTED_EDGE('',*,*,#2953,.F.);
#4086=ORIENTED_EDGE('',*,*,#2952,.F.);
#4087=ORIENTED_EDGE('',*,*,#2931,.T.);
#4088=ORIENTED_EDGE('',*,*,#2948,.T.);
#4089=ORIENTED_EDGE('',*,*,#2945,.F.);
#4090=ORIENTED_EDGE('',*,*,#2954,.F.);
#4091=ORIENTED_EDGE('',*,*,#2955,.T.);
#4092=ORIENTED_EDGE('',*,*,#2956,.T.);
#4093=ORIENTED_EDGE('',*,*,#2957,.F.);
#4094=ORIENTED_EDGE('',*,*,#2958,.F.);
#4095=ORIENTED_EDGE('',*,*,#2959,.T.);
#4096=ORIENTED_EDGE('',*,*,#2958,.T.);
#4097=ORIENTED_EDGE('',*,*,#2960,.F.);
#4098=ORIENTED_EDGE('',*,*,#2961,.F.);
#4099=ORIENTED_EDGE('',*,*,#2962,.T.);
#4100=ORIENTED_EDGE('',*,*,#2961,.T.);
#4101=ORIENTED_EDGE('',*,*,#2963,.F.);
#4102=ORIENTED_EDGE('',*,*,#2964,.F.);
#4103=ORIENTED_EDGE('',*,*,#2965,.T.);
#4104=ORIENTED_EDGE('',*,*,#2964,.T.);
#4105=ORIENTED_EDGE('',*,*,#2966,.F.);
#4106=ORIENTED_EDGE('',*,*,#2967,.F.);
#4107=ORIENTED_EDGE('',*,*,#2824,.T.);
#4108=ORIENTED_EDGE('',*,*,#2826,.T.);
#4109=ORIENTED_EDGE('',*,*,#2968,.T.);
#4110=ORIENTED_EDGE('',*,*,#2967,.T.);
#4111=ORIENTED_EDGE('',*,*,#2969,.F.);
#4112=ORIENTED_EDGE('',*,*,#2970,.F.);
#4113=ORIENTED_EDGE('',*,*,#2971,.T.);
#4114=ORIENTED_EDGE('',*,*,#2970,.T.);
#4115=ORIENTED_EDGE('',*,*,#2972,.F.);
#4116=ORIENTED_EDGE('',*,*,#2973,.F.);
#4117=ORIENTED_EDGE('',*,*,#2974,.T.);
#4118=ORIENTED_EDGE('',*,*,#2973,.T.);
#4119=ORIENTED_EDGE('',*,*,#2975,.F.);
#4120=ORIENTED_EDGE('',*,*,#2976,.F.);
#4121=ORIENTED_EDGE('',*,*,#2977,.T.);
#4122=ORIENTED_EDGE('',*,*,#2976,.T.);
#4123=ORIENTED_EDGE('',*,*,#2978,.F.);
#4124=ORIENTED_EDGE('',*,*,#2956,.F.);
#4125=ORIENTED_EDGE('',*,*,#2855,.T.);
#4126=ORIENTED_EDGE('',*,*,#2857,.T.);
#4127=ORIENTED_EDGE('',*,*,#2978,.T.);
#4128=ORIENTED_EDGE('',*,*,#2975,.T.);
#4129=ORIENTED_EDGE('',*,*,#2972,.T.);
#4130=ORIENTED_EDGE('',*,*,#2969,.T.);
#4131=ORIENTED_EDGE('',*,*,#2966,.T.);
#4132=ORIENTED_EDGE('',*,*,#2963,.T.);
#4133=ORIENTED_EDGE('',*,*,#2960,.T.);
#4134=ORIENTED_EDGE('',*,*,#2957,.T.);
#4135=ORIENTED_EDGE('',*,*,#2884,.T.);
#4136=ORIENTED_EDGE('',*,*,#2880,.T.);
#4137=ORIENTED_EDGE('',*,*,#2893,.T.);
#4138=ORIENTED_EDGE('',*,*,#2903,.T.);
#4139=ORIENTED_EDGE('',*,*,#2929,.T.);
#4140=ORIENTED_EDGE('',*,*,#2925,.T.);
#4141=ORIENTED_EDGE('',*,*,#2938,.T.);
#4142=ORIENTED_EDGE('',*,*,#2947,.T.);
#4143=ORIENTED_EDGE('',*,*,#2977,.F.);
#4144=ORIENTED_EDGE('',*,*,#2955,.F.);
#4145=ORIENTED_EDGE('',*,*,#2959,.F.);
#4146=ORIENTED_EDGE('',*,*,#2962,.F.);
#4147=ORIENTED_EDGE('',*,*,#2965,.F.);
#4148=ORIENTED_EDGE('',*,*,#2968,.F.);
#4149=ORIENTED_EDGE('',*,*,#2971,.F.);
#4150=ORIENTED_EDGE('',*,*,#2974,.F.);
#4151=ORIENTED_EDGE('',*,*,#2791,.T.);
#4152=ORIENTED_EDGE('',*,*,#2802,.T.);
#4153=ORIENTED_EDGE('',*,*,#2799,.T.);
#4154=ORIENTED_EDGE('',*,*,#2795,.T.);
#4155=ORIENTED_EDGE('',*,*,#2805,.T.);
#4156=ORIENTED_EDGE('',*,*,#2816,.T.);
#4157=ORIENTED_EDGE('',*,*,#2813,.T.);
#4158=ORIENTED_EDGE('',*,*,#2809,.T.);
#4159=ORIENTED_EDGE('',*,*,#2827,.T.);
#4160=ORIENTED_EDGE('',*,*,#2838,.T.);
#4161=ORIENTED_EDGE('',*,*,#2835,.T.);
#4162=ORIENTED_EDGE('',*,*,#2831,.T.);
#4163=ORIENTED_EDGE('',*,*,#2841,.T.);
#4164=ORIENTED_EDGE('',*,*,#2852,.T.);
#4165=ORIENTED_EDGE('',*,*,#2849,.T.);
#4166=ORIENTED_EDGE('',*,*,#2845,.T.);
#4167=ORIENTED_EDGE('',*,*,#2877,.T.);
#4168=ORIENTED_EDGE('',*,*,#2922,.T.);
#4169=ORIENTED_EDGE('',*,*,#2979,.F.);
#4170=ORIENTED_EDGE('',*,*,#2980,.T.);
#4171=ORIENTED_EDGE('',*,*,#2981,.T.);
#4172=ORIENTED_EDGE('',*,*,#2982,.F.);
#4173=ORIENTED_EDGE('',*,*,#2983,.F.);
#4174=ORIENTED_EDGE('',*,*,#2984,.T.);
#4175=ORIENTED_EDGE('',*,*,#2985,.T.);
#4176=ORIENTED_EDGE('',*,*,#2980,.F.);
#4177=ORIENTED_EDGE('',*,*,#2986,.F.);
#4178=ORIENTED_EDGE('',*,*,#2987,.F.);
#4179=ORIENTED_EDGE('',*,*,#2988,.T.);
#4180=ORIENTED_EDGE('',*,*,#2989,.T.);
#4181=ORIENTED_EDGE('',*,*,#2984,.F.);
#4182=ORIENTED_EDGE('',*,*,#2990,.F.);
#4183=ORIENTED_EDGE('',*,*,#2982,.T.);
#4184=ORIENTED_EDGE('',*,*,#2991,.T.);
#4185=ORIENTED_EDGE('',*,*,#2988,.F.);
#4186=ORIENTED_EDGE('',*,*,#2992,.F.);
#4187=ORIENTED_EDGE('',*,*,#2991,.F.);
#4188=ORIENTED_EDGE('',*,*,#2981,.F.);
#4189=ORIENTED_EDGE('',*,*,#2985,.F.);
#4190=ORIENTED_EDGE('',*,*,#2989,.F.);
#4191=ORIENTED_EDGE('',*,*,#2993,.F.);
#4192=ORIENTED_EDGE('',*,*,#2994,.T.);
#4193=ORIENTED_EDGE('',*,*,#2995,.T.);
#4194=ORIENTED_EDGE('',*,*,#2996,.F.);
#4195=ORIENTED_EDGE('',*,*,#2997,.F.);
#4196=ORIENTED_EDGE('',*,*,#2998,.T.);
#4197=ORIENTED_EDGE('',*,*,#2999,.T.);
#4198=ORIENTED_EDGE('',*,*,#2994,.F.);
#4199=ORIENTED_EDGE('',*,*,#3000,.F.);
#4200=ORIENTED_EDGE('',*,*,#3001,.F.);
#4201=ORIENTED_EDGE('',*,*,#3002,.T.);
#4202=ORIENTED_EDGE('',*,*,#3003,.T.);
#4203=ORIENTED_EDGE('',*,*,#2998,.F.);
#4204=ORIENTED_EDGE('',*,*,#3004,.F.);
#4205=ORIENTED_EDGE('',*,*,#2996,.T.);
#4206=ORIENTED_EDGE('',*,*,#3005,.T.);
#4207=ORIENTED_EDGE('',*,*,#3002,.F.);
#4208=ORIENTED_EDGE('',*,*,#3006,.F.);
#4209=ORIENTED_EDGE('',*,*,#3005,.F.);
#4210=ORIENTED_EDGE('',*,*,#2995,.F.);
#4211=ORIENTED_EDGE('',*,*,#2999,.F.);
#4212=ORIENTED_EDGE('',*,*,#3003,.F.);
#4213=ORIENTED_EDGE('',*,*,#3007,.T.);
#4214=ORIENTED_EDGE('',*,*,#3008,.T.);
#4215=ORIENTED_EDGE('',*,*,#2992,.T.);
#4216=ORIENTED_EDGE('',*,*,#3008,.F.);
#4217=ORIENTED_EDGE('',*,*,#3009,.T.);
#4218=ORIENTED_EDGE('',*,*,#3010,.T.);
#4219=ORIENTED_EDGE('',*,*,#3006,.T.);
#4220=ORIENTED_EDGE('',*,*,#3010,.F.);
#4221=ORIENTED_EDGE('',*,*,#3007,.F.);
#4222=ORIENTED_EDGE('',*,*,#2986,.T.);
#4223=ORIENTED_EDGE('',*,*,#3011,.T.);
#4224=ORIENTED_EDGE('',*,*,#3012,.F.);
#4225=ORIENTED_EDGE('',*,*,#3011,.F.);
#4226=ORIENTED_EDGE('',*,*,#3009,.F.);
#4227=ORIENTED_EDGE('',*,*,#3000,.T.);
#4228=ORIENTED_EDGE('',*,*,#3013,.T.);
#4229=ORIENTED_EDGE('',*,*,#3014,.F.);
#4230=ORIENTED_EDGE('',*,*,#3013,.F.);
#4231=ORIENTED_EDGE('',*,*,#3015,.F.);
#4232=ORIENTED_EDGE('',*,*,#3016,.T.);
#4233=ORIENTED_EDGE('',*,*,#3017,.T.);
#4234=ORIENTED_EDGE('',*,*,#3018,.F.);
#4235=ORIENTED_EDGE('',*,*,#3019,.F.);
#4236=ORIENTED_EDGE('',*,*,#3020,.T.);
#4237=ORIENTED_EDGE('',*,*,#3021,.T.);
#4238=ORIENTED_EDGE('',*,*,#3016,.F.);
#4239=ORIENTED_EDGE('',*,*,#3022,.F.);
#4240=ORIENTED_EDGE('',*,*,#3023,.F.);
#4241=ORIENTED_EDGE('',*,*,#3024,.T.);
#4242=ORIENTED_EDGE('',*,*,#3025,.T.);
#4243=ORIENTED_EDGE('',*,*,#3020,.F.);
#4244=ORIENTED_EDGE('',*,*,#3026,.F.);
#4245=ORIENTED_EDGE('',*,*,#3018,.T.);
#4246=ORIENTED_EDGE('',*,*,#3027,.T.);
#4247=ORIENTED_EDGE('',*,*,#3024,.F.);
#4248=ORIENTED_EDGE('',*,*,#3028,.F.);
#4249=ORIENTED_EDGE('',*,*,#3027,.F.);
#4250=ORIENTED_EDGE('',*,*,#3017,.F.);
#4251=ORIENTED_EDGE('',*,*,#3021,.F.);
#4252=ORIENTED_EDGE('',*,*,#3025,.F.);
#4253=ORIENTED_EDGE('',*,*,#3029,.F.);
#4254=ORIENTED_EDGE('',*,*,#3030,.T.);
#4255=ORIENTED_EDGE('',*,*,#3031,.T.);
#4256=ORIENTED_EDGE('',*,*,#3032,.F.);
#4257=ORIENTED_EDGE('',*,*,#3033,.F.);
#4258=ORIENTED_EDGE('',*,*,#3034,.T.);
#4259=ORIENTED_EDGE('',*,*,#3035,.T.);
#4260=ORIENTED_EDGE('',*,*,#3030,.F.);
#4261=ORIENTED_EDGE('',*,*,#3036,.F.);
#4262=ORIENTED_EDGE('',*,*,#3037,.F.);
#4263=ORIENTED_EDGE('',*,*,#3038,.T.);
#4264=ORIENTED_EDGE('',*,*,#3039,.T.);
#4265=ORIENTED_EDGE('',*,*,#3034,.F.);
#4266=ORIENTED_EDGE('',*,*,#3040,.F.);
#4267=ORIENTED_EDGE('',*,*,#3032,.T.);
#4268=ORIENTED_EDGE('',*,*,#3041,.T.);
#4269=ORIENTED_EDGE('',*,*,#3038,.F.);
#4270=ORIENTED_EDGE('',*,*,#3042,.F.);
#4271=ORIENTED_EDGE('',*,*,#3041,.F.);
#4272=ORIENTED_EDGE('',*,*,#3031,.F.);
#4273=ORIENTED_EDGE('',*,*,#3035,.F.);
#4274=ORIENTED_EDGE('',*,*,#3039,.F.);
#4275=ORIENTED_EDGE('',*,*,#3043,.F.);
#4276=ORIENTED_EDGE('',*,*,#3044,.T.);
#4277=ORIENTED_EDGE('',*,*,#3028,.T.);
#4278=ORIENTED_EDGE('',*,*,#3044,.F.);
#4279=ORIENTED_EDGE('',*,*,#3045,.F.);
#4280=ORIENTED_EDGE('',*,*,#3046,.T.);
#4281=ORIENTED_EDGE('',*,*,#3042,.T.);
#4282=ORIENTED_EDGE('',*,*,#3046,.F.);
#4283=ORIENTED_EDGE('',*,*,#3022,.T.);
#4284=ORIENTED_EDGE('',*,*,#3047,.T.);
#4285=ORIENTED_EDGE('',*,*,#3048,.T.);
#4286=ORIENTED_EDGE('',*,*,#3047,.F.);
#4287=ORIENTED_EDGE('',*,*,#3048,.F.);
#4288=ORIENTED_EDGE('',*,*,#3036,.T.);
#4289=ORIENTED_EDGE('',*,*,#3049,.T.);
#4290=ORIENTED_EDGE('',*,*,#3050,.T.);
#4291=ORIENTED_EDGE('',*,*,#3049,.F.);
#4292=ORIENTED_EDGE('',*,*,#3050,.F.);
#4293=ORIENTED_EDGE('',*,*,#3051,.F.);
#4294=ORIENTED_EDGE('',*,*,#3052,.T.);
#4295=ORIENTED_EDGE('',*,*,#3053,.F.);
#4296=ORIENTED_EDGE('',*,*,#3054,.F.);
#4297=ORIENTED_EDGE('',*,*,#3055,.F.);
#4298=ORIENTED_EDGE('',*,*,#3056,.F.);
#4299=ORIENTED_EDGE('',*,*,#3057,.F.);
#4300=ORIENTED_EDGE('',*,*,#3058,.F.);
#4301=ORIENTED_EDGE('',*,*,#3059,.F.);
#4302=ORIENTED_EDGE('',*,*,#3060,.F.);
#4303=ORIENTED_EDGE('',*,*,#3061,.F.);
#4304=ORIENTED_EDGE('',*,*,#3052,.F.);
#4305=ORIENTED_EDGE('',*,*,#3053,.T.);
#4306=ORIENTED_EDGE('',*,*,#3061,.T.);
#4307=ORIENTED_EDGE('',*,*,#3062,.F.);
#4308=ORIENTED_EDGE('',*,*,#3063,.F.);
#4309=ORIENTED_EDGE('',*,*,#3064,.T.);
#4310=ORIENTED_EDGE('',*,*,#3065,.T.);
#4311=ORIENTED_EDGE('',*,*,#3066,.F.);
#4312=ORIENTED_EDGE('',*,*,#3067,.F.);
#4313=ORIENTED_EDGE('',*,*,#3060,.T.);
#4314=ORIENTED_EDGE('',*,*,#3068,.F.);
#4315=ORIENTED_EDGE('',*,*,#3069,.T.);
#4316=ORIENTED_EDGE('',*,*,#3063,.T.);
#4317=ORIENTED_EDGE('',*,*,#3062,.T.);
#4318=ORIENTED_EDGE('',*,*,#3059,.T.);
#4319=ORIENTED_EDGE('',*,*,#3070,.F.);
#4320=ORIENTED_EDGE('',*,*,#3071,.T.);
#4321=ORIENTED_EDGE('',*,*,#3068,.T.);
#4322=ORIENTED_EDGE('',*,*,#3058,.T.);
#4323=ORIENTED_EDGE('',*,*,#3072,.F.);
#4324=ORIENTED_EDGE('',*,*,#3073,.T.);
#4325=ORIENTED_EDGE('',*,*,#3070,.T.);
#4326=ORIENTED_EDGE('',*,*,#3074,.F.);
#4327=ORIENTED_EDGE('',*,*,#3075,.T.);
#4328=ORIENTED_EDGE('',*,*,#3076,.T.);
#4329=ORIENTED_EDGE('',*,*,#3075,.F.);
#4330=ORIENTED_EDGE('',*,*,#3076,.F.);
#4331=ORIENTED_EDGE('',*,*,#3051,.T.);
#4332=ORIENTED_EDGE('',*,*,#3077,.F.);
#4333=ORIENTED_EDGE('',*,*,#3078,.T.);
#4334=ORIENTED_EDGE('',*,*,#3079,.T.);
#4335=ORIENTED_EDGE('',*,*,#3080,.F.);
#4336=ORIENTED_EDGE('',*,*,#3081,.F.);
#4337=ORIENTED_EDGE('',*,*,#3082,.F.);
#4338=ORIENTED_EDGE('',*,*,#3083,.F.);
#4339=ORIENTED_EDGE('',*,*,#3084,.F.);
#4340=ORIENTED_EDGE('',*,*,#3085,.F.);
#4341=ORIENTED_EDGE('',*,*,#3064,.F.);
#4342=ORIENTED_EDGE('',*,*,#3069,.F.);
#4343=ORIENTED_EDGE('',*,*,#3071,.F.);
#4344=ORIENTED_EDGE('',*,*,#3073,.F.);
#4345=ORIENTED_EDGE('',*,*,#3086,.F.);
#4346=ORIENTED_EDGE('',*,*,#3087,.F.);
#4347=ORIENTED_EDGE('',*,*,#3088,.F.);
#4348=ORIENTED_EDGE('',*,*,#3089,.F.);
#4349=ORIENTED_EDGE('',*,*,#3090,.F.);
#4350=ORIENTED_EDGE('',*,*,#3078,.F.);
#4351=ORIENTED_EDGE('',*,*,#3091,.F.);
#4352=ORIENTED_EDGE('',*,*,#3080,.T.);
#4353=ORIENTED_EDGE('',*,*,#3092,.T.);
#4354=ORIENTED_EDGE('',*,*,#3093,.T.);
#4355=ORIENTED_EDGE('',*,*,#3094,.T.);
#4356=ORIENTED_EDGE('',*,*,#3095,.T.);
#4357=ORIENTED_EDGE('',*,*,#3096,.T.);
#4358=ORIENTED_EDGE('',*,*,#3097,.T.);
#4359=ORIENTED_EDGE('',*,*,#3098,.T.);
#4360=ORIENTED_EDGE('',*,*,#3099,.T.);
#4361=ORIENTED_EDGE('',*,*,#3066,.T.);
#4362=ORIENTED_EDGE('',*,*,#3100,.T.);
#4363=ORIENTED_EDGE('',*,*,#3101,.T.);
#4364=ORIENTED_EDGE('',*,*,#3102,.T.);
#4365=ORIENTED_EDGE('',*,*,#3103,.T.);
#4366=ORIENTED_EDGE('',*,*,#3104,.F.);
#4367=ORIENTED_EDGE('',*,*,#3103,.F.);
#4368=ORIENTED_EDGE('',*,*,#3105,.F.);
#4369=ORIENTED_EDGE('',*,*,#3082,.T.);
#4370=ORIENTED_EDGE('',*,*,#3090,.T.);
#4371=ORIENTED_EDGE('',*,*,#3106,.T.);
#4372=ORIENTED_EDGE('',*,*,#3092,.F.);
#4373=ORIENTED_EDGE('',*,*,#3079,.F.);
#4374=ORIENTED_EDGE('',*,*,#3089,.T.);
#4375=ORIENTED_EDGE('',*,*,#3107,.T.);
#4376=ORIENTED_EDGE('',*,*,#3093,.F.);
#4377=ORIENTED_EDGE('',*,*,#3106,.F.);
#4378=ORIENTED_EDGE('',*,*,#3088,.T.);
#4379=ORIENTED_EDGE('',*,*,#3108,.T.);
#4380=ORIENTED_EDGE('',*,*,#3094,.F.);
#4381=ORIENTED_EDGE('',*,*,#3107,.F.);
#4382=ORIENTED_EDGE('',*,*,#3087,.T.);
#4383=ORIENTED_EDGE('',*,*,#3109,.T.);
#4384=ORIENTED_EDGE('',*,*,#3095,.F.);
#4385=ORIENTED_EDGE('',*,*,#3108,.F.);
#4386=ORIENTED_EDGE('',*,*,#3057,.T.);
#4387=ORIENTED_EDGE('',*,*,#3110,.T.);
#4388=ORIENTED_EDGE('',*,*,#3096,.F.);
#4389=ORIENTED_EDGE('',*,*,#3109,.F.);
#4390=ORIENTED_EDGE('',*,*,#3086,.T.);
#4391=ORIENTED_EDGE('',*,*,#3072,.T.);
#4392=ORIENTED_EDGE('',*,*,#3056,.T.);
#4393=ORIENTED_EDGE('',*,*,#3111,.T.);
#4394=ORIENTED_EDGE('',*,*,#3097,.F.);
#4395=ORIENTED_EDGE('',*,*,#3110,.F.);
#4396=ORIENTED_EDGE('',*,*,#3055,.T.);
#4397=ORIENTED_EDGE('',*,*,#3112,.T.);
#4398=ORIENTED_EDGE('',*,*,#3098,.F.);
#4399=ORIENTED_EDGE('',*,*,#3111,.F.);
#4400=ORIENTED_EDGE('',*,*,#3054,.T.);
#4401=ORIENTED_EDGE('',*,*,#3067,.T.);
#4402=ORIENTED_EDGE('',*,*,#3099,.F.);
#4403=ORIENTED_EDGE('',*,*,#3112,.F.);
#4404=ORIENTED_EDGE('',*,*,#3085,.T.);
#4405=ORIENTED_EDGE('',*,*,#3113,.T.);
#4406=ORIENTED_EDGE('',*,*,#3114,.T.);
#4407=ORIENTED_EDGE('',*,*,#3100,.F.);
#4408=ORIENTED_EDGE('',*,*,#3065,.F.);
#4409=ORIENTED_EDGE('',*,*,#3084,.T.);
#4410=ORIENTED_EDGE('',*,*,#3115,.T.);
#4411=ORIENTED_EDGE('',*,*,#3101,.F.);
#4412=ORIENTED_EDGE('',*,*,#3114,.F.);
#4413=ORIENTED_EDGE('',*,*,#3113,.F.);
#4414=ORIENTED_EDGE('',*,*,#3083,.T.);
#4415=ORIENTED_EDGE('',*,*,#3105,.T.);
#4416=ORIENTED_EDGE('',*,*,#3102,.F.);
#4417=ORIENTED_EDGE('',*,*,#3115,.F.);
#4418=ORIENTED_EDGE('',*,*,#3116,.F.);
#4419=ORIENTED_EDGE('',*,*,#3117,.T.);
#4420=ORIENTED_EDGE('',*,*,#3118,.F.);
#4421=ORIENTED_EDGE('',*,*,#3119,.F.);
#4422=ORIENTED_EDGE('',*,*,#3120,.F.);
#4423=ORIENTED_EDGE('',*,*,#3121,.F.);
#4424=ORIENTED_EDGE('',*,*,#3117,.F.);
#4425=ORIENTED_EDGE('',*,*,#3119,.T.);
#4426=ORIENTED_EDGE('',*,*,#3122,.F.);
#4427=ORIENTED_EDGE('',*,*,#3123,.T.);
#4428=ORIENTED_EDGE('',*,*,#3124,.T.);
#4429=ORIENTED_EDGE('',*,*,#3125,.F.);
#4430=ORIENTED_EDGE('',*,*,#3126,.F.);
#4431=ORIENTED_EDGE('',*,*,#3118,.T.);
#4432=ORIENTED_EDGE('',*,*,#3127,.F.);
#4433=ORIENTED_EDGE('',*,*,#3128,.T.);
#4434=ORIENTED_EDGE('',*,*,#3122,.T.);
#4435=ORIENTED_EDGE('',*,*,#3129,.F.);
#4436=ORIENTED_EDGE('',*,*,#3130,.T.);
#4437=ORIENTED_EDGE('',*,*,#3131,.T.);
#4438=ORIENTED_EDGE('',*,*,#3130,.F.);
#4439=ORIENTED_EDGE('',*,*,#3131,.F.);
#4440=ORIENTED_EDGE('',*,*,#3116,.T.);
#4441=ORIENTED_EDGE('',*,*,#3132,.F.);
#4442=ORIENTED_EDGE('',*,*,#3133,.T.);
#4443=ORIENTED_EDGE('',*,*,#3134,.T.);
#4444=ORIENTED_EDGE('',*,*,#3135,.F.);
#4445=ORIENTED_EDGE('',*,*,#3136,.F.);
#4446=ORIENTED_EDGE('',*,*,#3137,.F.);
#4447=ORIENTED_EDGE('',*,*,#3138,.F.);
#4448=ORIENTED_EDGE('',*,*,#3139,.F.);
#4449=ORIENTED_EDGE('',*,*,#3123,.F.);
#4450=ORIENTED_EDGE('',*,*,#3128,.F.);
#4451=ORIENTED_EDGE('',*,*,#3140,.F.);
#4452=ORIENTED_EDGE('',*,*,#3141,.F.);
#4453=ORIENTED_EDGE('',*,*,#3142,.F.);
#4454=ORIENTED_EDGE('',*,*,#3143,.F.);
#4455=ORIENTED_EDGE('',*,*,#3144,.F.);
#4456=ORIENTED_EDGE('',*,*,#3145,.F.);
#4457=ORIENTED_EDGE('',*,*,#3133,.F.);
#4458=ORIENTED_EDGE('',*,*,#3146,.F.);
#4459=ORIENTED_EDGE('',*,*,#3135,.T.);
#4460=ORIENTED_EDGE('',*,*,#3147,.T.);
#4461=ORIENTED_EDGE('',*,*,#3148,.T.);
#4462=ORIENTED_EDGE('',*,*,#3149,.T.);
#4463=ORIENTED_EDGE('',*,*,#3150,.T.);
#4464=ORIENTED_EDGE('',*,*,#3151,.T.);
#4465=ORIENTED_EDGE('',*,*,#3152,.T.);
#4466=ORIENTED_EDGE('',*,*,#3153,.T.);
#4467=ORIENTED_EDGE('',*,*,#3125,.T.);
#4468=ORIENTED_EDGE('',*,*,#3154,.T.);
#4469=ORIENTED_EDGE('',*,*,#3155,.T.);
#4470=ORIENTED_EDGE('',*,*,#3156,.T.);
#4471=ORIENTED_EDGE('',*,*,#3157,.F.);
#4472=ORIENTED_EDGE('',*,*,#3156,.F.);
#4473=ORIENTED_EDGE('',*,*,#3158,.F.);
#4474=ORIENTED_EDGE('',*,*,#3137,.T.);
#4475=ORIENTED_EDGE('',*,*,#3145,.T.);
#4476=ORIENTED_EDGE('',*,*,#3159,.T.);
#4477=ORIENTED_EDGE('',*,*,#3147,.F.);
#4478=ORIENTED_EDGE('',*,*,#3134,.F.);
#4479=ORIENTED_EDGE('',*,*,#3144,.T.);
#4480=ORIENTED_EDGE('',*,*,#3160,.T.);
#4481=ORIENTED_EDGE('',*,*,#3161,.T.);
#4482=ORIENTED_EDGE('',*,*,#3148,.F.);
#4483=ORIENTED_EDGE('',*,*,#3159,.F.);
#4484=ORIENTED_EDGE('',*,*,#3143,.T.);
#4485=ORIENTED_EDGE('',*,*,#3162,.T.);
#4486=ORIENTED_EDGE('',*,*,#3149,.F.);
#4487=ORIENTED_EDGE('',*,*,#3161,.F.);
#4488=ORIENTED_EDGE('',*,*,#3160,.F.);
#4489=ORIENTED_EDGE('',*,*,#3142,.T.);
#4490=ORIENTED_EDGE('',*,*,#3163,.T.);
#4491=ORIENTED_EDGE('',*,*,#3150,.F.);
#4492=ORIENTED_EDGE('',*,*,#3162,.F.);
#4493=ORIENTED_EDGE('',*,*,#3141,.T.);
#4494=ORIENTED_EDGE('',*,*,#3164,.T.);
#4495=ORIENTED_EDGE('',*,*,#3165,.T.);
#4496=ORIENTED_EDGE('',*,*,#3166,.T.);
#4497=ORIENTED_EDGE('',*,*,#3151,.F.);
#4498=ORIENTED_EDGE('',*,*,#3163,.F.);
#4499=ORIENTED_EDGE('',*,*,#3121,.T.);
#4500=ORIENTED_EDGE('',*,*,#3167,.T.);
#4501=ORIENTED_EDGE('',*,*,#3152,.F.);
#4502=ORIENTED_EDGE('',*,*,#3166,.F.);
#4503=ORIENTED_EDGE('',*,*,#3165,.F.);
#4504=ORIENTED_EDGE('',*,*,#3164,.F.);
#4505=ORIENTED_EDGE('',*,*,#3140,.T.);
#4506=ORIENTED_EDGE('',*,*,#3127,.T.);
#4507=ORIENTED_EDGE('',*,*,#3120,.T.);
#4508=ORIENTED_EDGE('',*,*,#3126,.T.);
#4509=ORIENTED_EDGE('',*,*,#3153,.F.);
#4510=ORIENTED_EDGE('',*,*,#3167,.F.);
#4511=ORIENTED_EDGE('',*,*,#3139,.T.);
#4512=ORIENTED_EDGE('',*,*,#3168,.T.);
#4513=ORIENTED_EDGE('',*,*,#3154,.F.);
#4514=ORIENTED_EDGE('',*,*,#3124,.F.);
#4515=ORIENTED_EDGE('',*,*,#3138,.T.);
#4516=ORIENTED_EDGE('',*,*,#3158,.T.);
#4517=ORIENTED_EDGE('',*,*,#3155,.F.);
#4518=ORIENTED_EDGE('',*,*,#3168,.F.);
#4519=ORIENTED_EDGE('',*,*,#3169,.T.);
#4520=ORIENTED_EDGE('',*,*,#3170,.T.);
#4521=ORIENTED_EDGE('',*,*,#3171,.F.);
#4522=ORIENTED_EDGE('',*,*,#3172,.F.);
#4523=ORIENTED_EDGE('',*,*,#3173,.T.);
#4524=ORIENTED_EDGE('',*,*,#3172,.T.);
#4525=ORIENTED_EDGE('',*,*,#3174,.F.);
#4526=ORIENTED_EDGE('',*,*,#3175,.F.);
#4527=ORIENTED_EDGE('',*,*,#3176,.T.);
#4528=ORIENTED_EDGE('',*,*,#3175,.T.);
#4529=ORIENTED_EDGE('',*,*,#3177,.F.);
#4530=ORIENTED_EDGE('',*,*,#3178,.F.);
#4531=ORIENTED_EDGE('',*,*,#3179,.T.);
#4532=ORIENTED_EDGE('',*,*,#3178,.T.);
#4533=ORIENTED_EDGE('',*,*,#3180,.F.);
#4534=ORIENTED_EDGE('',*,*,#3181,.F.);
#4535=ORIENTED_EDGE('',*,*,#3012,.T.);
#4536=ORIENTED_EDGE('',*,*,#3014,.T.);
#4537=ORIENTED_EDGE('',*,*,#3182,.T.);
#4538=ORIENTED_EDGE('',*,*,#3181,.T.);
#4539=ORIENTED_EDGE('',*,*,#3183,.F.);
#4540=ORIENTED_EDGE('',*,*,#3184,.F.);
#4541=ORIENTED_EDGE('',*,*,#3185,.T.);
#4542=ORIENTED_EDGE('',*,*,#3184,.T.);
#4543=ORIENTED_EDGE('',*,*,#3186,.F.);
#4544=ORIENTED_EDGE('',*,*,#3187,.F.);
#4545=ORIENTED_EDGE('',*,*,#3188,.T.);
#4546=ORIENTED_EDGE('',*,*,#3187,.T.);
#4547=ORIENTED_EDGE('',*,*,#3189,.F.);
#4548=ORIENTED_EDGE('',*,*,#3190,.F.);
#4549=ORIENTED_EDGE('',*,*,#3191,.T.);
#4550=ORIENTED_EDGE('',*,*,#3190,.T.);
#4551=ORIENTED_EDGE('',*,*,#3192,.F.);
#4552=ORIENTED_EDGE('',*,*,#3170,.F.);
#4553=ORIENTED_EDGE('',*,*,#3043,.T.);
#4554=ORIENTED_EDGE('',*,*,#3045,.T.);
#4555=ORIENTED_EDGE('',*,*,#3192,.T.);
#4556=ORIENTED_EDGE('',*,*,#3189,.T.);
#4557=ORIENTED_EDGE('',*,*,#3186,.T.);
#4558=ORIENTED_EDGE('',*,*,#3183,.T.);
#4559=ORIENTED_EDGE('',*,*,#3180,.T.);
#4560=ORIENTED_EDGE('',*,*,#3177,.T.);
#4561=ORIENTED_EDGE('',*,*,#3174,.T.);
#4562=ORIENTED_EDGE('',*,*,#3171,.T.);
#4563=ORIENTED_EDGE('',*,*,#3081,.T.);
#4564=ORIENTED_EDGE('',*,*,#3077,.T.);
#4565=ORIENTED_EDGE('',*,*,#3091,.T.);
#4566=ORIENTED_EDGE('',*,*,#3104,.T.);
#4567=ORIENTED_EDGE('',*,*,#3136,.T.);
#4568=ORIENTED_EDGE('',*,*,#3132,.T.);
#4569=ORIENTED_EDGE('',*,*,#3146,.T.);
#4570=ORIENTED_EDGE('',*,*,#3157,.T.);
#4571=ORIENTED_EDGE('',*,*,#3191,.F.);
#4572=ORIENTED_EDGE('',*,*,#3169,.F.);
#4573=ORIENTED_EDGE('',*,*,#3173,.F.);
#4574=ORIENTED_EDGE('',*,*,#3176,.F.);
#4575=ORIENTED_EDGE('',*,*,#3179,.F.);
#4576=ORIENTED_EDGE('',*,*,#3182,.F.);
#4577=ORIENTED_EDGE('',*,*,#3185,.F.);
#4578=ORIENTED_EDGE('',*,*,#3188,.F.);
#4579=ORIENTED_EDGE('',*,*,#2979,.T.);
#4580=ORIENTED_EDGE('',*,*,#2990,.T.);
#4581=ORIENTED_EDGE('',*,*,#2987,.T.);
#4582=ORIENTED_EDGE('',*,*,#2983,.T.);
#4583=ORIENTED_EDGE('',*,*,#2993,.T.);
#4584=ORIENTED_EDGE('',*,*,#3004,.T.);
#4585=ORIENTED_EDGE('',*,*,#3001,.T.);
#4586=ORIENTED_EDGE('',*,*,#2997,.T.);
#4587=ORIENTED_EDGE('',*,*,#3015,.T.);
#4588=ORIENTED_EDGE('',*,*,#3026,.T.);
#4589=ORIENTED_EDGE('',*,*,#3023,.T.);
#4590=ORIENTED_EDGE('',*,*,#3019,.T.);
#4591=ORIENTED_EDGE('',*,*,#3029,.T.);
#4592=ORIENTED_EDGE('',*,*,#3040,.T.);
#4593=ORIENTED_EDGE('',*,*,#3037,.T.);
#4594=ORIENTED_EDGE('',*,*,#3033,.T.);
#4595=ORIENTED_EDGE('',*,*,#3074,.T.);
#4596=ORIENTED_EDGE('',*,*,#3129,.T.);
#4597=PLANE('',#5075);
#4598=PLANE('',#5094);
#4599=PLANE('',#5095);
#4600=PLANE('',#5107);
#4601=PLANE('',#5111);
#4602=PLANE('',#5118);
#4603=PLANE('',#5121);
#4604=PLANE('',#5122);
#4605=PLANE('',#5126);
#4606=PLANE('',#5130);
#4607=PLANE('',#5137);
#4608=PLANE('',#5141);
#4609=PLANE('',#5142);
#4610=PLANE('',#5143);
#4611=PLANE('',#5146);
#4612=PLANE('',#5151);
#4613=PLANE('',#5154);
#4614=PLANE('',#5157);
#4615=PLANE('',#5160);
#4616=PLANE('',#5163);
#4617=PLANE('',#5166);
#4618=PLANE('',#5169);
#4619=PLANE('',#5172);
#4620=PLANE('',#5175);
#4621=PLANE('',#5178);
#4622=PLANE('',#5181);
#4623=PLANE('',#5198);
#4624=PLANE('',#5202);
#4625=PLANE('',#5209);
#4626=PLANE('',#5211);
#4627=PLANE('',#5214);
#4628=PLANE('',#5221);
#4629=PLANE('',#5225);
#4630=PLANE('',#5226);
#4631=PLANE('',#5230);
#4632=PLANE('',#5234);
#4633=PLANE('',#5235);
#4634=PLANE('',#5251);
#4635=PLANE('',#5254);
#4636=PLANE('',#5255);
#4637=PLANE('',#5258);
#4638=PLANE('',#5261);
#4639=PLANE('',#5264);
#4640=PLANE('',#5267);
#4641=PLANE('',#5270);
#4642=PLANE('',#5273);
#4643=PLANE('',#5276);
#4644=PLANE('',#5279);
#4645=PLANE('',#5282);
#4646=PLANE('',#5285);
#4647=PLANE('',#5288);
#4648=PLANE('',#5289);
#4649=PLANE('',#5291);
#4650=PLANE('',#5292);
#4651=PLANE('',#5294);
#4652=PLANE('',#5295);
#4653=PLANE('',#5297);
#4654=PLANE('',#5298);
#4655=PLANE('',#5299);
#4656=PLANE('',#5301);
#4657=PLANE('',#5302);
#4658=PLANE('',#5304);
#4659=PLANE('',#5309);
#4660=PLANE('',#5312);
#4661=PLANE('',#5315);
#4662=PLANE('',#5316);
#4663=PLANE('',#5318);
#4664=PLANE('',#5319);
#4665=PLANE('',#5321);
#4666=PLANE('',#5322);
#4667=PLANE('',#5323);
#4668=PLANE('',#5325);
#4669=PLANE('',#5326);
#4670=PLANE('',#5328);
#4671=PLANE('',#5335);
#4672=PLANE('',#5338);
#4673=PLANE('',#5344);
#4674=PLANE('',#5345);
#4675=PLANE('',#5346);
#4676=PLANE('',#5347);
#4677=PLANE('',#5348);
#4678=PLANE('',#5354);
#4679=PLANE('',#5355);
#4680=PLANE('',#5356);
#4681=PLANE('',#5357);
#4682=PLANE('',#5358);
#4683=PLANE('',#5362);
#4684=PLANE('',#5366);
#4685=PLANE('',#5370);
#4686=PLANE('',#5374);
#4687=PLANE('',#5375);
#4688=PLANE('',#5376);
#4689=PLANE('',#5378);
#4690=PLANE('',#5379);
#4691=PLANE('',#5381);
#4692=PLANE('',#5382);
#4693=PLANE('',#5384);
#4694=PLANE('',#5385);
#4695=PLANE('',#5386);
#4696=PLANE('',#5388);
#4697=PLANE('',#5389);
#4698=PLANE('',#5391);
#4699=PLANE('',#5396);
#4700=PLANE('',#5399);
#4701=PLANE('',#5402);
#4702=PLANE('',#5403);
#4703=PLANE('',#5405);
#4704=PLANE('',#5406);
#4705=PLANE('',#5408);
#4706=PLANE('',#5409);
#4707=PLANE('',#5410);
#4708=PLANE('',#5412);
#4709=PLANE('',#5413);
#4710=PLANE('',#5415);
#4711=PLANE('',#5422);
#4712=PLANE('',#5425);
#4713=PLANE('',#5431);
#4714=PLANE('',#5432);
#4715=PLANE('',#5433);
#4716=PLANE('',#5434);
#4717=PLANE('',#5435);
#4718=PLANE('',#5441);
#4719=PLANE('',#5442);
#4720=PLANE('',#5443);
#4721=PLANE('',#5444);
#4722=PLANE('',#5445);
#4723=PLANE('',#5449);
#4724=PLANE('',#5453);
#4725=PLANE('',#5457);
#4726=PLANE('',#5461);
#4727=PLANE('',#5462);
#4728=PLANE('',#5463);
#4729=ADVANCED_FACE('',(#343,#265,#266,#267,#268,#269,#270),#4597,.F.);
#4730=ADVANCED_FACE('',(#344),#4598,.F.);
#4731=ADVANCED_FACE('',(#345),#4599,.T.);
#4732=ADVANCED_FACE('',(#346),#179,.F.);
#4733=ADVANCED_FACE('',(#347),#180,.F.);
#4734=ADVANCED_FACE('',(#348),#181,.F.);
#4735=ADVANCED_FACE('',(#349),#182,.F.);
#4736=ADVANCED_FACE('',(#350),#183,.F.);
#4737=ADVANCED_FACE('',(#351),#4600,.T.);
#4738=ADVANCED_FACE('',(#352),#184,.T.);
#4739=ADVANCED_FACE('',(#353,#271),#4601,.T.);
#4740=ADVANCED_FACE('',(#354),#185,.T.);
#4741=ADVANCED_FACE('',(#355),#186,.T.);
#4742=ADVANCED_FACE('',(#356,#272),#4602,.T.);
#4743=ADVANCED_FACE('',(#357),#187,.T.);
#4744=ADVANCED_FACE('',(#358),#4603,.T.);
#4745=ADVANCED_FACE('',(#359),#4604,.F.);
#4746=ADVANCED_FACE('',(#360),#188,.F.);
#4747=ADVANCED_FACE('',(#361),#4605,.T.);
#4748=ADVANCED_FACE('',(#362),#189,.T.);
#4749=ADVANCED_FACE('',(#363,#273),#4606,.T.);
#4750=ADVANCED_FACE('',(#364),#190,.T.);
#4751=ADVANCED_FACE('',(#365),#191,.T.);
#4752=ADVANCED_FACE('',(#366,#274),#4607,.T.);
#4753=ADVANCED_FACE('',(#367),#192,.T.);
#4754=ADVANCED_FACE('',(#368),#4608,.T.);
#4755=ADVANCED_FACE('',(#369),#4609,.T.);
#4756=ADVANCED_FACE('',(#370),#4610,.F.);
#4757=ADVANCED_FACE('',(#371),#193,.F.);
#4758=ADVANCED_FACE('',(#372),#4611,.F.);
#4759=ADVANCED_FACE('',(#373),#194,.F.);
#4760=ADVANCED_FACE('',(#374),#195,.F.);
#4761=ADVANCED_FACE('',(#375),#4612,.F.);
#4762=ADVANCED_FACE('',(#376),#196,.F.);
#4763=ADVANCED_FACE('',(#377),#4613,.F.);
#4764=ADVANCED_FACE('',(#378),#197,.F.);
#4765=ADVANCED_FACE('',(#379),#4614,.F.);
#4766=ADVANCED_FACE('',(#380),#198,.F.);
#4767=ADVANCED_FACE('',(#381),#4615,.F.);
#4768=ADVANCED_FACE('',(#382),#199,.F.);
#4769=ADVANCED_FACE('',(#383),#4616,.T.);
#4770=ADVANCED_FACE('',(#384),#200,.T.);
#4771=ADVANCED_FACE('',(#385),#4617,.T.);
#4772=ADVANCED_FACE('',(#386),#201,.T.);
#4773=ADVANCED_FACE('',(#387),#4618,.T.);
#4774=ADVANCED_FACE('',(#388),#202,.T.);
#4775=ADVANCED_FACE('',(#389),#4619,.T.);
#4776=ADVANCED_FACE('',(#390),#203,.T.);
#4777=ADVANCED_FACE('',(#391),#4620,.T.);
#4778=ADVANCED_FACE('',(#392),#204,.T.);
#4779=ADVANCED_FACE('',(#393),#4621,.T.);
#4780=ADVANCED_FACE('',(#394),#205,.T.);
#4781=ADVANCED_FACE('',(#395,#275,#276,#277,#278,#279,#280,#281),#4622,
 .T.);
#4782=ADVANCED_FACE('',(#396),#206,.F.);
#4783=ADVANCED_FACE('',(#397),#207,.F.);
#4784=ADVANCED_FACE('',(#398),#208,.F.);
#4785=ADVANCED_FACE('',(#399),#209,.F.);
#4786=ADVANCED_FACE('',(#400),#210,.F.);
#4787=ADVANCED_FACE('',(#401,#282),#4623,.T.);
#4788=ADVANCED_FACE('',(#402),#211,.T.);
#4789=ADVANCED_FACE('',(#403),#4624,.T.);
#4790=ADVANCED_FACE('',(#404),#212,.T.);
#4791=ADVANCED_FACE('',(#405),#213,.T.);
#4792=ADVANCED_FACE('',(#406),#4625,.T.);
#4793=ADVANCED_FACE('',(#407),#4626,.T.);
#4794=ADVANCED_FACE('',(#408),#214,.T.);
#4795=ADVANCED_FACE('',(#409,#283),#4627,.T.);
#4796=ADVANCED_FACE('',(#410),#215,.F.);
#4797=ADVANCED_FACE('',(#411),#216,.T.);
#4798=ADVANCED_FACE('',(#412),#4628,.T.);
#4799=ADVANCED_FACE('',(#413),#217,.T.);
#4800=ADVANCED_FACE('',(#414,#284),#4629,.T.);
#4801=ADVANCED_FACE('',(#415,#285),#4630,.T.);
#4802=ADVANCED_FACE('',(#416),#218,.T.);
#4803=ADVANCED_FACE('',(#417),#4631,.T.);
#4804=ADVANCED_FACE('',(#418),#219,.T.);
#4805=ADVANCED_FACE('',(#419),#4632,.T.);
#4806=ADVANCED_FACE('',(#420,#286,#287,#288,#289,#290,#291),#4633,.F.);
#4807=ADVANCED_FACE('',(#421),#220,.F.);
#4808=ADVANCED_FACE('',(#422),#4634,.F.);
#4809=ADVANCED_FACE('',(#423),#221,.F.);
#4810=ADVANCED_FACE('',(#424),#4635,.F.);
#4811=ADVANCED_FACE('',(#425),#4636,.F.);
#4812=ADVANCED_FACE('',(#426),#222,.F.);
#4813=ADVANCED_FACE('',(#427),#4637,.F.);
#4814=ADVANCED_FACE('',(#428),#223,.F.);
#4815=ADVANCED_FACE('',(#429),#4638,.F.);
#4816=ADVANCED_FACE('',(#430),#224,.F.);
#4817=ADVANCED_FACE('',(#431),#4639,.F.);
#4818=ADVANCED_FACE('',(#432),#225,.F.);
#4819=ADVANCED_FACE('',(#433),#4640,.F.);
#4820=ADVANCED_FACE('',(#434),#226,.F.);
#4821=ADVANCED_FACE('',(#435),#4641,.F.);
#4822=ADVANCED_FACE('',(#436),#227,.T.);
#4823=ADVANCED_FACE('',(#437),#4642,.T.);
#4824=ADVANCED_FACE('',(#438),#228,.T.);
#4825=ADVANCED_FACE('',(#439),#4643,.T.);
#4826=ADVANCED_FACE('',(#440),#229,.T.);
#4827=ADVANCED_FACE('',(#441),#4644,.T.);
#4828=ADVANCED_FACE('',(#442),#230,.T.);
#4829=ADVANCED_FACE('',(#443),#4645,.T.);
#4830=ADVANCED_FACE('',(#444),#231,.T.);
#4831=ADVANCED_FACE('',(#445),#4646,.T.);
#4832=ADVANCED_FACE('',(#446),#232,.T.);
#4833=ADVANCED_FACE('',(#447),#4647,.T.);
#4834=ADVANCED_FACE('',(#448,#292,#293,#294,#295,#296,#297,#298),#4648,
 .T.);
#4835=ADVANCED_FACE('',(#449),#4649,.F.);
#4836=ADVANCED_FACE('',(#450,#299),#4650,.F.);
#4837=ADVANCED_FACE('',(#451),#4651,.F.);
#4838=ADVANCED_FACE('',(#452,#300),#4652,.F.);
#4839=ADVANCED_FACE('',(#453),#4653,.F.);
#4840=ADVANCED_FACE('',(#454),#4654,.F.);
#4841=ADVANCED_FACE('',(#455,#301),#4655,.F.);
#4842=ADVANCED_FACE('',(#456),#4656,.F.);
#4843=ADVANCED_FACE('',(#457,#302),#4657,.F.);
#4844=ADVANCED_FACE('',(#458),#4658,.F.);
#4845=ADVANCED_FACE('',(#459),#233,.F.);
#4846=ADVANCED_FACE('',(#460),#234,.F.);
#4847=ADVANCED_FACE('',(#461),#4659,.T.);
#4848=ADVANCED_FACE('',(#462),#235,.F.);
#4849=ADVANCED_FACE('',(#463),#4660,.T.);
#4850=ADVANCED_FACE('',(#464),#236,.F.);
#4851=ADVANCED_FACE('',(#465),#4661,.F.);
#4852=ADVANCED_FACE('',(#466,#303),#4662,.F.);
#4853=ADVANCED_FACE('',(#467),#4663,.F.);
#4854=ADVANCED_FACE('',(#468,#304),#4664,.F.);
#4855=ADVANCED_FACE('',(#469),#4665,.F.);
#4856=ADVANCED_FACE('',(#470),#4666,.F.);
#4857=ADVANCED_FACE('',(#471,#305),#4667,.F.);
#4858=ADVANCED_FACE('',(#472),#4668,.F.);
#4859=ADVANCED_FACE('',(#473,#306),#4669,.F.);
#4860=ADVANCED_FACE('',(#474),#4670,.F.);
#4861=ADVANCED_FACE('',(#475),#237,.F.);
#4862=ADVANCED_FACE('',(#476),#238,.F.);
#4863=ADVANCED_FACE('',(#477),#239,.F.);
#4864=ADVANCED_FACE('',(#478),#4671,.F.);
#4865=ADVANCED_FACE('',(#479),#240,.F.);
#4866=ADVANCED_FACE('',(#480),#4672,.F.);
#4867=ADVANCED_FACE('',(#481),#241,.F.);
#4868=ADVANCED_FACE('',(#482),#39,.T.);
#4869=ADVANCED_FACE('',(#483),#40,.T.);
#4870=ADVANCED_FACE('',(#484),#242,.F.);
#4871=ADVANCED_FACE('',(#485,#307),#4673,.F.);
#4872=ADVANCED_FACE('',(#486),#4674,.T.);
#4873=ADVANCED_FACE('',(#487),#4675,.F.);
#4874=ADVANCED_FACE('',(#488),#4676,.T.);
#4875=ADVANCED_FACE('',(#489),#4677,.T.);
#4876=ADVANCED_FACE('',(#490),#41,.T.);
#4877=ADVANCED_FACE('',(#491),#42,.T.);
#4878=ADVANCED_FACE('',(#492),#43,.T.);
#4879=ADVANCED_FACE('',(#493),#44,.T.);
#4880=ADVANCED_FACE('',(#494),#45,.T.);
#4881=ADVANCED_FACE('',(#495),#46,.T.);
#4882=ADVANCED_FACE('',(#496),#47,.T.);
#4883=ADVANCED_FACE('',(#497),#48,.T.);
#4884=ADVANCED_FACE('',(#498),#243,.F.);
#4885=ADVANCED_FACE('',(#499),#49,.T.);
#4886=ADVANCED_FACE('',(#500),#244,.F.);
#4887=ADVANCED_FACE('',(#501,#308),#4678,.F.);
#4888=ADVANCED_FACE('',(#502),#4679,.T.);
#4889=ADVANCED_FACE('',(#503),#4680,.F.);
#4890=ADVANCED_FACE('',(#504),#4681,.T.);
#4891=ADVANCED_FACE('',(#505),#4682,.T.);
#4892=ADVANCED_FACE('',(#506),#50,.T.);
#4893=ADVANCED_FACE('',(#507),#51,.T.);
#4894=ADVANCED_FACE('',(#508),#52,.T.);
#4895=ADVANCED_FACE('',(#509),#53,.T.);
#4896=ADVANCED_FACE('',(#510),#54,.T.);
#4897=ADVANCED_FACE('',(#511),#55,.T.);
#4898=ADVANCED_FACE('',(#512),#56,.T.);
#4899=ADVANCED_FACE('',(#513),#245,.T.);
#4900=ADVANCED_FACE('',(#514),#4683,.T.);
#4901=ADVANCED_FACE('',(#515),#246,.T.);
#4902=ADVANCED_FACE('',(#516,#309,#310),#4684,.T.);
#4903=ADVANCED_FACE('',(#517),#247,.T.);
#4904=ADVANCED_FACE('',(#518),#4685,.T.);
#4905=ADVANCED_FACE('',(#519),#248,.T.);
#4906=ADVANCED_FACE('',(#520,#311,#312),#4686,.T.);
#4907=ADVANCED_FACE('',(#521,#313,#314),#4687,.T.);
#4908=ADVANCED_FACE('',(#522,#315,#316,#317,#318,#319,#320),#4688,.F.);
#4909=ADVANCED_FACE('',(#523),#4689,.F.);
#4910=ADVANCED_FACE('',(#524,#321),#4690,.F.);
#4911=ADVANCED_FACE('',(#525),#4691,.F.);
#4912=ADVANCED_FACE('',(#526,#322),#4692,.F.);
#4913=ADVANCED_FACE('',(#527),#4693,.F.);
#4914=ADVANCED_FACE('',(#528),#4694,.F.);
#4915=ADVANCED_FACE('',(#529,#323),#4695,.F.);
#4916=ADVANCED_FACE('',(#530),#4696,.F.);
#4917=ADVANCED_FACE('',(#531,#324),#4697,.F.);
#4918=ADVANCED_FACE('',(#532),#4698,.F.);
#4919=ADVANCED_FACE('',(#533),#249,.F.);
#4920=ADVANCED_FACE('',(#534),#250,.F.);
#4921=ADVANCED_FACE('',(#535),#4699,.T.);
#4922=ADVANCED_FACE('',(#536),#251,.F.);
#4923=ADVANCED_FACE('',(#537),#4700,.T.);
#4924=ADVANCED_FACE('',(#538),#252,.F.);
#4925=ADVANCED_FACE('',(#539),#4701,.F.);
#4926=ADVANCED_FACE('',(#540,#325),#4702,.F.);
#4927=ADVANCED_FACE('',(#541),#4703,.F.);
#4928=ADVANCED_FACE('',(#542,#326),#4704,.F.);
#4929=ADVANCED_FACE('',(#543),#4705,.F.);
#4930=ADVANCED_FACE('',(#544),#4706,.F.);
#4931=ADVANCED_FACE('',(#545,#327),#4707,.F.);
#4932=ADVANCED_FACE('',(#546),#4708,.F.);
#4933=ADVANCED_FACE('',(#547,#328),#4709,.F.);
#4934=ADVANCED_FACE('',(#548),#4710,.F.);
#4935=ADVANCED_FACE('',(#549),#253,.F.);
#4936=ADVANCED_FACE('',(#550),#254,.F.);
#4937=ADVANCED_FACE('',(#551),#255,.F.);
#4938=ADVANCED_FACE('',(#552),#4711,.F.);
#4939=ADVANCED_FACE('',(#553),#256,.F.);
#4940=ADVANCED_FACE('',(#554),#4712,.F.);
#4941=ADVANCED_FACE('',(#555),#257,.F.);
#4942=ADVANCED_FACE('',(#556),#57,.T.);
#4943=ADVANCED_FACE('',(#557),#58,.T.);
#4944=ADVANCED_FACE('',(#558),#59,.T.);
#4945=ADVANCED_FACE('',(#559),#60,.T.);
#4946=ADVANCED_FACE('',(#560),#258,.F.);
#4947=ADVANCED_FACE('',(#561,#329),#4713,.F.);
#4948=ADVANCED_FACE('',(#562),#4714,.T.);
#4949=ADVANCED_FACE('',(#563),#4715,.F.);
#4950=ADVANCED_FACE('',(#564),#4716,.T.);
#4951=ADVANCED_FACE('',(#565),#4717,.T.);
#4952=ADVANCED_FACE('',(#566),#61,.T.);
#4953=ADVANCED_FACE('',(#567),#62,.T.);
#4954=ADVANCED_FACE('',(#568),#63,.T.);
#4955=ADVANCED_FACE('',(#569),#64,.T.);
#4956=ADVANCED_FACE('',(#570),#65,.T.);
#4957=ADVANCED_FACE('',(#571),#66,.T.);
#4958=ADVANCED_FACE('',(#572),#67,.T.);
#4959=ADVANCED_FACE('',(#573),#68,.T.);
#4960=ADVANCED_FACE('',(#574),#69,.T.);
#4961=ADVANCED_FACE('',(#575),#70,.T.);
#4962=ADVANCED_FACE('',(#576),#71,.T.);
#4963=ADVANCED_FACE('',(#577),#259,.F.);
#4964=ADVANCED_FACE('',(#578),#72,.T.);
#4965=ADVANCED_FACE('',(#579),#73,.T.);
#4966=ADVANCED_FACE('',(#580),#260,.F.);
#4967=ADVANCED_FACE('',(#581,#330),#4718,.F.);
#4968=ADVANCED_FACE('',(#582),#4719,.T.);
#4969=ADVANCED_FACE('',(#583),#4720,.F.);
#4970=ADVANCED_FACE('',(#584),#4721,.T.);
#4971=ADVANCED_FACE('',(#585),#4722,.T.);
#4972=ADVANCED_FACE('',(#586),#74,.T.);
#4973=ADVANCED_FACE('',(#587),#75,.T.);
#4974=ADVANCED_FACE('',(#588),#76,.T.);
#4975=ADVANCED_FACE('',(#589),#77,.T.);
#4976=ADVANCED_FACE('',(#590),#78,.T.);
#4977=ADVANCED_FACE('',(#591),#79,.T.);
#4978=ADVANCED_FACE('',(#592),#80,.T.);
#4979=ADVANCED_FACE('',(#593),#81,.T.);
#4980=ADVANCED_FACE('',(#594),#82,.T.);
#4981=ADVANCED_FACE('',(#595),#261,.T.);
#4982=ADVANCED_FACE('',(#596),#4723,.T.);
#4983=ADVANCED_FACE('',(#597),#262,.T.);
#4984=ADVANCED_FACE('',(#598,#331,#332),#4724,.T.);
#4985=ADVANCED_FACE('',(#599),#263,.T.);
#4986=ADVANCED_FACE('',(#600),#4725,.T.);
#4987=ADVANCED_FACE('',(#601),#264,.T.);
#4988=ADVANCED_FACE('',(#602,#333,#334),#4726,.T.);
#4989=ADVANCED_FACE('',(#603,#335,#336),#4727,.T.);
#4990=ADVANCED_FACE('',(#604,#337,#338,#339,#340,#341,#342),#4728,.F.);
#4991=CLOSED_SHELL('',(#4729,#4730,#4731,#4732,#4733,#4734,#4735,#4736,
#4737,#4738,#4739,#4740,#4741,#4742,#4743,#4744,#4745,#4746,#4747,#4748,
#4749,#4750,#4751,#4752,#4753,#4754,#4755,#4756,#4757,#4758,#4759,#4760,
#4761,#4762,#4763,#4764,#4765,#4766,#4767,#4768,#4769,#4770,#4771,#4772,
#4773,#4774,#4775,#4776,#4777,#4778,#4779,#4780,#4781));
#4992=CLOSED_SHELL('',(#4782,#4783,#4784,#4785,#4786,#4787,#4788,#4789,
#4790,#4791,#4792,#4793,#4794,#4795,#4796,#4797,#4798,#4799,#4800,#4801,
#4802,#4803,#4804,#4805,#4806,#4807,#4808,#4809,#4810,#4811,#4812,#4813,
#4814,#4815,#4816,#4817,#4818,#4819,#4820,#4821,#4822,#4823,#4824,#4825,
#4826,#4827,#4828,#4829,#4830,#4831,#4832,#4833,#4834));
#4993=CLOSED_SHELL('',(#4835,#4836,#4837,#4838,#4839,#4840,#4841,#4842,
#4843,#4844,#4845,#4846,#4847,#4848,#4849,#4850,#4851,#4852,#4853,#4854,
#4855,#4856,#4857,#4858,#4859,#4860,#4861,#4862,#4863,#4864,#4865,#4866,
#4867,#4868,#4869,#4870,#4871,#4872,#4873,#4874,#4875,#4876,#4877,#4878,
#4879,#4880,#4881,#4882,#4883,#4884,#4885,#4886,#4887,#4888,#4889,#4890,
#4891,#4892,#4893,#4894,#4895,#4896,#4897,#4898,#4899,#4900,#4901,#4902,
#4903,#4904,#4905,#4906,#4907,#4908));
#4994=CLOSED_SHELL('',(#4909,#4910,#4911,#4912,#4913,#4914,#4915,#4916,
#4917,#4918,#4919,#4920,#4921,#4922,#4923,#4924,#4925,#4926,#4927,#4928,
#4929,#4930,#4931,#4932,#4933,#4934,#4935,#4936,#4937,#4938,#4939,#4940,
#4941,#4942,#4943,#4944,#4945,#4946,#4947,#4948,#4949,#4950,#4951,#4952,
#4953,#4954,#4955,#4956,#4957,#4958,#4959,#4960,#4961,#4962,#4963,#4964,
#4965,#4966,#4967,#4968,#4969,#4970,#4971,#4972,#4973,#4974,#4975,#4976,
#4977,#4978,#4979,#4980,#4981,#4982,#4983,#4984,#4985,#4986,#4987,#4988,
#4989,#4990));
#4995=DERIVED_UNIT_ELEMENT(#5009,1.);
#4996=DERIVED_UNIT_ELEMENT(#12115,-3.);
#4997=DERIVED_UNIT_ELEMENT(#5009,1.);
#4998=DERIVED_UNIT_ELEMENT(#12115,-3.);
#4999=DERIVED_UNIT_ELEMENT(#5009,1.);
#5000=DERIVED_UNIT_ELEMENT(#12115,-3.);
#5001=DERIVED_UNIT_ELEMENT(#5009,1.);
#5002=DERIVED_UNIT_ELEMENT(#12115,-3.);
#5003=DERIVED_UNIT_ELEMENT(#5009,1.);
#5004=DERIVED_UNIT_ELEMENT(#12115,-3.);
#5005=DERIVED_UNIT_ELEMENT(#5009,1.);
#5006=DERIVED_UNIT_ELEMENT(#12115,-3.);
#5007=DERIVED_UNIT_ELEMENT(#5009,1.);
#5008=DERIVED_UNIT_ELEMENT(#12115,-3.);
#5009=(
MASS_UNIT()
NAMED_UNIT(*)
SI_UNIT(.KILO.,.GRAM.)
);
#5010=DERIVED_UNIT((#4995,#4996));
#5011=DERIVED_UNIT((#4997,#4998));
#5012=DERIVED_UNIT((#4999,#5000));
#5013=DERIVED_UNIT((#5001,#5002));
#5014=DERIVED_UNIT((#5003,#5004));
#5015=DERIVED_UNIT((#5005,#5006));
#5016=DERIVED_UNIT((#5007,#5008));
#5017=MEASURE_REPRESENTATION_ITEM('density measure',
POSITIVE_RATIO_MEASURE(7850.),#5010);
#5018=MEASURE_REPRESENTATION_ITEM('density measure',
POSITIVE_RATIO_MEASURE(7850.),#5011);
#5019=MEASURE_REPRESENTATION_ITEM('density measure',
POSITIVE_RATIO_MEASURE(7850.),#5012);
#5020=MEASURE_REPRESENTATION_ITEM('density measure',
POSITIVE_RATIO_MEASURE(7850.),#5013);
#5021=MEASURE_REPRESENTATION_ITEM('density measure',
POSITIVE_RATIO_MEASURE(7850.),#5014);
#5022=MEASURE_REPRESENTATION_ITEM('density measure',
POSITIVE_RATIO_MEASURE(7850.),#5015);
#5023=MEASURE_REPRESENTATION_ITEM('density measure',
POSITIVE_RATIO_MEASURE(7850.),#5016);
#5024=PROPERTY_DEFINITION_REPRESENTATION(#5059,#5038);
#5025=PROPERTY_DEFINITION_REPRESENTATION(#5060,#5039);
#5026=PROPERTY_DEFINITION_REPRESENTATION(#5061,#5040);
#5027=PROPERTY_DEFINITION_REPRESENTATION(#5062,#5041);
#5028=PROPERTY_DEFINITION_REPRESENTATION(#5063,#5042);
#5029=PROPERTY_DEFINITION_REPRESENTATION(#5064,#5043);
#5030=PROPERTY_DEFINITION_REPRESENTATION(#5065,#5044);
#5031=PROPERTY_DEFINITION_REPRESENTATION(#5066,#5045);
#5032=PROPERTY_DEFINITION_REPRESENTATION(#5067,#5046);
#5033=PROPERTY_DEFINITION_REPRESENTATION(#5068,#5047);
#5034=PROPERTY_DEFINITION_REPRESENTATION(#5069,#5048);
#5035=PROPERTY_DEFINITION_REPRESENTATION(#5070,#5049);
#5036=PROPERTY_DEFINITION_REPRESENTATION(#5071,#5050);
#5037=PROPERTY_DEFINITION_REPRESENTATION(#5072,#5051);
#5038=REPRESENTATION('material name',(#5052),#12106);
#5039=REPRESENTATION('density',(#5017),#12106);
#5040=REPRESENTATION('material name',(#5053),#12107);
#5041=REPRESENTATION('density',(#5018),#12107);
#5042=REPRESENTATION('material name',(#5054),#12108);
#5043=REPRESENTATION('density',(#5019),#12108);
#5044=REPRESENTATION('material name',(#5055),#12109);
#5045=REPRESENTATION('density',(#5020),#12109);
#5046=REPRESENTATION('material name',(#5056),#12110);
#5047=REPRESENTATION('density',(#5021),#12110);
#5048=REPRESENTATION('material name',(#5057),#12111);
#5049=REPRESENTATION('density',(#5022),#12111);
#5050=REPRESENTATION('material name',(#5058),#12112);
#5051=REPRESENTATION('density',(#5023),#12112);
#5052=DESCRIPTIVE_REPRESENTATION_ITEM('Steel','Steel');
#5053=DESCRIPTIVE_REPRESENTATION_ITEM('Steel','Steel');
#5054=DESCRIPTIVE_REPRESENTATION_ITEM('Steel','Steel');
#5055=DESCRIPTIVE_REPRESENTATION_ITEM('Steel','Steel');
#5056=DESCRIPTIVE_REPRESENTATION_ITEM('Steel','Steel');
#5057=DESCRIPTIVE_REPRESENTATION_ITEM('Steel','Steel');
#5058=DESCRIPTIVE_REPRESENTATION_ITEM('Steel','Steel');
#5059=PROPERTY_DEFINITION('material property','material name',#12151);
#5060=PROPERTY_DEFINITION('material property','density of part',#12151);
#5061=PROPERTY_DEFINITION('material property','material name',#12152);
#5062=PROPERTY_DEFINITION('material property','density of part',#12152);
#5063=PROPERTY_DEFINITION('material property','material name',#12153);
#5064=PROPERTY_DEFINITION('material property','density of part',#12153);
#5065=PROPERTY_DEFINITION('material property','material name',#12154);
#5066=PROPERTY_DEFINITION('material property','density of part',#12154);
#5067=PROPERTY_DEFINITION('material property','material name',#12155);
#5068=PROPERTY_DEFINITION('material property','density of part',#12155);
#5069=PROPERTY_DEFINITION('material property','material name',#12156);
#5070=PROPERTY_DEFINITION('material property','density of part',#12156);
#5071=PROPERTY_DEFINITION('material property','material name',#12157);
#5072=PROPERTY_DEFINITION('material property','density of part',#12157);
#5073=AXIS2_PLACEMENT_3D('',#6730,#5474,#5475);
#5074=AXIS2_PLACEMENT_3D('',#6731,#5476,#5477);
#5075=AXIS2_PLACEMENT_3D('',#6732,#5478,#5479);
#5076=AXIS2_PLACEMENT_3D('',#6735,#5480,#5481);
#5077=AXIS2_PLACEMENT_3D('',#6739,#5483,#5484);
#5078=AXIS2_PLACEMENT_3D('',#6743,#5486,#5487);
#5079=AXIS2_PLACEMENT_3D('',#6747,#5489,#5490);
#5080=AXIS2_PLACEMENT_3D('',#6751,#5492,#5493);
#5081=AXIS2_PLACEMENT_3D('',#6755,#5495,#5496);
#5082=AXIS2_PLACEMENT_3D('',#6758,#5498,#5499);
#5083=AXIS2_PLACEMENT_3D('',#6760,#5500,#5501);
#5084=AXIS2_PLACEMENT_3D('',#6762,#5502,#5503);
#5085=AXIS2_PLACEMENT_3D('',#6764,#5504,#5505);
#5086=AXIS2_PLACEMENT_3D('',#6769,#5507,#5508);
#5087=AXIS2_PLACEMENT_3D('',#6775,#5511,#5512);
#5088=AXIS2_PLACEMENT_3D('',#6779,#5514,#5515);
#5089=AXIS2_PLACEMENT_3D('',#6783,#5517,#5518);
#5090=AXIS2_PLACEMENT_3D('',#6789,#5521,#5522);
#5091=AXIS2_PLACEMENT_3D('',#6793,#5524,#5525);
#5092=AXIS2_PLACEMENT_3D('',#6797,#5527,#5528);
#5093=AXIS2_PLACEMENT_3D('',#6800,#5530,#5531);
#5094=AXIS2_PLACEMENT_3D('',#6801,#5532,#5533);
#5095=AXIS2_PLACEMENT_3D('',#6807,#5537,#5538);
#5096=AXIS2_PLACEMENT_3D('',#6815,#5543,#5544);
#5097=AXIS2_PLACEMENT_3D('',#6818,#5546,#5547);
#5098=AXIS2_PLACEMENT_3D('',#6819,#5548,#5549);
#5099=AXIS2_PLACEMENT_3D('',#6822,#5551,#5552);
#5100=AXIS2_PLACEMENT_3D('',#6823,#5553,#5554);
#5101=AXIS2_PLACEMENT_3D('',#6826,#5556,#5557);
#5102=AXIS2_PLACEMENT_3D('',#6827,#5558,#5559);
#5103=AXIS2_PLACEMENT_3D('',#6830,#5561,#5562);
#5104=AXIS2_PLACEMENT_3D('',#6831,#5563,#5564);
#5105=AXIS2_PLACEMENT_3D('',#6833,#5565,#5566);
#5106=AXIS2_PLACEMENT_3D('',#6836,#5568,#5569);
#5107=AXIS2_PLACEMENT_3D('',#6837,#5570,#5571);
#5108=AXIS2_PLACEMENT_3D('',#6846,#5576,#5577);
#5109=AXIS2_PLACEMENT_3D('',#6848,#5578,#5579);
#5110=AXIS2_PLACEMENT_3D('',#6851,#5581,#5582);
#5111=AXIS2_PLACEMENT_3D('',#6852,#5583,#5584);
#5112=AXIS2_PLACEMENT_3D('',#6858,#5588,#5589);
#5113=AXIS2_PLACEMENT_3D('',#6859,#5590,#5591);
#5114=AXIS2_PLACEMENT_3D('',#6860,#5592,#5593);
#5115=AXIS2_PLACEMENT_3D('',#6861,#5594,#5595);
#5116=AXIS2_PLACEMENT_3D('',#6863,#5596,#5597);
#5117=AXIS2_PLACEMENT_3D('',#6865,#5598,#5599);
#5118=AXIS2_PLACEMENT_3D('',#6867,#5601,#5602);
#5119=AXIS2_PLACEMENT_3D('',#6874,#5607,#5608);
#5120=AXIS2_PLACEMENT_3D('',#6875,#5609,#5610);
#5121=AXIS2_PLACEMENT_3D('',#6876,#5611,#5612);
#5122=AXIS2_PLACEMENT_3D('',#6877,#5613,#5614);
#5123=AXIS2_PLACEMENT_3D('',#6881,#5617,#5618);
#5124=AXIS2_PLACEMENT_3D('',#6883,#5619,#5620);
#5125=AXIS2_PLACEMENT_3D('',#6886,#5622,#5623);
#5126=AXIS2_PLACEMENT_3D('',#6887,#5624,#5625);
#5127=AXIS2_PLACEMENT_3D('',#6896,#5630,#5631);
#5128=AXIS2_PLACEMENT_3D('',#6898,#5632,#5633);
#5129=AXIS2_PLACEMENT_3D('',#6901,#5635,#5636);
#5130=AXIS2_PLACEMENT_3D('',#6902,#5637,#5638);
#5131=AXIS2_PLACEMENT_3D('',#6908,#5642,#5643);
#5132=AXIS2_PLACEMENT_3D('',#6910,#5644,#5645);
#5133=AXIS2_PLACEMENT_3D('',#6913,#5647,#5648);
#5134=AXIS2_PLACEMENT_3D('',#6914,#5649,#5650);
#5135=AXIS2_PLACEMENT_3D('',#6916,#5651,#5652);
#5136=AXIS2_PLACEMENT_3D('',#6918,#5653,#5654);
#5137=AXIS2_PLACEMENT_3D('',#6920,#5656,#5657);
#5138=AXIS2_PLACEMENT_3D('',#6926,#5661,#5662);
#5139=AXIS2_PLACEMENT_3D('',#6928,#5663,#5664);
#5140=AXIS2_PLACEMENT_3D('',#6930,#5665,#5666);
#5141=AXIS2_PLACEMENT_3D('',#6932,#5668,#5669);
#5142=AXIS2_PLACEMENT_3D('',#6935,#5672,#5673);
#5143=AXIS2_PLACEMENT_3D('',#6936,#5674,#5675);
#5144=AXIS2_PLACEMENT_3D('',#6942,#5679,#5680);
#5145=AXIS2_PLACEMENT_3D('',#6944,#5681,#5682);
#5146=AXIS2_PLACEMENT_3D('',#6946,#5684,#5685);
#5147=AXIS2_PLACEMENT_3D('',#6950,#5688,#5689);
#5148=AXIS2_PLACEMENT_3D('',#6951,#5690,#5691);
#5149=AXIS2_PLACEMENT_3D('',#6952,#5692,#5693);
#5150=AXIS2_PLACEMENT_3D('',#6953,#5694,#5695);
#5151=AXIS2_PLACEMENT_3D('',#6954,#5696,#5697);
#5152=AXIS2_PLACEMENT_3D('',#6960,#5701,#5702);
#5153=AXIS2_PLACEMENT_3D('',#6962,#5703,#5704);
#5154=AXIS2_PLACEMENT_3D('',#6964,#5706,#5707);
#5155=AXIS2_PLACEMENT_3D('',#6968,#5710,#5711);
#5156=AXIS2_PLACEMENT_3D('',#6970,#5712,#5713);
#5157=AXIS2_PLACEMENT_3D('',#6972,#5715,#5716);
#5158=AXIS2_PLACEMENT_3D('',#6976,#5719,#5720);
#5159=AXIS2_PLACEMENT_3D('',#6978,#5721,#5722);
#5160=AXIS2_PLACEMENT_3D('',#6980,#5724,#5725);
#5161=AXIS2_PLACEMENT_3D('',#6984,#5728,#5729);
#5162=AXIS2_PLACEMENT_3D('',#6985,#5730,#5731);
#5163=AXIS2_PLACEMENT_3D('',#6986,#5732,#5733);
#5164=AXIS2_PLACEMENT_3D('',#6992,#5737,#5738);
#5165=AXIS2_PLACEMENT_3D('',#6994,#5739,#5740);
#5166=AXIS2_PLACEMENT_3D('',#6996,#5742,#5743);
#5167=AXIS2_PLACEMENT_3D('',#7000,#5746,#5747);
#5168=AXIS2_PLACEMENT_3D('',#7002,#5748,#5749);
#5169=AXIS2_PLACEMENT_3D('',#7004,#5751,#5752);
#5170=AXIS2_PLACEMENT_3D('',#7008,#5755,#5756);
#5171=AXIS2_PLACEMENT_3D('',#7010,#5757,#5758);
#5172=AXIS2_PLACEMENT_3D('',#7012,#5760,#5761);
#5173=AXIS2_PLACEMENT_3D('',#7016,#5764,#5765);
#5174=AXIS2_PLACEMENT_3D('',#7018,#5766,#5767);
#5175=AXIS2_PLACEMENT_3D('',#7020,#5769,#5770);
#5176=AXIS2_PLACEMENT_3D('',#7024,#5773,#5774);
#5177=AXIS2_PLACEMENT_3D('',#7026,#5775,#5776);
#5178=AXIS2_PLACEMENT_3D('',#7028,#5778,#5779);
#5179=AXIS2_PLACEMENT_3D('',#7032,#5782,#5783);
#5180=AXIS2_PLACEMENT_3D('',#7033,#5784,#5785);
#5181=AXIS2_PLACEMENT_3D('',#7034,#5786,#5787);
#5182=AXIS2_PLACEMENT_3D('',#7035,#5788,#5789);
#5183=AXIS2_PLACEMENT_3D('',#7036,#5790,#5791);
#5184=AXIS2_PLACEMENT_3D('',#7038,#5792,#5793);
#5185=AXIS2_PLACEMENT_3D('',#7041,#5795,#5796);
#5186=AXIS2_PLACEMENT_3D('',#7042,#5797,#5798);
#5187=AXIS2_PLACEMENT_3D('',#7044,#5799,#5800);
#5188=AXIS2_PLACEMENT_3D('',#7047,#5802,#5803);
#5189=AXIS2_PLACEMENT_3D('',#7048,#5804,#5805);
#5190=AXIS2_PLACEMENT_3D('',#7050,#5806,#5807);
#5191=AXIS2_PLACEMENT_3D('',#7053,#5809,#5810);
#5192=AXIS2_PLACEMENT_3D('',#7054,#5811,#5812);
#5193=AXIS2_PLACEMENT_3D('',#7056,#5813,#5814);
#5194=AXIS2_PLACEMENT_3D('',#7059,#5816,#5817);
#5195=AXIS2_PLACEMENT_3D('',#7060,#5818,#5819);
#5196=AXIS2_PLACEMENT_3D('',#7062,#5820,#5821);
#5197=AXIS2_PLACEMENT_3D('',#7065,#5823,#5824);
#5198=AXIS2_PLACEMENT_3D('',#7066,#5825,#5826);
#5199=AXIS2_PLACEMENT_3D('',#7075,#5831,#5832);
#5200=AXIS2_PLACEMENT_3D('',#7077,#5833,#5834);
#5201=AXIS2_PLACEMENT_3D('',#7080,#5836,#5837);
#5202=AXIS2_PLACEMENT_3D('',#7081,#5838,#5839);
#5203=AXIS2_PLACEMENT_3D('',#7087,#5843,#5844);
#5204=AXIS2_PLACEMENT_3D('',#7089,#5845,#5846);
#5205=AXIS2_PLACEMENT_3D('',#7092,#5848,#5849);
#5206=AXIS2_PLACEMENT_3D('',#7093,#5850,#5851);
#5207=AXIS2_PLACEMENT_3D('',#7095,#5852,#5853);
#5208=AXIS2_PLACEMENT_3D('',#7097,#5854,#5855);
#5209=AXIS2_PLACEMENT_3D('',#7099,#5857,#5858);
#5210=AXIS2_PLACEMENT_3D('',#7103,#5860,#5861);
#5211=AXIS2_PLACEMENT_3D('',#7105,#5863,#5864);
#5212=AXIS2_PLACEMENT_3D('',#7113,#5869,#5870);
#5213=AXIS2_PLACEMENT_3D('',#7116,#5872,#5873);
#5214=AXIS2_PLACEMENT_3D('',#7117,#5874,#5875);
#5215=AXIS2_PLACEMENT_3D('',#7123,#5879,#5880);
#5216=AXIS2_PLACEMENT_3D('',#7125,#5881,#5882);
#5217=AXIS2_PLACEMENT_3D('',#7128,#5884,#5885);
#5218=AXIS2_PLACEMENT_3D('',#7129,#5886,#5887);
#5219=AXIS2_PLACEMENT_3D('',#7132,#5888,#5889);
#5220=AXIS2_PLACEMENT_3D('',#7136,#5891,#5892);
#5221=AXIS2_PLACEMENT_3D('',#7138,#5894,#5895);
#5222=AXIS2_PLACEMENT_3D('',#7144,#5899,#5900);
#5223=AXIS2_PLACEMENT_3D('',#7146,#5901,#5902);
#5224=AXIS2_PLACEMENT_3D('',#7149,#5904,#5905);
#5225=AXIS2_PLACEMENT_3D('',#7150,#5906,#5907);
#5226=AXIS2_PLACEMENT_3D('',#7156,#5911,#5912);
#5227=AXIS2_PLACEMENT_3D('',#7162,#5916,#5917);
#5228=AXIS2_PLACEMENT_3D('',#7164,#5918,#5919);
#5229=AXIS2_PLACEMENT_3D('',#7166,#5920,#5921);
#5230=AXIS2_PLACEMENT_3D('',#7168,#5923,#5924);
#5231=AXIS2_PLACEMENT_3D('',#7174,#5928,#5929);
#5232=AXIS2_PLACEMENT_3D('',#7175,#5930,#5931);
#5233=AXIS2_PLACEMENT_3D('',#7176,#5932,#5933);
#5234=AXIS2_PLACEMENT_3D('',#7177,#5934,#5935);
#5235=AXIS2_PLACEMENT_3D('',#7178,#5936,#5937);
#5236=AXIS2_PLACEMENT_3D('',#7183,#5939,#5940);
#5237=AXIS2_PLACEMENT_3D('',#7187,#5942,#5943);
#5238=AXIS2_PLACEMENT_3D('',#7191,#5945,#5946);
#5239=AXIS2_PLACEMENT_3D('',#7195,#5948,#5949);
#5240=AXIS2_PLACEMENT_3D('',#7199,#5951,#5952);
#5241=AXIS2_PLACEMENT_3D('',#7202,#5954,#5955);
#5242=AXIS2_PLACEMENT_3D('',#7206,#5957,#5958);
#5243=AXIS2_PLACEMENT_3D('',#7210,#5960,#5961);
#5244=AXIS2_PLACEMENT_3D('',#7214,#5963,#5964);
#5245=AXIS2_PLACEMENT_3D('',#7218,#5966,#5967);
#5246=AXIS2_PLACEMENT_3D('',#7222,#5969,#5970);
#5247=AXIS2_PLACEMENT_3D('',#7226,#5972,#5973);
#5248=AXIS2_PLACEMENT_3D('',#7230,#5975,#5976);
#5249=AXIS2_PLACEMENT_3D('',#7232,#5978,#5979);
#5250=AXIS2_PLACEMENT_3D('',#7235,#5980,#5981);
#5251=AXIS2_PLACEMENT_3D('',#7238,#5984,#5985);
#5252=AXIS2_PLACEMENT_3D('',#7242,#5988,#5989);
#5253=AXIS2_PLACEMENT_3D('',#7244,#5990,#5991);
#5254=AXIS2_PLACEMENT_3D('',#7246,#5993,#5994);
#5255=AXIS2_PLACEMENT_3D('',#7248,#5996,#5997);
#5256=AXIS2_PLACEMENT_3D('',#7252,#6000,#6001);
#5257=AXIS2_PLACEMENT_3D('',#7254,#6002,#6003);
#5258=AXIS2_PLACEMENT_3D('',#7256,#6005,#6006);
#5259=AXIS2_PLACEMENT_3D('',#7258,#6008,#6009);
#5260=AXIS2_PLACEMENT_3D('',#7261,#6010,#6011);
#5261=AXIS2_PLACEMENT_3D('',#7264,#6014,#6015);
#5262=AXIS2_PLACEMENT_3D('',#7268,#6018,#6019);
#5263=AXIS2_PLACEMENT_3D('',#7270,#6020,#6021);
#5264=AXIS2_PLACEMENT_3D('',#7272,#6023,#6024);
#5265=AXIS2_PLACEMENT_3D('',#7276,#6027,#6028);
#5266=AXIS2_PLACEMENT_3D('',#7278,#6029,#6030);
#5267=AXIS2_PLACEMENT_3D('',#7280,#6032,#6033);
#5268=AXIS2_PLACEMENT_3D('',#7284,#6036,#6037);
#5269=AXIS2_PLACEMENT_3D('',#7286,#6038,#6039);
#5270=AXIS2_PLACEMENT_3D('',#7288,#6041,#6042);
#5271=AXIS2_PLACEMENT_3D('',#7290,#6044,#6045);
#5272=AXIS2_PLACEMENT_3D('',#7294,#6047,#6048);
#5273=AXIS2_PLACEMENT_3D('',#7296,#6050,#6051);
#5274=AXIS2_PLACEMENT_3D('',#7300,#6054,#6055);
#5275=AXIS2_PLACEMENT_3D('',#7302,#6056,#6057);
#5276=AXIS2_PLACEMENT_3D('',#7304,#6059,#6060);
#5277=AXIS2_PLACEMENT_3D('',#7308,#6063,#6064);
#5278=AXIS2_PLACEMENT_3D('',#7310,#6065,#6066);
#5279=AXIS2_PLACEMENT_3D('',#7312,#6068,#6069);
#5280=AXIS2_PLACEMENT_3D('',#7316,#6072,#6073);
#5281=AXIS2_PLACEMENT_3D('',#7318,#6074,#6075);
#5282=AXIS2_PLACEMENT_3D('',#7320,#6077,#6078);
#5283=AXIS2_PLACEMENT_3D('',#7324,#6081,#6082);
#5284=AXIS2_PLACEMENT_3D('',#7326,#6083,#6084);
#5285=AXIS2_PLACEMENT_3D('',#7328,#6086,#6087);
#5286=AXIS2_PLACEMENT_3D('',#7332,#6090,#6091);
#5287=AXIS2_PLACEMENT_3D('',#7334,#6092,#6093);
#5288=AXIS2_PLACEMENT_3D('',#7336,#6095,#6096);
#5289=AXIS2_PLACEMENT_3D('',#7338,#6098,#6099);
#5290=AXIS2_PLACEMENT_3D('',#7339,#6100,#6101);
#5291=AXIS2_PLACEMENT_3D('',#7340,#6102,#6103);
#5292=AXIS2_PLACEMENT_3D('',#7349,#6108,#6109);
#5293=AXIS2_PLACEMENT_3D('',#7356,#6113,#6114);
#5294=AXIS2_PLACEMENT_3D('',#7357,#6115,#6116);
#5295=AXIS2_PLACEMENT_3D('',#7363,#6120,#6121);
#5296=AXIS2_PLACEMENT_3D('',#7367,#6124,#6125);
#5297=AXIS2_PLACEMENT_3D('',#7368,#6126,#6127);
#5298=AXIS2_PLACEMENT_3D('',#7369,#6128,#6129);
#5299=AXIS2_PLACEMENT_3D('',#7378,#6134,#6135);
#5300=AXIS2_PLACEMENT_3D('',#7385,#6139,#6140);
#5301=AXIS2_PLACEMENT_3D('',#7386,#6141,#6142);
#5302=AXIS2_PLACEMENT_3D('',#7392,#6146,#6147);
#5303=AXIS2_PLACEMENT_3D('',#7396,#6150,#6151);
#5304=AXIS2_PLACEMENT_3D('',#7397,#6152,#6153);
#5305=AXIS2_PLACEMENT_3D('',#7398,#6154,#6155);
#5306=AXIS2_PLACEMENT_3D('',#7400,#6156,#6157);
#5307=AXIS2_PLACEMENT_3D('',#7402,#6159,#6160);
#5308=AXIS2_PLACEMENT_3D('',#7404,#6161,#6162);
#5309=AXIS2_PLACEMENT_3D('',#7406,#6164,#6165);
#5310=AXIS2_PLACEMENT_3D('',#7407,#6166,#6167);
#5311=AXIS2_PLACEMENT_3D('',#7410,#6169,#6170);
#5312=AXIS2_PLACEMENT_3D('',#7411,#6171,#6172);
#5313=AXIS2_PLACEMENT_3D('',#7412,#6173,#6174);
#5314=AXIS2_PLACEMENT_3D('',#7415,#6176,#6177);
#5315=AXIS2_PLACEMENT_3D('',#7416,#6178,#6179);
#5316=AXIS2_PLACEMENT_3D('',#7425,#6184,#6185);
#5317=AXIS2_PLACEMENT_3D('',#7432,#6189,#6190);
#5318=AXIS2_PLACEMENT_3D('',#7433,#6191,#6192);
#5319=AXIS2_PLACEMENT_3D('',#7439,#6196,#6197);
#5320=AXIS2_PLACEMENT_3D('',#7443,#6200,#6201);
#5321=AXIS2_PLACEMENT_3D('',#7444,#6202,#6203);
#5322=AXIS2_PLACEMENT_3D('',#7445,#6204,#6205);
#5323=AXIS2_PLACEMENT_3D('',#7454,#6210,#6211);
#5324=AXIS2_PLACEMENT_3D('',#7461,#6215,#6216);
#5325=AXIS2_PLACEMENT_3D('',#7462,#6217,#6218);
#5326=AXIS2_PLACEMENT_3D('',#7468,#6222,#6223);
#5327=AXIS2_PLACEMENT_3D('',#7472,#6226,#6227);
#5328=AXIS2_PLACEMENT_3D('',#7473,#6228,#6229);
#5329=AXIS2_PLACEMENT_3D('',#7474,#6230,#6231);
#5330=AXIS2_PLACEMENT_3D('',#7476,#6232,#6233);
#5331=AXIS2_PLACEMENT_3D('',#7478,#6235,#6236);
#5332=AXIS2_PLACEMENT_3D('',#7480,#6237,#6238);
#5333=AXIS2_PLACEMENT_3D('',#7482,#6240,#6241);
#5334=AXIS2_PLACEMENT_3D('',#7485,#6243,#6244);
#5335=AXIS2_PLACEMENT_3D('',#7486,#6245,#6246);
#5336=AXIS2_PLACEMENT_3D('',#7487,#6247,#6248);
#5337=AXIS2_PLACEMENT_3D('',#7490,#6250,#6251);
#5338=AXIS2_PLACEMENT_3D('',#7491,#6252,#6253);
#5339=AXIS2_PLACEMENT_3D('',#7492,#6254,#6255);
#5340=AXIS2_PLACEMENT_3D('',#7494,#6256,#6257);
#5341=AXIS2_PLACEMENT_3D('',#7754,#6262,#6263);
#5342=AXIS2_PLACEMENT_3D('',#7756,#6264,#6265);
#5343=AXIS2_PLACEMENT_3D('',#7759,#6267,#6268);
#5344=AXIS2_PLACEMENT_3D('',#7760,#6269,#6270);
#5345=AXIS2_PLACEMENT_3D('',#7761,#6271,#6272);
#5346=AXIS2_PLACEMENT_3D('',#7787,#6276,#6277);
#5347=AXIS2_PLACEMENT_3D('',#7804,#6287,#6288);
#5348=AXIS2_PLACEMENT_3D('',#7823,#6299,#6300);
#5349=AXIS2_PLACEMENT_3D('',#8487,#6302,#6303);
#5350=AXIS2_PLACEMENT_3D('',#8489,#6304,#6305);
#5351=AXIS2_PLACEMENT_3D('',#8700,#6309,#6310);
#5352=AXIS2_PLACEMENT_3D('',#8702,#6311,#6312);
#5353=AXIS2_PLACEMENT_3D('',#8705,#6314,#6315);
#5354=AXIS2_PLACEMENT_3D('',#8706,#6316,#6317);
#5355=AXIS2_PLACEMENT_3D('',#8707,#6318,#6319);
#5356=AXIS2_PLACEMENT_3D('',#8733,#6323,#6324);
#5357=AXIS2_PLACEMENT_3D('',#8750,#6334,#6335);
#5358=AXIS2_PLACEMENT_3D('',#8767,#6345,#6346);
#5359=AXIS2_PLACEMENT_3D('',#9376,#6348,#6349);
#5360=AXIS2_PLACEMENT_3D('',#9379,#6350,#6351);
#5361=AXIS2_PLACEMENT_3D('',#9383,#6353,#6354);
#5362=AXIS2_PLACEMENT_3D('',#9385,#6356,#6357);
#5363=AXIS2_PLACEMENT_3D('',#9391,#6361,#6362);
#5364=AXIS2_PLACEMENT_3D('',#9393,#6363,#6364);
#5365=AXIS2_PLACEMENT_3D('',#9395,#6365,#6366);
#5366=AXIS2_PLACEMENT_3D('',#9397,#6368,#6369);
#5367=AXIS2_PLACEMENT_3D('',#9403,#6373,#6374);
#5368=AXIS2_PLACEMENT_3D('',#9405,#6375,#6376);
#5369=AXIS2_PLACEMENT_3D('',#9407,#6377,#6378);
#5370=AXIS2_PLACEMENT_3D('',#9409,#6380,#6381);
#5371=AXIS2_PLACEMENT_3D('',#9415,#6385,#6386);
#5372=AXIS2_PLACEMENT_3D('',#9417,#6387,#6388);
#5373=AXIS2_PLACEMENT_3D('',#9419,#6389,#6390);
#5374=AXIS2_PLACEMENT_3D('',#9421,#6392,#6393);
#5375=AXIS2_PLACEMENT_3D('',#9424,#6396,#6397);
#5376=AXIS2_PLACEMENT_3D('',#9425,#6398,#6399);
#5377=AXIS2_PLACEMENT_3D('',#9426,#6400,#6401);
#5378=AXIS2_PLACEMENT_3D('',#9427,#6402,#6403);
#5379=AXIS2_PLACEMENT_3D('',#9436,#6408,#6409);
#5380=AXIS2_PLACEMENT_3D('',#9443,#6413,#6414);
#5381=AXIS2_PLACEMENT_3D('',#9444,#6415,#6416);
#5382=AXIS2_PLACEMENT_3D('',#9450,#6420,#6421);
#5383=AXIS2_PLACEMENT_3D('',#9454,#6424,#6425);
#5384=AXIS2_PLACEMENT_3D('',#9455,#6426,#6427);
#5385=AXIS2_PLACEMENT_3D('',#9456,#6428,#6429);
#5386=AXIS2_PLACEMENT_3D('',#9465,#6434,#6435);
#5387=AXIS2_PLACEMENT_3D('',#9472,#6439,#6440);
#5388=AXIS2_PLACEMENT_3D('',#9473,#6441,#6442);
#5389=AXIS2_PLACEMENT_3D('',#9479,#6446,#6447);
#5390=AXIS2_PLACEMENT_3D('',#9483,#6450,#6451);
#5391=AXIS2_PLACEMENT_3D('',#9484,#6452,#6453);
#5392=AXIS2_PLACEMENT_3D('',#9485,#6454,#6455);
#5393=AXIS2_PLACEMENT_3D('',#9487,#6456,#6457);
#5394=AXIS2_PLACEMENT_3D('',#9489,#6459,#6460);
#5395=AXIS2_PLACEMENT_3D('',#9491,#6461,#6462);
#5396=AXIS2_PLACEMENT_3D('',#9493,#6464,#6465);
#5397=AXIS2_PLACEMENT_3D('',#9494,#6466,#6467);
#5398=AXIS2_PLACEMENT_3D('',#9497,#6469,#6470);
#5399=AXIS2_PLACEMENT_3D('',#9498,#6471,#6472);
#5400=AXIS2_PLACEMENT_3D('',#9499,#6473,#6474);
#5401=AXIS2_PLACEMENT_3D('',#9502,#6476,#6477);
#5402=AXIS2_PLACEMENT_3D('',#9503,#6478,#6479);
#5403=AXIS2_PLACEMENT_3D('',#9512,#6484,#6485);
#5404=AXIS2_PLACEMENT_3D('',#9519,#6489,#6490);
#5405=AXIS2_PLACEMENT_3D('',#9520,#6491,#6492);
#5406=AXIS2_PLACEMENT_3D('',#9526,#6496,#6497);
#5407=AXIS2_PLACEMENT_3D('',#9530,#6500,#6501);
#5408=AXIS2_PLACEMENT_3D('',#9531,#6502,#6503);
#5409=AXIS2_PLACEMENT_3D('',#9532,#6504,#6505);
#5410=AXIS2_PLACEMENT_3D('',#9541,#6510,#6511);
#5411=AXIS2_PLACEMENT_3D('',#9548,#6515,#6516);
#5412=AXIS2_PLACEMENT_3D('',#9549,#6517,#6518);
#5413=AXIS2_PLACEMENT_3D('',#9555,#6522,#6523);
#5414=AXIS2_PLACEMENT_3D('',#9559,#6526,#6527);
#5415=AXIS2_PLACEMENT_3D('',#9560,#6528,#6529);
#5416=AXIS2_PLACEMENT_3D('',#9561,#6530,#6531);
#5417=AXIS2_PLACEMENT_3D('',#9563,#6532,#6533);
#5418=AXIS2_PLACEMENT_3D('',#9565,#6535,#6536);
#5419=AXIS2_PLACEMENT_3D('',#9567,#6537,#6538);
#5420=AXIS2_PLACEMENT_3D('',#9569,#6540,#6541);
#5421=AXIS2_PLACEMENT_3D('',#9572,#6543,#6544);
#5422=AXIS2_PLACEMENT_3D('',#9573,#6545,#6546);
#5423=AXIS2_PLACEMENT_3D('',#9574,#6547,#6548);
#5424=AXIS2_PLACEMENT_3D('',#9577,#6550,#6551);
#5425=AXIS2_PLACEMENT_3D('',#9578,#6552,#6553);
#5426=AXIS2_PLACEMENT_3D('',#9579,#6554,#6555);
#5427=AXIS2_PLACEMENT_3D('',#9581,#6556,#6557);
#5428=AXIS2_PLACEMENT_3D('',#10002,#6564,#6565);
#5429=AXIS2_PLACEMENT_3D('',#10004,#6566,#6567);
#5430=AXIS2_PLACEMENT_3D('',#10007,#6569,#6570);
#5431=AXIS2_PLACEMENT_3D('',#10008,#6571,#6572);
#5432=AXIS2_PLACEMENT_3D('',#10009,#6573,#6574);
#5433=AXIS2_PLACEMENT_3D('',#10035,#6578,#6579);
#5434=AXIS2_PLACEMENT_3D('',#10054,#6590,#6591);
#5435=AXIS2_PLACEMENT_3D('',#10079,#6605,#6606);
#5436=AXIS2_PLACEMENT_3D('',#10936,#6608,#6609);
#5437=AXIS2_PLACEMENT_3D('',#10938,#6610,#6611);
#5438=AXIS2_PLACEMENT_3D('',#11200,#6616,#6617);
#5439=AXIS2_PLACEMENT_3D('',#11202,#6618,#6619);
#5440=AXIS2_PLACEMENT_3D('',#11205,#6621,#6622);
#5441=AXIS2_PLACEMENT_3D('',#11206,#6623,#6624);
#5442=AXIS2_PLACEMENT_3D('',#11207,#6625,#6626);
#5443=AXIS2_PLACEMENT_3D('',#11233,#6630,#6631);
#5444=AXIS2_PLACEMENT_3D('',#11252,#6642,#6643);
#5445=AXIS2_PLACEMENT_3D('',#11273,#6655,#6656);
#5446=AXIS2_PLACEMENT_3D('',#12036,#6658,#6659);
#5447=AXIS2_PLACEMENT_3D('',#12039,#6660,#6661);
#5448=AXIS2_PLACEMENT_3D('',#12043,#6663,#6664);
#5449=AXIS2_PLACEMENT_3D('',#12045,#6666,#6667);
#5450=AXIS2_PLACEMENT_3D('',#12051,#6671,#6672);
#5451=AXIS2_PLACEMENT_3D('',#12053,#6673,#6674);
#5452=AXIS2_PLACEMENT_3D('',#12055,#6675,#6676);
#5453=AXIS2_PLACEMENT_3D('',#12057,#6678,#6679);
#5454=AXIS2_PLACEMENT_3D('',#12063,#6683,#6684);
#5455=AXIS2_PLACEMENT_3D('',#12065,#6685,#6686);
#5456=AXIS2_PLACEMENT_3D('',#12067,#6687,#6688);
#5457=AXIS2_PLACEMENT_3D('',#12069,#6690,#6691);
#5458=AXIS2_PLACEMENT_3D('',#12075,#6695,#6696);
#5459=AXIS2_PLACEMENT_3D('',#12077,#6697,#6698);
#5460=AXIS2_PLACEMENT_3D('',#12079,#6699,#6700);
#5461=AXIS2_PLACEMENT_3D('',#12081,#6702,#6703);
#5462=AXIS2_PLACEMENT_3D('',#12084,#6706,#6707);
#5463=AXIS2_PLACEMENT_3D('',#12085,#6708,#6709);
#5464=AXIS2_PLACEMENT_3D('',#12086,#6710,#6711);
#5465=AXIS2_PLACEMENT_3D('',#12087,#6712,#6713);
#5466=AXIS2_PLACEMENT_3D('',#12088,#6714,#6715);
#5467=AXIS2_PLACEMENT_3D('',#12089,#6716,#6717);
#5468=AXIS2_PLACEMENT_3D('',#12090,#6718,#6719);
#5469=AXIS2_PLACEMENT_3D('',#12091,#6720,#6721);
#5470=AXIS2_PLACEMENT_3D('',#12092,#6722,#6723);
#5471=AXIS2_PLACEMENT_3D('',#12093,#6724,#6725);
#5472=AXIS2_PLACEMENT_3D('',#12094,#6726,#6727);
#5473=AXIS2_PLACEMENT_3D('',#12095,#6728,#6729);
#5474=DIRECTION('axis',(0.,0.,1.));
#5475=DIRECTION('refdir',(1.,0.,0.));
#5476=DIRECTION('axis',(0.,0.,1.));
#5477=DIRECTION('refdir',(1.,0.,0.));
#5478=DIRECTION('center_axis',(0.,0.,1.));
#5479=DIRECTION('ref_axis',(1.,0.,0.));
#5480=DIRECTION('center_axis',(0.,0.,1.));
#5481=DIRECTION('ref_axis',(0.358367949545398,0.933580426497164,0.));
#5482=DIRECTION('',(0.933580426497202,-0.3583679495453,0.));
#5483=DIRECTION('center_axis',(0.,0.,1.));
#5484=DIRECTION('ref_axis',(0.933580426497227,-0.358367949545236,0.));
#5485=DIRECTION('',(-0.3583679495453,-0.933580426497202,0.));
#5486=DIRECTION('center_axis',(0.,0.,1.));
#5487=DIRECTION('ref_axis',(-0.239836082668323,-0.970813397852704,0.));
#5488=DIRECTION('',(-0.970813397852706,0.239836082668315,0.));
#5489=DIRECTION('center_axis',(0.,0.,1.));
#5490=DIRECTION('ref_axis',(-1.,-5.92118946466745E-15,0.));
#5491=DIRECTION('',(0.,1.,0.));
#5492=DIRECTION('center_axis',(0.,0.,1.));
#5493=DIRECTION('ref_axis',(-1.18423789293348E-14,1.,0.));
#5494=DIRECTION('',(1.,0.,0.));
#5495=DIRECTION('center_axis',(0.,0.,1.));
#5496=DIRECTION('ref_axis',(0.195235967710529,0.980756298431029,0.));
#5497=DIRECTION('',(0.98075629843104,-0.195235967710474,0.));
#5498=DIRECTION('center_axis',(0.,0.,1.));
#5499=DIRECTION('ref_axis',(1.,0.,0.));
#5500=DIRECTION('center_axis',(0.,0.,1.));
#5501=DIRECTION('ref_axis',(1.,0.,0.));
#5502=DIRECTION('center_axis',(0.,0.,1.));
#5503=DIRECTION('ref_axis',(1.,0.,0.));
#5504=DIRECTION('center_axis',(0.,0.,1.));
#5505=DIRECTION('ref_axis',(1.,0.,0.));
#5506=DIRECTION('',(-0.358367949545302,-0.933580426497201,0.));
#5507=DIRECTION('center_axis',(0.,0.,1.));
#5508=DIRECTION('ref_axis',(0.358367949545329,0.933580426497191,0.));
#5509=DIRECTION('',(-0.933580426497202,0.3583679495453,0.));
#5510=DIRECTION('',(0.3583679495453,0.933580426497202,0.));
#5511=DIRECTION('center_axis',(0.,0.,1.));
#5512=DIRECTION('ref_axis',(0.933580426497203,-0.358367949545297,0.));
#5513=DIRECTION('',(-0.808192725067312,-0.588918092053787,0.));
#5514=DIRECTION('center_axis',(0.,0.,1.));
#5515=DIRECTION('ref_axis',(-0.588918092053708,0.808192725067369,0.));
#5516=DIRECTION('',(0.,-1.,0.));
#5517=DIRECTION('center_axis',(0.,0.,1.));
#5518=DIRECTION('ref_axis',(-1.,0.,0.));
#5519=DIRECTION('',(0.970813397852706,-0.239836082668315,0.));
#5520=DIRECTION('',(0.808192725067312,0.588918092053787,0.));
#5521=DIRECTION('center_axis',(0.,0.,1.));
#5522=DIRECTION('ref_axis',(0.588918092053782,-0.808192725067315,0.));
#5523=DIRECTION('',(-0.98075629843104,0.195235967710474,0.));
#5524=DIRECTION('center_axis',(0.,0.,1.));
#5525=DIRECTION('ref_axis',(0.195235967710512,0.980756298431032,0.));
#5526=DIRECTION('',(-1.,0.,0.));
#5527=DIRECTION('center_axis',(0.,0.,1.));
#5528=DIRECTION('ref_axis',(2.24764711047904E-13,1.,0.));
#5529=DIRECTION('',(0.,-1.,0.));
#5530=DIRECTION('center_axis',(0.,0.,1.));
#5531=DIRECTION('ref_axis',(-1.,0.,0.));
#5532=DIRECTION('center_axis',(0.933580426497202,-0.3583679495453,0.));
#5533=DIRECTION('ref_axis',(0.3583679495453,0.933580426497202,0.));
#5534=DIRECTION('',(0.,0.,1.));
#5535=DIRECTION('',(-0.3583679495453,-0.933580426497202,0.));
#5536=DIRECTION('',(0.,0.,1.));
#5537=DIRECTION('center_axis',(0.3583679495453,0.933580426497202,0.));
#5538=DIRECTION('ref_axis',(-0.933580426497202,0.3583679495453,0.));
#5539=DIRECTION('',(0.,0.,1.));
#5540=DIRECTION('',(-0.933580426497202,0.3583679495453,0.));
#5541=DIRECTION('',(0.,0.,1.));
#5542=DIRECTION('',(0.933580426497202,-0.3583679495453,0.));
#5543=DIRECTION('center_axis',(0.,0.,1.));
#5544=DIRECTION('ref_axis',(1.,0.,0.));
#5545=DIRECTION('',(0.,0.,1.));
#5546=DIRECTION('center_axis',(0.,0.,-1.));
#5547=DIRECTION('ref_axis',(1.,0.,0.));
#5548=DIRECTION('center_axis',(0.,0.,1.));
#5549=DIRECTION('ref_axis',(1.,0.,0.));
#5550=DIRECTION('',(0.,0.,1.));
#5551=DIRECTION('center_axis',(0.,0.,-1.));
#5552=DIRECTION('ref_axis',(1.,0.,0.));
#5553=DIRECTION('center_axis',(0.,0.,1.));
#5554=DIRECTION('ref_axis',(1.,0.,0.));
#5555=DIRECTION('',(0.,0.,1.));
#5556=DIRECTION('center_axis',(0.,0.,-1.));
#5557=DIRECTION('ref_axis',(1.,0.,0.));
#5558=DIRECTION('center_axis',(0.,0.,1.));
#5559=DIRECTION('ref_axis',(1.,0.,0.));
#5560=DIRECTION('',(0.,0.,1.));
#5561=DIRECTION('center_axis',(0.,0.,-1.));
#5562=DIRECTION('ref_axis',(1.,0.,0.));
#5563=DIRECTION('center_axis',(-0.933580426497202,0.358367949545301,0.));
#5564=DIRECTION('ref_axis',(-0.358367949545301,-0.933580426497202,0.));
#5565=DIRECTION('center_axis',(-0.933580426497201,0.358367949545302,0.));
#5566=DIRECTION('ref_axis',(-0.358367949545301,-0.933580426497202,0.));
#5567=DIRECTION('',(-0.933580426497202,0.358367949545301,0.));
#5568=DIRECTION('center_axis',(0.933580426497201,-0.358367949545302,0.));
#5569=DIRECTION('ref_axis',(-0.358367949545301,-0.933580426497202,0.));
#5570=DIRECTION('center_axis',(-0.3583679495453,-0.933580426497202,0.));
#5571=DIRECTION('ref_axis',(0.933580426497202,-0.3583679495453,0.));
#5572=DIRECTION('',(-0.933580426497202,0.3583679495453,0.));
#5573=DIRECTION('',(0.,0.,1.));
#5574=DIRECTION('',(0.933580426497202,-0.3583679495453,0.));
#5575=DIRECTION('',(0.,0.,1.));
#5576=DIRECTION('center_axis',(0.,0.,1.));
#5577=DIRECTION('ref_axis',(-0.358367949545294,-0.933580426497204,0.));
#5578=DIRECTION('center_axis',(0.,0.,-1.));
#5579=DIRECTION('ref_axis',(-0.358367949545294,-0.933580426497204,0.));
#5580=DIRECTION('',(0.,0.,1.));
#5581=DIRECTION('center_axis',(0.,0.,1.));
#5582=DIRECTION('ref_axis',(-0.358367949545294,-0.933580426497204,0.));
#5583=DIRECTION('center_axis',(0.933580426497201,-0.358367949545302,0.));
#5584=DIRECTION('ref_axis',(0.358367949545302,0.933580426497201,0.));
#5585=DIRECTION('',(-0.358367949545302,-0.933580426497201,0.));
#5586=DIRECTION('',(0.,0.,1.));
#5587=DIRECTION('',(0.358367949545302,0.933580426497201,0.));
#5588=DIRECTION('center_axis',(0.,0.,1.));
#5589=DIRECTION('ref_axis',(0.933580426497218,-0.358367949545259,0.));
#5590=DIRECTION('center_axis',(0.,0.,-1.));
#5591=DIRECTION('ref_axis',(0.933580426497218,-0.358367949545259,0.));
#5592=DIRECTION('center_axis',(0.,0.,1.));
#5593=DIRECTION('ref_axis',(0.933580426497218,-0.358367949545259,0.));
#5594=DIRECTION('center_axis',(0.,0.,1.));
#5595=DIRECTION('ref_axis',(-0.933580426497199,0.358367949545308,0.));
#5596=DIRECTION('center_axis',(0.,0.,-1.));
#5597=DIRECTION('ref_axis',(-0.933580426497199,0.358367949545308,0.));
#5598=DIRECTION('center_axis',(0.,0.,1.));
#5599=DIRECTION('ref_axis',(-0.933580426497199,0.358367949545308,0.));
#5600=DIRECTION('',(0.,0.,1.));
#5601=DIRECTION('center_axis',(-0.933580426497201,0.358367949545302,0.));
#5602=DIRECTION('ref_axis',(-0.358367949545302,-0.933580426497201,0.));
#5603=DIRECTION('',(0.358367949545302,0.933580426497201,0.));
#5604=DIRECTION('',(-0.358367949545302,-0.933580426497201,0.));
#5605=DIRECTION('',(0.,0.,1.));
#5606=DIRECTION('',(0.,0.,-1.));
#5607=DIRECTION('center_axis',(0.,0.,1.));
#5608=DIRECTION('ref_axis',(0.358367949545329,0.933580426497191,0.));
#5609=DIRECTION('center_axis',(0.,0.,1.));
#5610=DIRECTION('ref_axis',(0.358367949545329,0.933580426497191,0.));
#5611=DIRECTION('center_axis',(0.,0.,1.));
#5612=DIRECTION('ref_axis',(1.,0.,0.));
#5613=DIRECTION('center_axis',(-0.239836082668315,-0.970813397852706,0.));
#5614=DIRECTION('ref_axis',(0.970813397852706,-0.239836082668315,0.));
#5615=DIRECTION('',(0.,0.,1.));
#5616=DIRECTION('',(-0.970813397852706,0.239836082668315,0.));
#5617=DIRECTION('center_axis',(-0.933580426497201,0.358367949545301,0.));
#5618=DIRECTION('ref_axis',(-0.358367949545301,-0.933580426497201,0.));
#5619=DIRECTION('center_axis',(-0.933580426497202,0.3583679495453,0.));
#5620=DIRECTION('ref_axis',(-0.358367949545301,-0.933580426497201,0.));
#5621=DIRECTION('',(-0.933580426497201,0.358367949545301,0.));
#5622=DIRECTION('center_axis',(0.933580426497202,-0.3583679495453,0.));
#5623=DIRECTION('ref_axis',(-0.358367949545301,-0.933580426497201,0.));
#5624=DIRECTION('center_axis',(-0.358367949545301,-0.933580426497201,0.));
#5625=DIRECTION('ref_axis',(0.933580426497201,-0.358367949545301,0.));
#5626=DIRECTION('',(-0.933580426497201,0.358367949545301,0.));
#5627=DIRECTION('',(0.,0.,1.));
#5628=DIRECTION('',(0.933580426497201,-0.358367949545301,0.));
#5629=DIRECTION('',(0.,0.,1.));
#5630=DIRECTION('center_axis',(0.,0.,1.));
#5631=DIRECTION('ref_axis',(-0.358367949545262,-0.933580426497217,0.));
#5632=DIRECTION('center_axis',(0.,0.,-1.));
#5633=DIRECTION('ref_axis',(-0.358367949545262,-0.933580426497217,0.));
#5634=DIRECTION('',(0.,0.,1.));
#5635=DIRECTION('center_axis',(0.,0.,1.));
#5636=DIRECTION('ref_axis',(-0.358367949545262,-0.933580426497217,0.));
#5637=DIRECTION('center_axis',(0.933580426497202,-0.3583679495453,0.));
#5638=DIRECTION('ref_axis',(0.3583679495453,0.933580426497202,0.));
#5639=DIRECTION('',(-0.3583679495453,-0.933580426497202,0.));
#5640=DIRECTION('',(0.,0.,1.));
#5641=DIRECTION('',(0.3583679495453,0.933580426497202,0.));
#5642=DIRECTION('center_axis',(0.,0.,1.));
#5643=DIRECTION('ref_axis',(0.93358042649722,-0.358367949545254,0.));
#5644=DIRECTION('center_axis',(0.,0.,-1.));
#5645=DIRECTION('ref_axis',(0.93358042649722,-0.358367949545254,0.));
#5646=DIRECTION('',(0.,0.,1.));
#5647=DIRECTION('center_axis',(0.,0.,1.));
#5648=DIRECTION('ref_axis',(0.93358042649722,-0.358367949545254,0.));
#5649=DIRECTION('center_axis',(0.,0.,1.));
#5650=DIRECTION('ref_axis',(-0.933580426497203,0.358367949545298,0.));
#5651=DIRECTION('center_axis',(0.,0.,-1.));
#5652=DIRECTION('ref_axis',(-0.933580426497203,0.358367949545298,0.));
#5653=DIRECTION('center_axis',(0.,0.,1.));
#5654=DIRECTION('ref_axis',(-0.933580426497203,0.358367949545298,0.));
#5655=DIRECTION('',(0.,0.,1.));
#5656=DIRECTION('center_axis',(-0.933580426497202,0.3583679495453,0.));
#5657=DIRECTION('ref_axis',(-0.3583679495453,-0.933580426497202,0.));
#5658=DIRECTION('',(0.3583679495453,0.933580426497202,0.));
#5659=DIRECTION('',(-0.3583679495453,-0.933580426497202,0.));
#5660=DIRECTION('',(0.,0.,1.));
#5661=DIRECTION('center_axis',(0.,0.,1.));
#5662=DIRECTION('ref_axis',(0.358367949545355,0.933580426497181,0.));
#5663=DIRECTION('center_axis',(0.,0.,-1.));
#5664=DIRECTION('ref_axis',(0.358367949545355,0.933580426497181,0.));
#5665=DIRECTION('center_axis',(0.,0.,1.));
#5666=DIRECTION('ref_axis',(0.358367949545355,0.933580426497181,0.));
#5667=DIRECTION('',(0.,0.,1.));
#5668=DIRECTION('center_axis',(0.358367949545305,0.9335804264972,0.));
#5669=DIRECTION('ref_axis',(-0.9335804264972,0.358367949545305,0.));
#5670=DIRECTION('',(0.9335804264972,-0.358367949545305,0.));
#5671=DIRECTION('',(-0.9335804264972,0.358367949545305,0.));
#5672=DIRECTION('center_axis',(0.,0.,1.));
#5673=DIRECTION('ref_axis',(1.,0.,0.));
#5674=DIRECTION('center_axis',(-1.,0.,0.));
#5675=DIRECTION('ref_axis',(0.,-1.,0.));
#5676=DIRECTION('',(0.,1.,0.));
#5677=DIRECTION('',(0.,0.,1.));
#5678=DIRECTION('',(0.,0.,1.));
#5679=DIRECTION('center_axis',(0.,0.,1.));
#5680=DIRECTION('ref_axis',(-0.588918092053708,0.808192725067369,0.));
#5681=DIRECTION('center_axis',(0.,0.,-1.));
#5682=DIRECTION('ref_axis',(-0.588918092053708,0.808192725067369,0.));
#5683=DIRECTION('',(0.,0.,1.));
#5684=DIRECTION('center_axis',(-0.588918092053787,0.808192725067312,0.));
#5685=DIRECTION('ref_axis',(-0.808192725067312,-0.588918092053787,0.));
#5686=DIRECTION('',(0.808192725067312,0.588918092053787,0.));
#5687=DIRECTION('',(0.,0.,1.));
#5688=DIRECTION('center_axis',(0.,0.,1.));
#5689=DIRECTION('ref_axis',(0.933580426497203,-0.358367949545297,0.));
#5690=DIRECTION('center_axis',(0.,0.,-1.));
#5691=DIRECTION('ref_axis',(0.933580426497203,-0.358367949545297,0.));
#5692=DIRECTION('center_axis',(0.,0.,1.));
#5693=DIRECTION('ref_axis',(-1.,0.,0.));
#5694=DIRECTION('center_axis',(0.,0.,-1.));
#5695=DIRECTION('ref_axis',(-1.,0.,0.));
#5696=DIRECTION('center_axis',(0.,1.,0.));
#5697=DIRECTION('ref_axis',(-1.,0.,0.));
#5698=DIRECTION('',(1.,0.,0.));
#5699=DIRECTION('',(0.,0.,1.));
#5700=DIRECTION('',(0.,0.,1.));
#5701=DIRECTION('center_axis',(0.,0.,1.));
#5702=DIRECTION('ref_axis',(0.195235967710512,0.980756298431032,0.));
#5703=DIRECTION('center_axis',(0.,0.,-1.));
#5704=DIRECTION('ref_axis',(0.195235967710512,0.980756298431032,0.));
#5705=DIRECTION('',(0.,0.,1.));
#5706=DIRECTION('center_axis',(0.195235967710474,0.98075629843104,0.));
#5707=DIRECTION('ref_axis',(-0.98075629843104,0.195235967710474,0.));
#5708=DIRECTION('',(0.98075629843104,-0.195235967710474,0.));
#5709=DIRECTION('',(0.,0.,1.));
#5710=DIRECTION('center_axis',(0.,0.,1.));
#5711=DIRECTION('ref_axis',(0.588918092053782,-0.808192725067315,0.));
#5712=DIRECTION('center_axis',(0.,0.,-1.));
#5713=DIRECTION('ref_axis',(0.588918092053782,-0.808192725067315,0.));
#5714=DIRECTION('',(0.,0.,1.));
#5715=DIRECTION('center_axis',(0.588918092053787,-0.808192725067312,0.));
#5716=DIRECTION('ref_axis',(0.808192725067312,0.588918092053787,0.));
#5717=DIRECTION('',(-0.808192725067312,-0.588918092053787,0.));
#5718=DIRECTION('',(0.,0.,1.));
#5719=DIRECTION('center_axis',(0.,0.,1.));
#5720=DIRECTION('ref_axis',(-1.,0.,0.));
#5721=DIRECTION('center_axis',(0.,0.,-1.));
#5722=DIRECTION('ref_axis',(-1.,0.,0.));
#5723=DIRECTION('',(0.,0.,1.));
#5724=DIRECTION('center_axis',(-1.,0.,0.));
#5725=DIRECTION('ref_axis',(0.,-1.,0.));
#5726=DIRECTION('',(0.,1.,0.));
#5727=DIRECTION('',(0.,0.,1.));
#5728=DIRECTION('center_axis',(0.,0.,1.));
#5729=DIRECTION('ref_axis',(2.24764711047904E-13,1.,0.));
#5730=DIRECTION('center_axis',(0.,0.,-1.));
#5731=DIRECTION('ref_axis',(2.24764711047904E-13,1.,0.));
#5732=DIRECTION('center_axis',(0.3583679495453,0.933580426497202,0.));
#5733=DIRECTION('ref_axis',(-0.933580426497202,0.3583679495453,0.));
#5734=DIRECTION('',(0.,0.,1.));
#5735=DIRECTION('',(-0.933580426497202,0.3583679495453,0.));
#5736=DIRECTION('',(0.,0.,1.));
#5737=DIRECTION('center_axis',(0.,0.,1.));
#5738=DIRECTION('ref_axis',(0.933580426497227,-0.358367949545236,0.));
#5739=DIRECTION('center_axis',(0.,0.,1.));
#5740=DIRECTION('ref_axis',(0.933580426497227,-0.358367949545236,0.));
#5741=DIRECTION('',(0.,0.,1.));
#5742=DIRECTION('center_axis',(0.933580426497202,-0.3583679495453,0.));
#5743=DIRECTION('ref_axis',(0.3583679495453,0.933580426497202,0.));
#5744=DIRECTION('',(0.3583679495453,0.933580426497202,0.));
#5745=DIRECTION('',(0.,0.,1.));
#5746=DIRECTION('center_axis',(0.,0.,1.));
#5747=DIRECTION('ref_axis',(-0.239836082668323,-0.970813397852704,0.));
#5748=DIRECTION('center_axis',(0.,0.,1.));
#5749=DIRECTION('ref_axis',(-0.239836082668323,-0.970813397852704,0.));
#5750=DIRECTION('',(0.,0.,1.));
#5751=DIRECTION('center_axis',(-0.239836082668315,-0.970813397852706,0.));
#5752=DIRECTION('ref_axis',(0.970813397852706,-0.239836082668315,0.));
#5753=DIRECTION('',(0.970813397852706,-0.239836082668315,0.));
#5754=DIRECTION('',(0.,0.,1.));
#5755=DIRECTION('center_axis',(0.,0.,1.));
#5756=DIRECTION('ref_axis',(-1.,-5.92118946466745E-15,0.));
#5757=DIRECTION('center_axis',(0.,0.,1.));
#5758=DIRECTION('ref_axis',(-1.,-5.92118946466745E-15,0.));
#5759=DIRECTION('',(0.,0.,1.));
#5760=DIRECTION('center_axis',(-1.,0.,0.));
#5761=DIRECTION('ref_axis',(0.,-1.,0.));
#5762=DIRECTION('',(0.,-1.,0.));
#5763=DIRECTION('',(0.,0.,1.));
#5764=DIRECTION('center_axis',(0.,0.,1.));
#5765=DIRECTION('ref_axis',(-1.18423789293348E-14,1.,0.));
#5766=DIRECTION('center_axis',(0.,0.,1.));
#5767=DIRECTION('ref_axis',(-1.18423789293348E-14,1.,0.));
#5768=DIRECTION('',(0.,0.,1.));
#5769=DIRECTION('center_axis',(0.,1.,0.));
#5770=DIRECTION('ref_axis',(-1.,0.,0.));
#5771=DIRECTION('',(-1.,0.,0.));
#5772=DIRECTION('',(0.,0.,1.));
#5773=DIRECTION('center_axis',(0.,0.,1.));
#5774=DIRECTION('ref_axis',(0.195235967710529,0.980756298431029,0.));
#5775=DIRECTION('center_axis',(0.,0.,1.));
#5776=DIRECTION('ref_axis',(0.195235967710529,0.980756298431029,0.));
#5777=DIRECTION('',(0.,0.,1.));
#5778=DIRECTION('center_axis',(0.195235967710474,0.98075629843104,0.));
#5779=DIRECTION('ref_axis',(-0.98075629843104,0.195235967710474,0.));
#5780=DIRECTION('',(-0.98075629843104,0.195235967710474,0.));
#5781=DIRECTION('',(0.,0.,1.));
#5782=DIRECTION('center_axis',(0.,0.,1.));
#5783=DIRECTION('ref_axis',(0.358367949545398,0.933580426497164,0.));
#5784=DIRECTION('center_axis',(0.,0.,1.));
#5785=DIRECTION('ref_axis',(0.358367949545398,0.933580426497164,0.));
#5786=DIRECTION('center_axis',(0.,0.,1.));
#5787=DIRECTION('ref_axis',(1.,0.,0.));
#5788=DIRECTION('axis',(0.,0.,1.));
#5789=DIRECTION('refdir',(1.,0.,0.));
#5790=DIRECTION('center_axis',(0.,0.,1.));
#5791=DIRECTION('ref_axis',(1.,0.,0.));
#5792=DIRECTION('center_axis',(0.,0.,1.));
#5793=DIRECTION('ref_axis',(1.,0.,0.));
#5794=DIRECTION('',(0.,0.,1.));
#5795=DIRECTION('center_axis',(0.,0.,-1.));
#5796=DIRECTION('ref_axis',(1.,0.,0.));
#5797=DIRECTION('center_axis',(0.,0.,1.));
#5798=DIRECTION('ref_axis',(1.,0.,0.));
#5799=DIRECTION('center_axis',(0.,0.,1.));
#5800=DIRECTION('ref_axis',(1.,0.,0.));
#5801=DIRECTION('',(0.,0.,1.));
#5802=DIRECTION('center_axis',(0.,0.,-1.));
#5803=DIRECTION('ref_axis',(1.,0.,0.));
#5804=DIRECTION('center_axis',(0.,0.,1.));
#5805=DIRECTION('ref_axis',(1.,0.,0.));
#5806=DIRECTION('center_axis',(0.,0.,1.));
#5807=DIRECTION('ref_axis',(1.,0.,0.));
#5808=DIRECTION('',(0.,0.,1.));
#5809=DIRECTION('center_axis',(0.,0.,-1.));
#5810=DIRECTION('ref_axis',(1.,0.,0.));
#5811=DIRECTION('center_axis',(0.,0.,1.));
#5812=DIRECTION('ref_axis',(1.,0.,0.));
#5813=DIRECTION('center_axis',(0.,0.,1.));
#5814=DIRECTION('ref_axis',(1.,0.,0.));
#5815=DIRECTION('',(0.,0.,1.));
#5816=DIRECTION('center_axis',(0.,0.,-1.));
#5817=DIRECTION('ref_axis',(1.,0.,0.));
#5818=DIRECTION('center_axis',(0.933580426497202,0.358367949545301,0.));
#5819=DIRECTION('ref_axis',(-0.358367949545301,0.933580426497202,0.));
#5820=DIRECTION('center_axis',(0.933580426497201,0.358367949545302,0.));
#5821=DIRECTION('ref_axis',(-0.358367949545301,0.933580426497202,0.));
#5822=DIRECTION('',(0.933580426497202,0.358367949545301,0.));
#5823=DIRECTION('center_axis',(-0.933580426497201,-0.358367949545302,0.));
#5824=DIRECTION('ref_axis',(-0.358367949545301,0.933580426497202,0.));
#5825=DIRECTION('center_axis',(-0.933580426497201,-0.358367949545302,0.));
#5826=DIRECTION('ref_axis',(0.358367949545302,-0.933580426497201,0.));
#5827=DIRECTION('',(-0.358367949545302,0.933580426497201,0.));
#5828=DIRECTION('',(0.,0.,1.));
#5829=DIRECTION('',(0.358367949545302,-0.933580426497201,0.));
#5830=DIRECTION('',(0.,0.,1.));
#5831=DIRECTION('center_axis',(0.,0.,1.));
#5832=DIRECTION('ref_axis',(-0.933580426497204,-0.358367949545295,0.));
#5833=DIRECTION('center_axis',(0.,0.,-1.));
#5834=DIRECTION('ref_axis',(-0.933580426497204,-0.358367949545295,0.));
#5835=DIRECTION('',(0.,0.,1.));
#5836=DIRECTION('center_axis',(0.,0.,1.));
#5837=DIRECTION('ref_axis',(-0.933580426497204,-0.358367949545295,0.));
#5838=DIRECTION('center_axis',(0.3583679495453,-0.933580426497202,0.));
#5839=DIRECTION('ref_axis',(0.933580426497202,0.3583679495453,0.));
#5840=DIRECTION('',(-0.933580426497202,-0.3583679495453,0.));
#5841=DIRECTION('',(0.,0.,1.));
#5842=DIRECTION('',(0.933580426497202,0.3583679495453,0.));
#5843=DIRECTION('center_axis',(0.,0.,1.));
#5844=DIRECTION('ref_axis',(0.358367949545274,-0.933580426497212,0.));
#5845=DIRECTION('center_axis',(0.,0.,-1.));
#5846=DIRECTION('ref_axis',(0.358367949545274,-0.933580426497212,0.));
#5847=DIRECTION('',(0.,0.,1.));
#5848=DIRECTION('center_axis',(0.,0.,1.));
#5849=DIRECTION('ref_axis',(0.358367949545274,-0.933580426497212,0.));
#5850=DIRECTION('center_axis',(0.,0.,1.));
#5851=DIRECTION('ref_axis',(-0.358367949545326,0.933580426497192,0.));
#5852=DIRECTION('center_axis',(0.,0.,-1.));
#5853=DIRECTION('ref_axis',(-0.358367949545326,0.933580426497192,0.));
#5854=DIRECTION('center_axis',(0.,0.,1.));
#5855=DIRECTION('ref_axis',(-0.358367949545326,0.933580426497192,0.));
#5856=DIRECTION('',(0.,0.,1.));
#5857=DIRECTION('center_axis',(0.,0.,1.));
#5858=DIRECTION('ref_axis',(1.,0.,0.));
#5859=DIRECTION('',(-0.358367949545302,0.933580426497201,0.));
#5860=DIRECTION('center_axis',(0.,0.,1.));
#5861=DIRECTION('ref_axis',(0.933580426497215,0.358367949545267,0.));
#5862=DIRECTION('',(-0.933580426497202,-0.3583679495453,0.));
#5863=DIRECTION('center_axis',(-0.3583679495453,0.933580426497202,0.));
#5864=DIRECTION('ref_axis',(-0.933580426497202,-0.3583679495453,0.));
#5865=DIRECTION('',(0.,0.,1.));
#5866=DIRECTION('',(0.933580426497202,0.3583679495453,0.));
#5867=DIRECTION('',(0.,0.,-1.));
#5868=DIRECTION('',(0.933580426497202,0.3583679495453,0.));
#5869=DIRECTION('center_axis',(0.,0.,1.));
#5870=DIRECTION('ref_axis',(0.933580426497215,0.358367949545267,0.));
#5871=DIRECTION('',(0.,0.,1.));
#5872=DIRECTION('center_axis',(0.,0.,1.));
#5873=DIRECTION('ref_axis',(0.933580426497215,0.358367949545267,0.));
#5874=DIRECTION('center_axis',(0.933580426497201,0.358367949545302,0.));
#5875=DIRECTION('ref_axis',(-0.358367949545302,0.933580426497201,0.));
#5876=DIRECTION('',(0.,0.,1.));
#5877=DIRECTION('',(0.358367949545302,-0.933580426497201,0.));
#5878=DIRECTION('',(0.358367949545302,-0.933580426497201,0.));
#5879=DIRECTION('center_axis',(0.933580426497201,0.358367949545301,0.));
#5880=DIRECTION('ref_axis',(-0.358367949545301,0.933580426497201,0.));
#5881=DIRECTION('center_axis',(0.933580426497202,0.3583679495453,0.));
#5882=DIRECTION('ref_axis',(-0.358367949545301,0.933580426497201,0.));
#5883=DIRECTION('',(0.933580426497201,0.358367949545301,0.));
#5884=DIRECTION('center_axis',(-0.933580426497202,-0.3583679495453,0.));
#5885=DIRECTION('ref_axis',(-0.358367949545301,0.933580426497201,0.));
#5886=DIRECTION('center_axis',(0.,0.,1.));
#5887=DIRECTION('ref_axis',(0.933580426497223,0.358367949545244,0.));
#5888=DIRECTION('center_axis',(0.,0.,-1.));
#5889=DIRECTION('ref_axis',(0.933580426497223,0.358367949545244,0.));
#5890=DIRECTION('',(0.,0.,1.));
#5891=DIRECTION('center_axis',(0.,0.,1.));
#5892=DIRECTION('ref_axis',(0.933580426497223,0.358367949545244,0.));
#5893=DIRECTION('',(0.,0.,1.));
#5894=DIRECTION('center_axis',(-0.358367949545305,0.9335804264972,0.));
#5895=DIRECTION('ref_axis',(-0.9335804264972,-0.358367949545305,0.));
#5896=DIRECTION('',(0.9335804264972,0.358367949545305,0.));
#5897=DIRECTION('',(0.,0.,1.));
#5898=DIRECTION('',(-0.9335804264972,-0.358367949545305,0.));
#5899=DIRECTION('center_axis',(0.,0.,1.));
#5900=DIRECTION('ref_axis',(-0.358367949545324,0.933580426497193,0.));
#5901=DIRECTION('center_axis',(0.,0.,-1.));
#5902=DIRECTION('ref_axis',(-0.358367949545324,0.933580426497193,0.));
#5903=DIRECTION('',(0.,0.,1.));
#5904=DIRECTION('center_axis',(0.,0.,1.));
#5905=DIRECTION('ref_axis',(-0.358367949545324,0.933580426497193,0.));
#5906=DIRECTION('center_axis',(-0.933580426497202,-0.3583679495453,0.));
#5907=DIRECTION('ref_axis',(0.3583679495453,-0.933580426497202,0.));
#5908=DIRECTION('',(-0.3583679495453,0.933580426497202,0.));
#5909=DIRECTION('',(0.,0.,1.));
#5910=DIRECTION('',(0.3583679495453,-0.933580426497202,0.));
#5911=DIRECTION('center_axis',(0.933580426497202,0.3583679495453,0.));
#5912=DIRECTION('ref_axis',(-0.3583679495453,0.933580426497202,0.));
#5913=DIRECTION('',(0.3583679495453,-0.933580426497202,0.));
#5914=DIRECTION('',(-0.3583679495453,0.933580426497202,0.));
#5915=DIRECTION('',(0.,0.,1.));
#5916=DIRECTION('center_axis',(0.,0.,1.));
#5917=DIRECTION('ref_axis',(0.35836794954527,-0.933580426497214,0.));
#5918=DIRECTION('center_axis',(0.,0.,-1.));
#5919=DIRECTION('ref_axis',(0.35836794954527,-0.933580426497214,0.));
#5920=DIRECTION('center_axis',(0.,0.,1.));
#5921=DIRECTION('ref_axis',(0.35836794954527,-0.933580426497214,0.));
#5922=DIRECTION('',(0.,0.,1.));
#5923=DIRECTION('center_axis',(0.358367949545301,-0.933580426497201,0.));
#5924=DIRECTION('ref_axis',(0.933580426497201,0.358367949545301,0.));
#5925=DIRECTION('',(-0.933580426497201,-0.358367949545301,0.));
#5926=DIRECTION('',(0.933580426497201,0.358367949545301,0.));
#5927=DIRECTION('',(0.,0.,1.));
#5928=DIRECTION('center_axis',(0.,0.,1.));
#5929=DIRECTION('ref_axis',(-0.933580426497201,-0.358367949545303,0.));
#5930=DIRECTION('center_axis',(0.,0.,-1.));
#5931=DIRECTION('ref_axis',(-0.933580426497201,-0.358367949545303,0.));
#5932=DIRECTION('center_axis',(0.,0.,1.));
#5933=DIRECTION('ref_axis',(-0.933580426497201,-0.358367949545303,0.));
#5934=DIRECTION('center_axis',(0.,0.,1.));
#5935=DIRECTION('ref_axis',(1.,0.,0.));
#5936=DIRECTION('center_axis',(0.,0.,1.));
#5937=DIRECTION('ref_axis',(1.,0.,0.));
#5938=DIRECTION('',(0.3583679495453,-0.933580426497202,0.));
#5939=DIRECTION('center_axis',(0.,0.,1.));
#5940=DIRECTION('ref_axis',(-0.35836794954534,0.933580426497186,0.));
#5941=DIRECTION('',(-0.933580426497202,-0.3583679495453,0.));
#5942=DIRECTION('center_axis',(0.,0.,1.));
#5943=DIRECTION('ref_axis',(-0.195235967710441,0.980756298431046,0.));
#5944=DIRECTION('',(-0.98075629843104,-0.195235967710474,0.));
#5945=DIRECTION('center_axis',(0.,0.,1.));
#5946=DIRECTION('ref_axis',(5.32907051820383E-14,1.,0.));
#5947=DIRECTION('',(-1.,0.,0.));
#5948=DIRECTION('center_axis',(0.,0.,1.));
#5949=DIRECTION('ref_axis',(1.,1.18423789293348E-14,0.));
#5950=DIRECTION('',(0.,1.,0.));
#5951=DIRECTION('center_axis',(0.,0.,1.));
#5952=DIRECTION('ref_axis',(0.239836082668323,-0.970813397852705,0.));
#5953=DIRECTION('',(0.970813397852706,0.239836082668315,0.));
#5954=DIRECTION('center_axis',(0.,0.,1.));
#5955=DIRECTION('ref_axis',(-0.933580426497207,-0.358367949545287,0.));
#5956=DIRECTION('',(0.970813397852706,0.239836082668315,0.));
#5957=DIRECTION('center_axis',(0.,0.,1.));
#5958=DIRECTION('ref_axis',(0.239836082668295,-0.970813397852711,0.));
#5959=DIRECTION('',(0.,1.,0.));
#5960=DIRECTION('center_axis',(0.,0.,1.));
#5961=DIRECTION('ref_axis',(1.,-8.61643737757277E-14,0.));
#5962=DIRECTION('',(-0.808192725067312,0.588918092053787,0.));
#5963=DIRECTION('center_axis',(0.,0.,1.));
#5964=DIRECTION('ref_axis',(0.588918092053786,0.808192725067312,0.));
#5965=DIRECTION('',(0.3583679495453,-0.933580426497202,0.));
#5966=DIRECTION('center_axis',(0.,0.,1.));
#5967=DIRECTION('ref_axis',(-0.588918092053786,-0.808192725067312,0.));
#5968=DIRECTION('',(0.,1.,0.));
#5969=DIRECTION('center_axis',(0.,0.,1.));
#5970=DIRECTION('ref_axis',(1.,0.,0.));
#5971=DIRECTION('',(-1.,0.,0.));
#5972=DIRECTION('center_axis',(0.,0.,1.));
#5973=DIRECTION('ref_axis',(2.21542427523092E-14,1.,0.));
#5974=DIRECTION('',(-0.98075629843104,-0.195235967710474,0.));
#5975=DIRECTION('center_axis',(0.,0.,1.));
#5976=DIRECTION('ref_axis',(-0.19523596771047,0.980756298431041,0.));
#5977=DIRECTION('',(0.808192725067312,-0.588918092053787,0.));
#5978=DIRECTION('center_axis',(0.,0.,1.));
#5979=DIRECTION('ref_axis',(1.,-8.61643737757277E-14,0.));
#5980=DIRECTION('center_axis',(0.,0.,-1.));
#5981=DIRECTION('ref_axis',(1.,-8.61643737757277E-14,0.));
#5982=DIRECTION('',(0.,0.,1.));
#5983=DIRECTION('',(0.,0.,1.));
#5984=DIRECTION('center_axis',(1.,0.,0.));
#5985=DIRECTION('ref_axis',(0.,1.,0.));
#5986=DIRECTION('',(0.,-1.,0.));
#5987=DIRECTION('',(0.,0.,1.));
#5988=DIRECTION('center_axis',(0.,0.,1.));
#5989=DIRECTION('ref_axis',(0.239836082668295,-0.970813397852711,0.));
#5990=DIRECTION('center_axis',(0.,0.,-1.));
#5991=DIRECTION('ref_axis',(0.239836082668295,-0.970813397852711,0.));
#5992=DIRECTION('',(0.,0.,1.));
#5993=DIRECTION('center_axis',(0.239836082668315,-0.970813397852706,0.));
#5994=DIRECTION('ref_axis',(0.970813397852706,0.239836082668315,0.));
#5995=DIRECTION('',(-0.970813397852706,-0.239836082668315,0.));
#5996=DIRECTION('center_axis',(-0.933580426497202,-0.3583679495453,0.));
#5997=DIRECTION('ref_axis',(0.3583679495453,-0.933580426497202,0.));
#5998=DIRECTION('',(0.,0.,1.));
#5999=DIRECTION('',(-0.3583679495453,0.933580426497202,0.));
#6000=DIRECTION('center_axis',(0.,0.,1.));
#6001=DIRECTION('ref_axis',(0.588918092053786,0.808192725067312,0.));
#6002=DIRECTION('center_axis',(0.,0.,-1.));
#6003=DIRECTION('ref_axis',(0.588918092053786,0.808192725067312,0.));
#6004=DIRECTION('',(0.,0.,1.));
#6005=DIRECTION('center_axis',(0.588918092053787,0.808192725067312,0.));
#6006=DIRECTION('ref_axis',(-0.808192725067312,0.588918092053787,0.));
#6007=DIRECTION('',(0.808192725067312,-0.588918092053787,0.));
#6008=DIRECTION('center_axis',(0.,0.,1.));
#6009=DIRECTION('ref_axis',(2.21542427523092E-14,1.,0.));
#6010=DIRECTION('center_axis',(0.,0.,-1.));
#6011=DIRECTION('ref_axis',(2.21542427523092E-14,1.,0.));
#6012=DIRECTION('',(0.,0.,1.));
#6013=DIRECTION('',(0.,0.,1.));
#6014=DIRECTION('center_axis',(0.,1.,0.));
#6015=DIRECTION('ref_axis',(-1.,0.,0.));
#6016=DIRECTION('',(1.,0.,0.));
#6017=DIRECTION('',(0.,0.,1.));
#6018=DIRECTION('center_axis',(0.,0.,1.));
#6019=DIRECTION('ref_axis',(1.,0.,0.));
#6020=DIRECTION('center_axis',(0.,0.,-1.));
#6021=DIRECTION('ref_axis',(1.,0.,0.));
#6022=DIRECTION('',(0.,0.,1.));
#6023=DIRECTION('center_axis',(1.,0.,0.));
#6024=DIRECTION('ref_axis',(0.,1.,0.));
#6025=DIRECTION('',(0.,-1.,0.));
#6026=DIRECTION('',(0.,0.,1.));
#6027=DIRECTION('center_axis',(0.,0.,1.));
#6028=DIRECTION('ref_axis',(-0.588918092053786,-0.808192725067312,0.));
#6029=DIRECTION('center_axis',(0.,0.,-1.));
#6030=DIRECTION('ref_axis',(-0.588918092053786,-0.808192725067312,0.));
#6031=DIRECTION('',(0.,0.,1.));
#6032=DIRECTION('center_axis',(-0.588918092053787,-0.808192725067312,0.));
#6033=DIRECTION('ref_axis',(0.808192725067312,-0.588918092053787,0.));
#6034=DIRECTION('',(-0.808192725067312,0.588918092053787,0.));
#6035=DIRECTION('',(0.,0.,1.));
#6036=DIRECTION('center_axis',(0.,0.,1.));
#6037=DIRECTION('ref_axis',(-0.19523596771047,0.980756298431041,0.));
#6038=DIRECTION('center_axis',(0.,0.,-1.));
#6039=DIRECTION('ref_axis',(-0.19523596771047,0.980756298431041,0.));
#6040=DIRECTION('',(0.,0.,1.));
#6041=DIRECTION('center_axis',(-0.195235967710474,0.98075629843104,0.));
#6042=DIRECTION('ref_axis',(-0.98075629843104,-0.195235967710474,0.));
#6043=DIRECTION('',(0.98075629843104,0.195235967710474,0.));
#6044=DIRECTION('center_axis',(0.,0.,1.));
#6045=DIRECTION('ref_axis',(-0.35836794954534,0.933580426497186,0.));
#6046=DIRECTION('',(0.,0.,1.));
#6047=DIRECTION('center_axis',(0.,0.,1.));
#6048=DIRECTION('ref_axis',(-0.35836794954534,0.933580426497186,0.));
#6049=DIRECTION('',(0.,0.,1.));
#6050=DIRECTION('center_axis',(-0.3583679495453,0.933580426497202,0.));
#6051=DIRECTION('ref_axis',(-0.933580426497202,-0.3583679495453,0.));
#6052=DIRECTION('',(-0.933580426497202,-0.3583679495453,0.));
#6053=DIRECTION('',(0.,0.,1.));
#6054=DIRECTION('center_axis',(0.,0.,1.));
#6055=DIRECTION('ref_axis',(-0.195235967710441,0.980756298431046,0.));
#6056=DIRECTION('center_axis',(0.,0.,1.));
#6057=DIRECTION('ref_axis',(-0.195235967710441,0.980756298431046,0.));
#6058=DIRECTION('',(0.,0.,1.));
#6059=DIRECTION('center_axis',(-0.195235967710474,0.98075629843104,0.));
#6060=DIRECTION('ref_axis',(-0.98075629843104,-0.195235967710474,0.));
#6061=DIRECTION('',(-0.98075629843104,-0.195235967710474,0.));
#6062=DIRECTION('',(0.,0.,1.));
#6063=DIRECTION('center_axis',(0.,0.,1.));
#6064=DIRECTION('ref_axis',(5.32907051820383E-14,1.,0.));
#6065=DIRECTION('center_axis',(0.,0.,1.));
#6066=DIRECTION('ref_axis',(5.32907051820383E-14,1.,0.));
#6067=DIRECTION('',(0.,0.,1.));
#6068=DIRECTION('center_axis',(0.,1.,0.));
#6069=DIRECTION('ref_axis',(-1.,0.,0.));
#6070=DIRECTION('',(-1.,0.,0.));
#6071=DIRECTION('',(0.,0.,1.));
#6072=DIRECTION('center_axis',(0.,0.,1.));
#6073=DIRECTION('ref_axis',(1.,1.18423789293348E-14,0.));
#6074=DIRECTION('center_axis',(0.,0.,1.));
#6075=DIRECTION('ref_axis',(1.,1.18423789293348E-14,0.));
#6076=DIRECTION('',(0.,0.,1.));
#6077=DIRECTION('center_axis',(1.,0.,0.));
#6078=DIRECTION('ref_axis',(0.,1.,0.));
#6079=DIRECTION('',(0.,1.,0.));
#6080=DIRECTION('',(0.,0.,1.));
#6081=DIRECTION('center_axis',(0.,0.,1.));
#6082=DIRECTION('ref_axis',(0.239836082668323,-0.970813397852705,0.));
#6083=DIRECTION('center_axis',(0.,0.,1.));
#6084=DIRECTION('ref_axis',(0.239836082668323,-0.970813397852705,0.));
#6085=DIRECTION('',(0.,0.,1.));
#6086=DIRECTION('center_axis',(0.239836082668315,-0.970813397852706,0.));
#6087=DIRECTION('ref_axis',(0.970813397852706,0.239836082668315,0.));
#6088=DIRECTION('',(0.970813397852706,0.239836082668315,0.));
#6089=DIRECTION('',(0.,0.,1.));
#6090=DIRECTION('center_axis',(0.,0.,1.));
#6091=DIRECTION('ref_axis',(-0.933580426497207,-0.358367949545287,0.));
#6092=DIRECTION('center_axis',(0.,0.,1.));
#6093=DIRECTION('ref_axis',(-0.933580426497207,-0.358367949545287,0.));
#6094=DIRECTION('',(0.,0.,1.));
#6095=DIRECTION('center_axis',(-0.933580426497202,-0.3583679495453,0.));
#6096=DIRECTION('ref_axis',(0.3583679495453,-0.933580426497202,0.));
#6097=DIRECTION('',(0.3583679495453,-0.933580426497202,0.));
#6098=DIRECTION('center_axis',(0.,0.,1.));
#6099=DIRECTION('ref_axis',(1.,0.,0.));
#6100=DIRECTION('axis',(0.,0.,1.));
#6101=DIRECTION('refdir',(1.,0.,0.));
#6102=DIRECTION('center_axis',(0.,1.,0.));
#6103=DIRECTION('ref_axis',(-1.,0.,0.));
#6104=DIRECTION('',(-1.,0.,0.));
#6105=DIRECTION('',(0.,0.,1.));
#6106=DIRECTION('',(-1.,0.,0.));
#6107=DIRECTION('',(0.,0.,1.));
#6108=DIRECTION('center_axis',(1.,0.,0.));
#6109=DIRECTION('ref_axis',(0.,1.,0.));
#6110=DIRECTION('',(0.,1.,0.));
#6111=DIRECTION('',(0.,0.,1.));
#6112=DIRECTION('',(0.,1.,0.));
#6113=DIRECTION('center_axis',(-1.,0.,0.));
#6114=DIRECTION('ref_axis',(0.,0.,-1.));
#6115=DIRECTION('center_axis',(0.,-1.,0.));
#6116=DIRECTION('ref_axis',(1.,0.,0.));
#6117=DIRECTION('',(1.,0.,0.));
#6118=DIRECTION('',(0.,0.,1.));
#6119=DIRECTION('',(1.,0.,0.));
#6120=DIRECTION('center_axis',(-1.,0.,0.));
#6121=DIRECTION('ref_axis',(0.,-1.,0.));
#6122=DIRECTION('',(0.,-1.,0.));
#6123=DIRECTION('',(0.,-1.,0.));
#6124=DIRECTION('center_axis',(1.,0.,0.));
#6125=DIRECTION('ref_axis',(0.,0.,-1.));
#6126=DIRECTION('center_axis',(0.,0.,1.));
#6127=DIRECTION('ref_axis',(1.,0.,0.));
#6128=DIRECTION('center_axis',(0.,1.,0.));
#6129=DIRECTION('ref_axis',(-1.,0.,0.));
#6130=DIRECTION('',(-1.,0.,0.));
#6131=DIRECTION('',(0.,0.,1.));
#6132=DIRECTION('',(-1.,0.,0.));
#6133=DIRECTION('',(0.,0.,1.));
#6134=DIRECTION('center_axis',(1.,0.,0.));
#6135=DIRECTION('ref_axis',(0.,1.,0.));
#6136=DIRECTION('',(0.,1.,0.));
#6137=DIRECTION('',(0.,0.,1.));
#6138=DIRECTION('',(0.,1.,0.));
#6139=DIRECTION('center_axis',(-1.,0.,0.));
#6140=DIRECTION('ref_axis',(0.,0.,-1.));
#6141=DIRECTION('center_axis',(0.,-1.,0.));
#6142=DIRECTION('ref_axis',(1.,0.,0.));
#6143=DIRECTION('',(1.,0.,0.));
#6144=DIRECTION('',(0.,0.,1.));
#6145=DIRECTION('',(1.,0.,0.));
#6146=DIRECTION('center_axis',(-1.,0.,0.));
#6147=DIRECTION('ref_axis',(0.,-1.,0.));
#6148=DIRECTION('',(0.,-1.,0.));
#6149=DIRECTION('',(0.,-1.,0.));
#6150=DIRECTION('center_axis',(1.,0.,0.));
#6151=DIRECTION('ref_axis',(0.,0.,-1.));
#6152=DIRECTION('center_axis',(0.,0.,1.));
#6153=DIRECTION('ref_axis',(1.,0.,0.));
#6154=DIRECTION('center_axis',(1.,0.,0.));
#6155=DIRECTION('ref_axis',(0.,0.,-1.));
#6156=DIRECTION('center_axis',(-1.,0.,0.));
#6157=DIRECTION('ref_axis',(0.,0.,-1.));
#6158=DIRECTION('',(1.,0.,0.));
#6159=DIRECTION('center_axis',(1.,0.,0.));
#6160=DIRECTION('ref_axis',(0.,0.,-1.));
#6161=DIRECTION('center_axis',(-1.,0.,0.));
#6162=DIRECTION('ref_axis',(0.,0.,-1.));
#6163=DIRECTION('',(1.,0.,0.));
#6164=DIRECTION('center_axis',(1.,0.,0.));
#6165=DIRECTION('ref_axis',(0.,0.,-1.));
#6166=DIRECTION('center_axis',(1.,0.,0.));
#6167=DIRECTION('ref_axis',(0.,0.,-1.));
#6168=DIRECTION('',(1.,0.,0.));
#6169=DIRECTION('center_axis',(-1.,0.,0.));
#6170=DIRECTION('ref_axis',(0.,0.,-1.));
#6171=DIRECTION('center_axis',(1.,0.,0.));
#6172=DIRECTION('ref_axis',(0.,0.,-1.));
#6173=DIRECTION('center_axis',(1.,0.,0.));
#6174=DIRECTION('ref_axis',(0.,0.,-1.));
#6175=DIRECTION('',(1.,0.,0.));
#6176=DIRECTION('center_axis',(-1.,0.,0.));
#6177=DIRECTION('ref_axis',(0.,0.,-1.));
#6178=DIRECTION('center_axis',(0.,1.,0.));
#6179=DIRECTION('ref_axis',(-1.,0.,0.));
#6180=DIRECTION('',(-1.,0.,0.));
#6181=DIRECTION('',(0.,0.,1.));
#6182=DIRECTION('',(-1.,0.,0.));
#6183=DIRECTION('',(0.,0.,1.));
#6184=DIRECTION('center_axis',(1.,0.,0.));
#6185=DIRECTION('ref_axis',(0.,1.,0.));
#6186=DIRECTION('',(0.,1.,0.));
#6187=DIRECTION('',(0.,0.,1.));
#6188=DIRECTION('',(0.,1.,0.));
#6189=DIRECTION('center_axis',(-1.,0.,0.));
#6190=DIRECTION('ref_axis',(0.,0.,-1.));
#6191=DIRECTION('center_axis',(0.,-1.,0.));
#6192=DIRECTION('ref_axis',(1.,0.,0.));
#6193=DIRECTION('',(1.,0.,0.));
#6194=DIRECTION('',(0.,0.,1.));
#6195=DIRECTION('',(1.,0.,0.));
#6196=DIRECTION('center_axis',(-1.,0.,0.));
#6197=DIRECTION('ref_axis',(0.,-1.,0.));
#6198=DIRECTION('',(0.,-1.,0.));
#6199=DIRECTION('',(0.,-1.,0.));
#6200=DIRECTION('center_axis',(1.,0.,0.));
#6201=DIRECTION('ref_axis',(0.,0.,-1.));
#6202=DIRECTION('center_axis',(0.,0.,1.));
#6203=DIRECTION('ref_axis',(1.,0.,0.));
#6204=DIRECTION('center_axis',(0.,1.,0.));
#6205=DIRECTION('ref_axis',(-1.,0.,0.));
#6206=DIRECTION('',(-1.,0.,0.));
#6207=DIRECTION('',(0.,0.,1.));
#6208=DIRECTION('',(-1.,0.,0.));
#6209=DIRECTION('',(0.,0.,1.));
#6210=DIRECTION('center_axis',(1.,0.,0.));
#6211=DIRECTION('ref_axis',(0.,1.,0.));
#6212=DIRECTION('',(0.,1.,0.));
#6213=DIRECTION('',(0.,0.,1.));
#6214=DIRECTION('',(0.,1.,0.));
#6215=DIRECTION('center_axis',(-1.,0.,0.));
#6216=DIRECTION('ref_axis',(0.,0.,-1.));
#6217=DIRECTION('center_axis',(0.,-1.,0.));
#6218=DIRECTION('ref_axis',(1.,0.,0.));
#6219=DIRECTION('',(1.,0.,0.));
#6220=DIRECTION('',(0.,0.,1.));
#6221=DIRECTION('',(1.,0.,0.));
#6222=DIRECTION('center_axis',(-1.,0.,0.));
#6223=DIRECTION('ref_axis',(0.,-1.,0.));
#6224=DIRECTION('',(0.,-1.,0.));
#6225=DIRECTION('',(0.,-1.,0.));
#6226=DIRECTION('center_axis',(1.,0.,0.));
#6227=DIRECTION('ref_axis',(0.,0.,-1.));
#6228=DIRECTION('center_axis',(0.,0.,1.));
#6229=DIRECTION('ref_axis',(1.,0.,0.));
#6230=DIRECTION('center_axis',(1.,0.,0.));
#6231=DIRECTION('ref_axis',(0.,0.,-1.));
#6232=DIRECTION('center_axis',(1.,0.,0.));
#6233=DIRECTION('ref_axis',(0.,0.,-1.));
#6234=DIRECTION('',(1.,0.,0.));
#6235=DIRECTION('center_axis',(1.,0.,0.));
#6236=DIRECTION('ref_axis',(0.,0.,-1.));
#6237=DIRECTION('center_axis',(1.,0.,0.));
#6238=DIRECTION('ref_axis',(0.,0.,-1.));
#6239=DIRECTION('',(1.,0.,0.));
#6240=DIRECTION('center_axis',(1.,0.,0.));
#6241=DIRECTION('ref_axis',(0.,0.,-1.));
#6242=DIRECTION('',(1.,0.,0.));
#6243=DIRECTION('center_axis',(1.,0.,0.));
#6244=DIRECTION('ref_axis',(0.,0.,-1.));
#6245=DIRECTION('center_axis',(1.,0.,0.));
#6246=DIRECTION('ref_axis',(0.,0.,-1.));
#6247=DIRECTION('center_axis',(1.,0.,0.));
#6248=DIRECTION('ref_axis',(0.,0.,-1.));
#6249=DIRECTION('',(1.,0.,0.));
#6250=DIRECTION('center_axis',(1.,0.,0.));
#6251=DIRECTION('ref_axis',(0.,0.,-1.));
#6252=DIRECTION('center_axis',(1.,0.,0.));
#6253=DIRECTION('ref_axis',(0.,0.,-1.));
#6254=DIRECTION('center_axis',(0.,0.,1.));
#6255=DIRECTION('ref_axis',(1.,0.,0.));
#6256=DIRECTION('center_axis',(0.,0.,1.));
#6257=DIRECTION('ref_axis',(1.,0.,0.));
#6258=DIRECTION('',(0.,0.,1.));
#6259=DIRECTION('',(0.,-0.873492154200604,0.486838224207989));
#6260=DIRECTION('',(0.,-0.890921592935791,0.454157148177537));
#6261=DIRECTION('',(0.,-0.873492154200604,0.486838224207989));
#6262=DIRECTION('center_axis',(0.,0.,1.));
#6263=DIRECTION('ref_axis',(1.,0.,0.));
#6264=DIRECTION('center_axis',(0.,0.,1.));
#6265=DIRECTION('ref_axis',(1.,0.,0.));
#6266=DIRECTION('',(0.,0.,1.));
#6267=DIRECTION('center_axis',(0.,0.,1.));
#6268=DIRECTION('ref_axis',(1.,0.,0.));
#6269=DIRECTION('center_axis',(0.,0.,1.));
#6270=DIRECTION('ref_axis',(1.,0.,0.));
#6271=DIRECTION('center_axis',(0.,1.,0.));
#6272=DIRECTION('ref_axis',(0.,0.,1.));
#6273=DIRECTION('',(1.,0.,0.));
#6274=DIRECTION('',(0.,0.,1.));
#6275=DIRECTION('',(0.,0.,1.));
#6276=DIRECTION('center_axis',(1.,-4.38015366327542E-31,-8.32186788070133E-31));
#6277=DIRECTION('ref_axis',(-8.32186788070133E-31,0.,-1.));
#6278=DIRECTION('',(4.38015366327542E-31,1.,0.));
#6279=DIRECTION('',(0.,0.,-1.));
#6280=DIRECTION('',(0.,-0.805234307583443,0.592956752124987));
#6281=DIRECTION('',(0.,-0.839531489860296,0.543311032036855));
#6282=DIRECTION('',(0.,-0.829197618045891,0.558955552997751));
#6283=DIRECTION('',(0.,-0.896042057951476,0.443969177288338));
#6284=DIRECTION('',(0.,-0.89840780642251,0.43916217204934));
#6285=DIRECTION('',(0.,-0.916834674715375,0.399267052534458));
#6286=DIRECTION('',(0.,-0.933340179349713,0.358993188809267));
#6287=DIRECTION('center_axis',(1.,5.77144570921863E-31,2.71784175500103E-30));
#6288=DIRECTION('ref_axis',(2.71784175500103E-30,0.,-1.));
#6289=DIRECTION('',(5.77144570921863E-31,-1.,0.));
#6290=DIRECTION('',(0.,-0.938178216359859,0.346152617132723));
#6291=DIRECTION('',(0.,-0.910521640579579,0.41346141541415));
#6292=DIRECTION('',(0.,-0.905785833711349,0.423735794390604));
#6293=DIRECTION('',(0.,-0.905785833711349,0.423735794390604));
#6294=DIRECTION('',(0.,-0.904273661967112,0.426953327979289));
#6295=DIRECTION('',(0.,-0.868798565635097,0.495165681717139));
#6296=DIRECTION('',(0.,-0.848995473860136,0.528400118626977));
#6297=DIRECTION('',(0.,-0.840067362998873,0.542482097054014));
#6298=DIRECTION('',(0.,0.,-1.));
#6299=DIRECTION('center_axis',(0.,-1.,0.));
#6300=DIRECTION('ref_axis',(0.,0.,-1.));
#6301=DIRECTION('',(-1.,0.,0.));
#6302=DIRECTION('center_axis',(0.,0.,1.));
#6303=DIRECTION('ref_axis',(1.,0.,0.));
#6304=DIRECTION('center_axis',(0.,0.,1.));
#6305=DIRECTION('ref_axis',(1.,0.,0.));
#6306=DIRECTION('',(0.,0.,1.));
#6307=DIRECTION('',(0.,-0.885909994348207,0.463857178357693));
#6308=DIRECTION('',(0.,-0.873506453746005,0.486812566871561));
#6309=DIRECTION('center_axis',(0.,0.,1.));
#6310=DIRECTION('ref_axis',(1.,0.,0.));
#6311=DIRECTION('center_axis',(0.,0.,1.));
#6312=DIRECTION('ref_axis',(1.,0.,0.));
#6313=DIRECTION('',(0.,0.,1.));
#6314=DIRECTION('center_axis',(0.,0.,1.));
#6315=DIRECTION('ref_axis',(1.,0.,0.));
#6316=DIRECTION('center_axis',(0.,0.,1.));
#6317=DIRECTION('ref_axis',(1.,0.,0.));
#6318=DIRECTION('center_axis',(7.93016446160826E-17,1.,1.54024874829656E-32));
#6319=DIRECTION('ref_axis',(0.,-1.54024874829656E-32,1.));
#6320=DIRECTION('',(1.,-7.93016446160826E-17,0.));
#6321=DIRECTION('',(0.,0.,1.));
#6322=DIRECTION('',(0.,0.,1.));
#6323=DIRECTION('center_axis',(1.,-2.27020127912422E-31,1.6020850025033E-32));
#6324=DIRECTION('ref_axis',(1.6020850025033E-32,0.,-1.));
#6325=DIRECTION('',(2.27020127912422E-31,1.,0.));
#6326=DIRECTION('',(0.,0.,-1.));
#6327=DIRECTION('',(0.,-0.852634037023114,0.522508563479745));
#6328=DIRECTION('',(0.,-0.854941393978775,0.51872460213646));
#6329=DIRECTION('',(0.,-0.854941393978775,0.51872460213646));
#6330=DIRECTION('',(0.,-0.904843470735434,0.4257443992203));
#6331=DIRECTION('',(0.,-0.905934510449204,0.423417834741477));
#6332=DIRECTION('',(0.,-0.911359891833551,0.411610431788527));
#6333=DIRECTION('',(0.,-0.939688996132627,0.342030101814527));
#6334=DIRECTION('center_axis',(1.,-1.60404797378819E-30,-4.49162337373469E-30));
#6335=DIRECTION('ref_axis',(-4.49162337373469E-30,0.,-1.));
#6336=DIRECTION('',(-1.60404797378819E-30,-1.,0.));
#6337=DIRECTION('',(0.,-0.931644634524217,0.363370712857047));
#6338=DIRECTION('',(0.,-0.919911013506476,0.392127182466975));
#6339=DIRECTION('',(0.,-0.898404449721509,0.439169038891168));
#6340=DIRECTION('',(0.,-0.896042032426199,0.443969228804798));
#6341=DIRECTION('',(0.,-0.849571820805434,0.527472957878733));
#6342=DIRECTION('',(0.,-0.821151700868438,0.570709982531296));
#6343=DIRECTION('',(0.,-0.785442074119686,0.618935172859457));
#6344=DIRECTION('',(0.,0.,-1.));
#6345=DIRECTION('center_axis',(-7.93016446160826E-17,-1.,0.));
#6346=DIRECTION('ref_axis',(0.,0.,-1.));
#6347=DIRECTION('',(-1.,7.93016446160826E-17,0.));
#6348=DIRECTION('center_axis',(0.,0.,1.));
#6349=DIRECTION('ref_axis',(-4.4408920985006E-15,1.,0.));
#6350=DIRECTION('center_axis',(0.,0.,1.));
#6351=DIRECTION('ref_axis',(-4.4408920985006E-15,1.,0.));
#6352=DIRECTION('',(0.,0.,1.));
#6353=DIRECTION('center_axis',(0.,0.,1.));
#6354=DIRECTION('ref_axis',(-4.4408920985006E-15,1.,0.));
#6355=DIRECTION('',(0.,0.,1.));
#6356=DIRECTION('center_axis',(0.,1.,0.));
#6357=DIRECTION('ref_axis',(-1.,0.,0.));
#6358=DIRECTION('',(-1.,0.,0.));
#6359=DIRECTION('',(-1.,0.,0.));
#6360=DIRECTION('',(0.,0.,1.));
#6361=DIRECTION('center_axis',(0.,0.,1.));
#6362=DIRECTION('ref_axis',(1.,4.99600361081318E-15,0.));
#6363=DIRECTION('center_axis',(0.,0.,1.));
#6364=DIRECTION('ref_axis',(1.,4.99600361081318E-15,0.));
#6365=DIRECTION('center_axis',(0.,0.,1.));
#6366=DIRECTION('ref_axis',(1.,4.99600361081318E-15,0.));
#6367=DIRECTION('',(0.,0.,1.));
#6368=DIRECTION('center_axis',(1.,0.,0.));
#6369=DIRECTION('ref_axis',(0.,1.,0.));
#6370=DIRECTION('',(0.,1.,0.));
#6371=DIRECTION('',(0.,1.,0.));
#6372=DIRECTION('',(0.,0.,1.));
#6373=DIRECTION('center_axis',(0.,0.,1.));
#6374=DIRECTION('ref_axis',(4.4408920985006E-15,-1.,0.));
#6375=DIRECTION('center_axis',(0.,0.,1.));
#6376=DIRECTION('ref_axis',(4.4408920985006E-15,-1.,0.));
#6377=DIRECTION('center_axis',(0.,0.,1.));
#6378=DIRECTION('ref_axis',(4.4408920985006E-15,-1.,0.));
#6379=DIRECTION('',(0.,0.,1.));
#6380=DIRECTION('center_axis',(0.,-1.,0.));
#6381=DIRECTION('ref_axis',(1.,0.,0.));
#6382=DIRECTION('',(1.,0.,0.));
#6383=DIRECTION('',(1.,0.,0.));
#6384=DIRECTION('',(0.,0.,1.));
#6385=DIRECTION('center_axis',(0.,0.,1.));
#6386=DIRECTION('ref_axis',(-1.,-4.99600361081318E-15,0.));
#6387=DIRECTION('center_axis',(0.,0.,1.));
#6388=DIRECTION('ref_axis',(-1.,-4.99600361081318E-15,0.));
#6389=DIRECTION('center_axis',(0.,0.,1.));
#6390=DIRECTION('ref_axis',(-1.,-4.99600361081318E-15,0.));
#6391=DIRECTION('',(0.,0.,1.));
#6392=DIRECTION('center_axis',(-1.,0.,0.));
#6393=DIRECTION('ref_axis',(0.,-1.,0.));
#6394=DIRECTION('',(0.,-1.,0.));
#6395=DIRECTION('',(0.,-1.,0.));
#6396=DIRECTION('center_axis',(0.,0.,1.));
#6397=DIRECTION('ref_axis',(1.,0.,0.));
#6398=DIRECTION('center_axis',(0.,0.,1.));
#6399=DIRECTION('ref_axis',(1.,0.,0.));
#6400=DIRECTION('axis',(0.,0.,1.));
#6401=DIRECTION('refdir',(1.,0.,0.));
#6402=DIRECTION('center_axis',(0.,1.,0.));
#6403=DIRECTION('ref_axis',(-1.,0.,0.));
#6404=DIRECTION('',(-1.,0.,0.));
#6405=DIRECTION('',(0.,0.,1.));
#6406=DIRECTION('',(-1.,0.,0.));
#6407=DIRECTION('',(0.,0.,1.));
#6408=DIRECTION('center_axis',(1.,0.,0.));
#6409=DIRECTION('ref_axis',(0.,1.,0.));
#6410=DIRECTION('',(0.,1.,0.));
#6411=DIRECTION('',(0.,0.,1.));
#6412=DIRECTION('',(0.,1.,0.));
#6413=DIRECTION('center_axis',(-1.,0.,0.));
#6414=DIRECTION('ref_axis',(0.,0.,-1.));
#6415=DIRECTION('center_axis',(0.,-1.,0.));
#6416=DIRECTION('ref_axis',(1.,0.,0.));
#6417=DIRECTION('',(1.,0.,0.));
#6418=DIRECTION('',(0.,0.,1.));
#6419=DIRECTION('',(1.,0.,0.));
#6420=DIRECTION('center_axis',(-1.,0.,0.));
#6421=DIRECTION('ref_axis',(0.,-1.,0.));
#6422=DIRECTION('',(0.,-1.,0.));
#6423=DIRECTION('',(0.,-1.,0.));
#6424=DIRECTION('center_axis',(1.,0.,0.));
#6425=DIRECTION('ref_axis',(0.,0.,-1.));
#6426=DIRECTION('center_axis',(0.,0.,1.));
#6427=DIRECTION('ref_axis',(1.,0.,0.));
#6428=DIRECTION('center_axis',(0.,1.,0.));
#6429=DIRECTION('ref_axis',(-1.,0.,0.));
#6430=DIRECTION('',(-1.,0.,0.));
#6431=DIRECTION('',(0.,0.,1.));
#6432=DIRECTION('',(-1.,0.,0.));
#6433=DIRECTION('',(0.,0.,1.));
#6434=DIRECTION('center_axis',(1.,0.,0.));
#6435=DIRECTION('ref_axis',(0.,1.,0.));
#6436=DIRECTION('',(0.,1.,0.));
#6437=DIRECTION('',(0.,0.,1.));
#6438=DIRECTION('',(0.,1.,0.));
#6439=DIRECTION('center_axis',(-1.,0.,0.));
#6440=DIRECTION('ref_axis',(0.,0.,-1.));
#6441=DIRECTION('center_axis',(0.,-1.,0.));
#6442=DIRECTION('ref_axis',(1.,0.,0.));
#6443=DIRECTION('',(1.,0.,0.));
#6444=DIRECTION('',(0.,0.,1.));
#6445=DIRECTION('',(1.,0.,0.));
#6446=DIRECTION('center_axis',(-1.,0.,0.));
#6447=DIRECTION('ref_axis',(0.,-1.,0.));
#6448=DIRECTION('',(0.,-1.,0.));
#6449=DIRECTION('',(0.,-1.,0.));
#6450=DIRECTION('center_axis',(1.,0.,0.));
#6451=DIRECTION('ref_axis',(0.,0.,-1.));
#6452=DIRECTION('center_axis',(0.,0.,1.));
#6453=DIRECTION('ref_axis',(1.,0.,0.));
#6454=DIRECTION('center_axis',(1.,0.,0.));
#6455=DIRECTION('ref_axis',(0.,0.,-1.));
#6456=DIRECTION('center_axis',(-1.,0.,0.));
#6457=DIRECTION('ref_axis',(0.,0.,-1.));
#6458=DIRECTION('',(1.,0.,0.));
#6459=DIRECTION('center_axis',(1.,0.,0.));
#6460=DIRECTION('ref_axis',(0.,0.,-1.));
#6461=DIRECTION('center_axis',(-1.,0.,0.));
#6462=DIRECTION('ref_axis',(0.,0.,-1.));
#6463=DIRECTION('',(1.,0.,0.));
#6464=DIRECTION('center_axis',(1.,0.,0.));
#6465=DIRECTION('ref_axis',(0.,0.,-1.));
#6466=DIRECTION('center_axis',(1.,0.,0.));
#6467=DIRECTION('ref_axis',(0.,0.,-1.));
#6468=DIRECTION('',(1.,0.,0.));
#6469=DIRECTION('center_axis',(-1.,0.,0.));
#6470=DIRECTION('ref_axis',(0.,0.,-1.));
#6471=DIRECTION('center_axis',(1.,0.,0.));
#6472=DIRECTION('ref_axis',(0.,0.,-1.));
#6473=DIRECTION('center_axis',(1.,0.,0.));
#6474=DIRECTION('ref_axis',(0.,0.,-1.));
#6475=DIRECTION('',(1.,0.,0.));
#6476=DIRECTION('center_axis',(-1.,0.,0.));
#6477=DIRECTION('ref_axis',(0.,0.,-1.));
#6478=DIRECTION('center_axis',(0.,1.,0.));
#6479=DIRECTION('ref_axis',(-1.,0.,0.));
#6480=DIRECTION('',(-1.,0.,0.));
#6481=DIRECTION('',(0.,0.,1.));
#6482=DIRECTION('',(-1.,0.,0.));
#6483=DIRECTION('',(0.,0.,1.));
#6484=DIRECTION('center_axis',(1.,0.,0.));
#6485=DIRECTION('ref_axis',(0.,1.,0.));
#6486=DIRECTION('',(0.,1.,0.));
#6487=DIRECTION('',(0.,0.,1.));
#6488=DIRECTION('',(0.,1.,0.));
#6489=DIRECTION('center_axis',(-1.,0.,0.));
#6490=DIRECTION('ref_axis',(0.,0.,-1.));
#6491=DIRECTION('center_axis',(0.,-1.,0.));
#6492=DIRECTION('ref_axis',(1.,0.,0.));
#6493=DIRECTION('',(1.,0.,0.));
#6494=DIRECTION('',(0.,0.,1.));
#6495=DIRECTION('',(1.,0.,0.));
#6496=DIRECTION('center_axis',(-1.,0.,0.));
#6497=DIRECTION('ref_axis',(0.,-1.,0.));
#6498=DIRECTION('',(0.,-1.,0.));
#6499=DIRECTION('',(0.,-1.,0.));
#6500=DIRECTION('center_axis',(1.,0.,0.));
#6501=DIRECTION('ref_axis',(0.,0.,-1.));
#6502=DIRECTION('center_axis',(0.,0.,1.));
#6503=DIRECTION('ref_axis',(1.,0.,0.));
#6504=DIRECTION('center_axis',(0.,1.,0.));
#6505=DIRECTION('ref_axis',(-1.,0.,0.));
#6506=DIRECTION('',(-1.,0.,0.));
#6507=DIRECTION('',(0.,0.,1.));
#6508=DIRECTION('',(-1.,0.,0.));
#6509=DIRECTION('',(0.,0.,1.));
#6510=DIRECTION('center_axis',(1.,0.,0.));
#6511=DIRECTION('ref_axis',(0.,1.,0.));
#6512=DIRECTION('',(0.,1.,0.));
#6513=DIRECTION('',(0.,0.,1.));
#6514=DIRECTION('',(0.,1.,0.));
#6515=DIRECTION('center_axis',(-1.,0.,0.));
#6516=DIRECTION('ref_axis',(0.,0.,-1.));
#6517=DIRECTION('center_axis',(0.,-1.,0.));
#6518=DIRECTION('ref_axis',(1.,0.,0.));
#6519=DIRECTION('',(1.,0.,0.));
#6520=DIRECTION('',(0.,0.,1.));
#6521=DIRECTION('',(1.,0.,0.));
#6522=DIRECTION('center_axis',(-1.,0.,0.));
#6523=DIRECTION('ref_axis',(0.,-1.,0.));
#6524=DIRECTION('',(0.,-1.,0.));
#6525=DIRECTION('',(0.,-1.,0.));
#6526=DIRECTION('center_axis',(1.,0.,0.));
#6527=DIRECTION('ref_axis',(0.,0.,-1.));
#6528=DIRECTION('center_axis',(0.,0.,1.));
#6529=DIRECTION('ref_axis',(1.,0.,0.));
#6530=DIRECTION('center_axis',(1.,0.,0.));
#6531=DIRECTION('ref_axis',(0.,0.,-1.));
#6532=DIRECTION('center_axis',(1.,0.,0.));
#6533=DIRECTION('ref_axis',(0.,0.,-1.));
#6534=DIRECTION('',(1.,0.,0.));
#6535=DIRECTION('center_axis',(1.,0.,0.));
#6536=DIRECTION('ref_axis',(0.,0.,-1.));
#6537=DIRECTION('center_axis',(1.,0.,0.));
#6538=DIRECTION('ref_axis',(0.,0.,-1.));
#6539=DIRECTION('',(1.,0.,0.));
#6540=DIRECTION('center_axis',(1.,0.,0.));
#6541=DIRECTION('ref_axis',(0.,0.,-1.));
#6542=DIRECTION('',(1.,0.,0.));
#6543=DIRECTION('center_axis',(1.,0.,0.));
#6544=DIRECTION('ref_axis',(0.,0.,-1.));
#6545=DIRECTION('center_axis',(1.,0.,0.));
#6546=DIRECTION('ref_axis',(0.,0.,-1.));
#6547=DIRECTION('center_axis',(1.,0.,0.));
#6548=DIRECTION('ref_axis',(0.,0.,-1.));
#6549=DIRECTION('',(1.,0.,0.));
#6550=DIRECTION('center_axis',(1.,0.,0.));
#6551=DIRECTION('ref_axis',(0.,0.,-1.));
#6552=DIRECTION('center_axis',(1.,0.,0.));
#6553=DIRECTION('ref_axis',(0.,0.,-1.));
#6554=DIRECTION('center_axis',(0.,0.,1.));
#6555=DIRECTION('ref_axis',(1.,0.,0.));
#6556=DIRECTION('center_axis',(0.,0.,1.));
#6557=DIRECTION('ref_axis',(1.,0.,0.));
#6558=DIRECTION('',(0.,0.,1.));
#6559=DIRECTION('',(0.,-0.996612252920932,-0.0822436461245754));
#6560=DIRECTION('',(0.,-0.996695880325679,-0.0812239012964767));
#6561=DIRECTION('',(0.,-0.996140338874107,-0.0877748555554477));
#6562=DIRECTION('',(0.,-0.996140338874107,-0.0877748555554477));
#6563=DIRECTION('',(0.,-0.996140338874107,-0.0877748555554477));
#6564=DIRECTION('center_axis',(0.,0.,1.));
#6565=DIRECTION('ref_axis',(1.,0.,0.));
#6566=DIRECTION('center_axis',(0.,0.,1.));
#6567=DIRECTION('ref_axis',(1.,0.,0.));
#6568=DIRECTION('',(0.,0.,1.));
#6569=DIRECTION('center_axis',(0.,0.,1.));
#6570=DIRECTION('ref_axis',(1.,0.,0.));
#6571=DIRECTION('center_axis',(0.,0.,1.));
#6572=DIRECTION('ref_axis',(1.,0.,0.));
#6573=DIRECTION('center_axis',(0.,1.,0.));
#6574=DIRECTION('ref_axis',(0.,0.,1.));
#6575=DIRECTION('',(1.,0.,0.));
#6576=DIRECTION('',(0.,0.,1.));
#6577=DIRECTION('',(0.,0.,1.));
#6578=DIRECTION('center_axis',(1.,0.,0.));
#6579=DIRECTION('ref_axis',(0.,0.,-1.));
#6580=DIRECTION('',(0.,1.,0.));
#6581=DIRECTION('',(0.,0.,-1.));
#6582=DIRECTION('',(0.,-0.997080969802689,-0.0763514221041732));
#6583=DIRECTION('',(0.,-0.997080969802689,-0.0763514221041732));
#6584=DIRECTION('',(0.,-0.996959342642394,-0.0779234824558452));
#6585=DIRECTION('',(0.,-0.994769124579189,-0.102148856009034));
#6586=DIRECTION('',(0.,-0.994769124579189,-0.102148856009034));
#6587=DIRECTION('',(0.,-0.994538908565337,-0.104366466595681));
#6588=DIRECTION('',(0.,-0.995948207506878,-0.0899286826537357));
#6589=DIRECTION('',(0.,-0.995948207506878,-0.0899286826537357));
#6590=DIRECTION('center_axis',(1.,-2.0094810965261E-31,5.67922266085251E-30));
#6591=DIRECTION('ref_axis',(5.67922266085251E-30,0.,-1.));
#6592=DIRECTION('',(-2.0094810965261E-31,-1.,0.));
#6593=DIRECTION('',(0.,-0.995704453201833,-0.0925885623283947));
#6594=DIRECTION('',(0.,-0.995704453201833,-0.0925885623283947));
#6595=DIRECTION('',(0.,-0.995426813279843,-0.0955272704704627));
#6596=DIRECTION('',(0.,-0.996002461927142,-0.0893257848276256));
#6597=DIRECTION('',(0.,-0.996002461927142,-0.0893257848276256));
#6598=DIRECTION('',(0.,-0.996002461927142,-0.0893257848276256));
#6599=DIRECTION('',(0.,-0.996002461927142,-0.0893257848276256));
#6600=DIRECTION('',(0.,-0.996002461927142,-0.0893257848276256));
#6601=DIRECTION('',(0.,-0.996679667650196,-0.0814226018541216));
#6602=DIRECTION('',(0.,-0.996670909260221,-0.0815297407968668));
#6603=DIRECTION('',(0.,-0.996472351509077,-0.0839217056426506));
#6604=DIRECTION('',(0.,0.,-1.));
#6605=DIRECTION('center_axis',(0.,-1.,0.));
#6606=DIRECTION('ref_axis',(0.,0.,-1.));
#6607=DIRECTION('',(-1.,0.,0.));
#6608=DIRECTION('center_axis',(0.,0.,1.));
#6609=DIRECTION('ref_axis',(1.,0.,0.));
#6610=DIRECTION('center_axis',(0.,0.,1.));
#6611=DIRECTION('ref_axis',(1.,0.,0.));
#6612=DIRECTION('',(0.,0.,1.));
#6613=DIRECTION('',(0.,-0.996691528064978,-0.0812772900846248));
#6614=DIRECTION('',(0.,-0.996959472711249,-0.0779218183265037));
#6615=DIRECTION('',(0.,-0.996667511290523,-0.0815712690716302));
#6616=DIRECTION('center_axis',(0.,0.,1.));
#6617=DIRECTION('ref_axis',(1.,0.,0.));
#6618=DIRECTION('center_axis',(0.,0.,1.));
#6619=DIRECTION('ref_axis',(1.,0.,0.));
#6620=DIRECTION('',(0.,0.,1.));
#6621=DIRECTION('center_axis',(0.,0.,1.));
#6622=DIRECTION('ref_axis',(1.,0.,0.));
#6623=DIRECTION('center_axis',(0.,0.,1.));
#6624=DIRECTION('ref_axis',(1.,0.,0.));
#6625=DIRECTION('center_axis',(7.93016446160826E-17,1.,0.));
#6626=DIRECTION('ref_axis',(0.,0.,1.));
#6627=DIRECTION('',(1.,-7.93016446160826E-17,0.));
#6628=DIRECTION('',(0.,0.,1.));
#6629=DIRECTION('',(0.,0.,1.));
#6630=DIRECTION('center_axis',(1.,1.57979778718995E-30,-1.01930765726749E-29));
#6631=DIRECTION('ref_axis',(-1.01930765726749E-29,0.,-1.));
#6632=DIRECTION('',(-1.57979778718995E-30,1.,0.));
#6633=DIRECTION('',(0.,0.,-1.));
#6634=DIRECTION('',(0.,-0.996234898114896,-0.086695027412203));
#6635=DIRECTION('',(0.,-0.996692214537444,-0.0812688715342165));
#6636=DIRECTION('',(0.,-0.996180108930152,-0.0873223371876318));
#6637=DIRECTION('',(0.,-0.996180108930152,-0.0873223371876318));
#6638=DIRECTION('',(0.,-0.99574388642599,-0.0921635103783788));
#6639=DIRECTION('',(0.,-0.995554522622689,-0.0941870080505297));
#6640=DIRECTION('',(0.,-0.995411417234194,-0.095687566798477));
#6641=DIRECTION('',(0.,-0.995411417234194,-0.095687566798477));
#6642=DIRECTION('center_axis',(1.,0.,0.));
#6643=DIRECTION('ref_axis',(0.,0.,-1.));
#6644=DIRECTION('',(0.,-1.,0.));
#6645=DIRECTION('',(0.,-0.995137744491714,-0.0984929920752946));
#6646=DIRECTION('',(0.,-0.99528471329809,-0.0969965951729164));
#6647=DIRECTION('',(0.,-0.996140255140296,-0.0877758058295409));
#6648=DIRECTION('',(0.,-0.996140255140296,-0.0877758058295409));
#6649=DIRECTION('',(0.,-0.996140255140296,-0.0877758058295409));
#6650=DIRECTION('',(0.,-0.996608441672258,-0.0822898170346294));
#6651=DIRECTION('',(0.,-0.996608441672258,-0.0822898170346294));
#6652=DIRECTION('',(0.,-0.996959472711249,-0.0779218183265037));
#6653=DIRECTION('',(0.,-0.997081029338801,-0.076350644612063));
#6654=DIRECTION('',(0.,0.,-1.));
#6655=DIRECTION('center_axis',(-7.93016446160826E-17,-1.,0.));
#6656=DIRECTION('ref_axis',(0.,0.,-1.));
#6657=DIRECTION('',(-1.,7.93016446160826E-17,0.));
#6658=DIRECTION('center_axis',(0.,0.,1.));
#6659=DIRECTION('ref_axis',(-4.4408920985006E-15,1.,0.));
#6660=DIRECTION('center_axis',(0.,0.,1.));
#6661=DIRECTION('ref_axis',(-4.4408920985006E-15,1.,0.));
#6662=DIRECTION('',(0.,0.,1.));
#6663=DIRECTION('center_axis',(0.,0.,1.));
#6664=DIRECTION('ref_axis',(-4.4408920985006E-15,1.,0.));
#6665=DIRECTION('',(0.,0.,1.));
#6666=DIRECTION('center_axis',(0.,1.,0.));
#6667=DIRECTION('ref_axis',(-1.,0.,0.));
#6668=DIRECTION('',(-1.,0.,0.));
#6669=DIRECTION('',(-1.,0.,0.));
#6670=DIRECTION('',(0.,0.,1.));
#6671=DIRECTION('center_axis',(0.,0.,1.));
#6672=DIRECTION('ref_axis',(1.,4.99600361081318E-15,0.));
#6673=DIRECTION('center_axis',(0.,0.,1.));
#6674=DIRECTION('ref_axis',(1.,4.99600361081318E-15,0.));
#6675=DIRECTION('center_axis',(0.,0.,1.));
#6676=DIRECTION('ref_axis',(1.,4.99600361081318E-15,0.));
#6677=DIRECTION('',(0.,0.,1.));
#6678=DIRECTION('center_axis',(1.,0.,0.));
#6679=DIRECTION('ref_axis',(0.,1.,0.));
#6680=DIRECTION('',(0.,1.,0.));
#6681=DIRECTION('',(0.,1.,0.));
#6682=DIRECTION('',(0.,0.,1.));
#6683=DIRECTION('center_axis',(0.,0.,1.));
#6684=DIRECTION('ref_axis',(4.4408920985006E-15,-1.,0.));
#6685=DIRECTION('center_axis',(0.,0.,1.));
#6686=DIRECTION('ref_axis',(4.4408920985006E-15,-1.,0.));
#6687=DIRECTION('center_axis',(0.,0.,1.));
#6688=DIRECTION('ref_axis',(4.4408920985006E-15,-1.,0.));
#6689=DIRECTION('',(0.,0.,1.));
#6690=DIRECTION('center_axis',(0.,-1.,0.));
#6691=DIRECTION('ref_axis',(1.,0.,0.));
#6692=DIRECTION('',(1.,0.,0.));
#6693=DIRECTION('',(1.,0.,0.));
#6694=DIRECTION('',(0.,0.,1.));
#6695=DIRECTION('center_axis',(0.,0.,1.));
#6696=DIRECTION('ref_axis',(-1.,-4.99600361081318E-15,0.));
#6697=DIRECTION('center_axis',(0.,0.,1.));
#6698=DIRECTION('ref_axis',(-1.,-4.99600361081318E-15,0.));
#6699=DIRECTION('center_axis',(0.,0.,1.));
#6700=DIRECTION('ref_axis',(-1.,-4.99600361081318E-15,0.));
#6701=DIRECTION('',(0.,0.,1.));
#6702=DIRECTION('center_axis',(-1.,0.,0.));
#6703=DIRECTION('ref_axis',(0.,-1.,0.));
#6704=DIRECTION('',(0.,-1.,0.));
#6705=DIRECTION('',(0.,-1.,0.));
#6706=DIRECTION('center_axis',(0.,0.,1.));
#6707=DIRECTION('ref_axis',(1.,0.,0.));
#6708=DIRECTION('center_axis',(0.,0.,1.));
#6709=DIRECTION('ref_axis',(1.,0.,0.));
#6710=DIRECTION('axis',(0.,0.,1.));
#6711=DIRECTION('refdir',(1.,0.,0.));
#6712=DIRECTION('axis',(0.,0.,1.));
#6713=DIRECTION('refdir',(1.,0.,0.));
#6714=DIRECTION('axis',(0.,0.,1.));
#6715=DIRECTION('refdir',(1.,0.,0.));
#6716=DIRECTION('',(0.,-1.,0.));
#6717=DIRECTION('',(1.,0.,0.));
#6718=DIRECTION('',(0.,1.,0.));
#6719=DIRECTION('',(-1.,0.,0.));
#6720=DIRECTION('',(-1.,0.,0.));
#6721=DIRECTION('',(0.,1.,0.));
#6722=DIRECTION('',(-1.,0.,0.));
#6723=DIRECTION('',(0.,1.,0.));
#6724=DIRECTION('',(0.933580426497202,0.,-0.3583679495453));
#6725=DIRECTION('',(0.,-1.,0.));
#6726=DIRECTION('',(0.,0.,1.));
#6727=DIRECTION('',(1.,0.,0.));
#6728=DIRECTION('',(0.,0.,1.));
#6729=DIRECTION('',(1.,0.,0.));
#6730=CARTESIAN_POINT('',(0.,0.,0.));
#6731=CARTESIAN_POINT('',(0.,0.,0.));
#6732=CARTESIAN_POINT('Origin',(20.3037711265252,14.9386555651371,0.));
#6733=CARTESIAN_POINT('',(30.0784005191843,24.5878910911224,0.));
#6734=CARTESIAN_POINT('',(30.0294609246338,24.6020438527026,0.));
#6735=CARTESIAN_POINT('Origin',(29.9708901343208,24.3078169631735,0.));
#6736=CARTESIAN_POINT('',(32.015052637914,23.844479994367,0.));
#6737=CARTESIAN_POINT('',(30.0784005191843,24.5878910911224,0.));
#6738=CARTESIAN_POINT('',(32.1876163809995,23.4568954815542,0.));
#6739=CARTESIAN_POINT('Origin',(31.9075422530504,23.5644058664178,0.));
#6740=CARTESIAN_POINT('',(23.7822563290516,1.56018392541061,0.));
#6741=CARTESIAN_POINT('',(32.1876163809995,23.4568954815542,0.));
#6742=CARTESIAN_POINT('',(23.430231376302,1.37645029091838,0.));
#6743=CARTESIAN_POINT('Origin',(23.5021822011025,1.66769431027419,0.));
#6744=CARTESIAN_POINT('',(8.62804917519951,5.03327806225668,0.));
#6745=CARTESIAN_POINT('',(23.430231376302,1.37645029091838,0.));
#6746=CARTESIAN_POINT('',(8.4,5.3245220816125,0.));
#6747=CARTESIAN_POINT('Origin',(8.7,5.3245220816125,0.));
#6748=CARTESIAN_POINT('',(8.4,28.20961682,0.));
#6749=CARTESIAN_POINT('',(8.4,5.3245220816125,0.));
#6750=CARTESIAN_POINT('',(8.7,28.50961682,0.));
#6751=CARTESIAN_POINT('Origin',(8.7,28.20961682,0.));
#6752=CARTESIAN_POINT('',(10.3704300875582,28.50961682,0.));
#6753=CARTESIAN_POINT('',(8.7,28.50961682,0.));
#6754=CARTESIAN_POINT('',(10.4290008778713,28.5038437095293,0.));
#6755=CARTESIAN_POINT('Origin',(10.3704300875582,28.2096168200002,0.));
#6756=CARTESIAN_POINT('',(10.4290008778713,28.5038437095293,0.));
#6757=CARTESIAN_POINT('',(9.13,6.08961682,0.));
#6758=CARTESIAN_POINT('Origin',(9.4,6.08961682,0.));
#6759=CARTESIAN_POINT('',(9.13,27.50961682,0.));
#6760=CARTESIAN_POINT('Origin',(9.4,27.50961682,0.));
#6761=CARTESIAN_POINT('',(9.13,25.50961682,0.));
#6762=CARTESIAN_POINT('Origin',(9.4,25.50961682,0.));
#6763=CARTESIAN_POINT('',(9.13,8.08961682,0.));
#6764=CARTESIAN_POINT('Origin',(9.4,8.08961682,0.));
#6765=CARTESIAN_POINT('',(22.5397741530986,5.02043465885917,0.));
#6766=CARTESIAN_POINT('',(21.9893498762038,3.58653039417867,0.));
#6767=CARTESIAN_POINT('',(22.5397741530986,5.02043465885917,0.));
#6768=CARTESIAN_POINT('',(22.733566409505,5.10671653040196,0.));
#6769=CARTESIAN_POINT('Origin',(22.6798112170732,4.96667946642738,0.));
#6770=CARTESIAN_POINT('',(23.1536776014287,4.94545095310657,0.));
#6771=CARTESIAN_POINT('',(23.5737887933524,4.78418537581119,0.));
#6772=CARTESIAN_POINT('',(28.3162559939095,18.3944274689829,0.));
#6773=CARTESIAN_POINT('',(24.4486209351809,8.31889367126243,0.));
#6774=CARTESIAN_POINT('',(27.4027568827789,19.0943638737504,0.));
#6775=CARTESIAN_POINT('Origin',(27.7561077380112,18.60944823871,0.));
#6776=CARTESIAN_POINT('',(10.2169496539401,6.57132018665344,0.));
#6777=CARTESIAN_POINT('',(24.0953411198512,16.6842988975162,0.));
#6778=CARTESIAN_POINT('',(10.2,6.53799693223129,0.));
#6779=CARTESIAN_POINT('Origin',(10.2412318168533,6.53799693223129,0.));
#6780=CARTESIAN_POINT('',(10.2,6.52002068182068,0.));
#6781=CARTESIAN_POINT('',(10.2,10.7383262486842,0.));
#6782=CARTESIAN_POINT('',(10.2203601821987,6.49401847728217,0.));
#6783=CARTESIAN_POINT('Origin',(10.2267839366412,6.52002068182068,0.));
#6784=CARTESIAN_POINT('',(13.9889518585243,5.56300097502528,0.));
#6785=CARTESIAN_POINT('',(11.1533508552323,9.48085344020505,0.));
#6786=CARTESIAN_POINT('',(28.4178035617835,22.0612049243739,0.));
#6787=CARTESIAN_POINT('',(15.4406118232294,12.6049171333041,0.));
#6788=CARTESIAN_POINT('',(28.1815942871775,23.1345743384729,0.));
#6789=CARTESIAN_POINT('Origin',(28.0644527065512,22.5461205594142,0.));
#6790=CARTESIAN_POINT('',(10.2303316227096,26.7080738342487,0.));
#6791=CARTESIAN_POINT('',(25.1774953029785,23.7325905563819,0.));
#6792=CARTESIAN_POINT('',(10.214677341477,26.70961682,0.));
#6793=CARTESIAN_POINT('Origin',(10.214677341477,26.6294354814067,0.));
#6794=CARTESIAN_POINT('',(10.2079031838722,26.70961682,0.));
#6795=CARTESIAN_POINT('',(15.2592242340011,26.70961682,0.));
#6796=CARTESIAN_POINT('',(10.2,26.7017136361278,0.));
#6797=CARTESIAN_POINT('Origin',(10.2079031838722,26.7017136361278,0.));
#6798=CARTESIAN_POINT('',(10.2,9.96576907524543,0.));
#6799=CARTESIAN_POINT('',(10.2,20.8201846006324,0.));
#6800=CARTESIAN_POINT('Origin',(10.8,9.96576907524543,0.));
#6801=CARTESIAN_POINT('Origin',(22.7661913506672,3.93601475852848,0.));
#6802=CARTESIAN_POINT('',(23.1536776014287,4.94545095310657,1.));
#6803=CARTESIAN_POINT('',(23.1536776014287,4.94545095310657,0.4));
#6804=CARTESIAN_POINT('',(28.3162559939095,18.3944274689829,1.));
#6805=CARTESIAN_POINT('',(24.4486209351809,8.31889367126243,1.));
#6806=CARTESIAN_POINT('',(28.3162559939095,18.3944274689829,0.));
#6807=CARTESIAN_POINT('Origin',(23.5737887933524,4.78418537581119,0.8));
#6808=CARTESIAN_POINT('',(22.733566409505,5.10671653040196,3.45));
#6809=CARTESIAN_POINT('',(22.733566409505,5.10671653040196,0.8));
#6810=CARTESIAN_POINT('',(23.5737887933524,4.78418537581119,3.45));
#6811=CARTESIAN_POINT('',(23.5737887933524,4.78418537581119,3.45));
#6812=CARTESIAN_POINT('',(23.5737887933524,4.78418537581119,1.));
#6813=CARTESIAN_POINT('',(23.5737887933524,4.78418537581119,0.8));
#6814=CARTESIAN_POINT('',(20.4500935008059,5.98325965502924,1.));
#6815=CARTESIAN_POINT('Origin',(9.4,6.08961682,0.));
#6816=CARTESIAN_POINT('',(9.13,6.08961682,1.));
#6817=CARTESIAN_POINT('',(9.13,6.08961682,0.));
#6818=CARTESIAN_POINT('Origin',(9.4,6.08961682,1.));
#6819=CARTESIAN_POINT('Origin',(9.4,27.50961682,0.));
#6820=CARTESIAN_POINT('',(9.13,27.50961682,1.));
#6821=CARTESIAN_POINT('',(9.13,27.50961682,0.));
#6822=CARTESIAN_POINT('Origin',(9.4,27.50961682,1.));
#6823=CARTESIAN_POINT('Origin',(9.4,25.50961682,0.));
#6824=CARTESIAN_POINT('',(9.13,25.50961682,1.));
#6825=CARTESIAN_POINT('',(9.13,25.50961682,0.));
#6826=CARTESIAN_POINT('Origin',(9.4,25.50961682,1.));
#6827=CARTESIAN_POINT('Origin',(9.4,8.08961682,0.));
#6828=CARTESIAN_POINT('',(9.13,8.08961682,1.));
#6829=CARTESIAN_POINT('',(9.13,8.08961682,0.));
#6830=CARTESIAN_POINT('Origin',(9.4,8.08961682,1.));
#6831=CARTESIAN_POINT('Origin',(22.091814216167,3.85345912573768,2.65));
#6832=CARTESIAN_POINT('',(23.2927435166113,3.63347318224519,2.65));
#6833=CARTESIAN_POINT('Origin',(23.2121107279636,3.42341758628332,2.65));
#6834=CARTESIAN_POINT('',(22.1724470048147,4.06351472169955,2.65));
#6835=CARTESIAN_POINT('',(22.1724470048147,4.06351472169955,2.65));
#6836=CARTESIAN_POINT('Origin',(22.091814216167,3.85345912573768,2.65));
#6837=CARTESIAN_POINT('Origin',(21.7301361507781,2.49269133620979,0.8));
#6838=CARTESIAN_POINT('',(22.5703585346256,2.17016018161902,1.));
#6839=CARTESIAN_POINT('',(21.7301361507781,2.49269133620979,1.));
#6840=CARTESIAN_POINT('',(19.0265520501553,3.53050003813246,1.));
#6841=CARTESIAN_POINT('',(22.5703585346256,2.17016018161902,3.45));
#6842=CARTESIAN_POINT('',(22.5703585346256,2.17016018161902,0.8));
#6843=CARTESIAN_POINT('',(21.7301361507781,2.49269133620979,3.45));
#6844=CARTESIAN_POINT('',(21.7301361507781,2.49269133620979,3.45));
#6845=CARTESIAN_POINT('',(21.7301361507781,2.49269133620979,0.8));
#6846=CARTESIAN_POINT('Origin',(22.6241137270574,2.3101972455936,0.8));
#6847=CARTESIAN_POINT('',(22.764150791032,2.25644205316181,1.));
#6848=CARTESIAN_POINT('Origin',(22.6241137270574,2.3101972455936,1.));
#6849=CARTESIAN_POINT('',(22.764150791032,2.25644205316181,3.45));
#6850=CARTESIAN_POINT('',(22.764150791032,2.25644205316181,0.8));
#6851=CARTESIAN_POINT('Origin',(22.6241137270574,2.3101972455936,3.45));
#6852=CARTESIAN_POINT('Origin',(22.764150791032,2.25644205316181,0.8));
#6853=CARTESIAN_POINT('',(23.6600706648952,4.59039311940481,1.));
#6854=CARTESIAN_POINT('',(24.7276747833124,7.37159693371549,1.));
#6855=CARTESIAN_POINT('',(23.6600706648952,4.59039311940481,3.45));
#6856=CARTESIAN_POINT('',(23.6600706648952,4.59039311940481,0.8));
#6857=CARTESIAN_POINT('',(22.764150791032,2.25644205316181,3.45));
#6858=CARTESIAN_POINT('Origin',(23.5200336009206,4.6441483118366,0.8));
#6859=CARTESIAN_POINT('Origin',(23.5200336009206,4.6441483118366,1.));
#6860=CARTESIAN_POINT('Origin',(23.5200336009206,4.6441483118366,3.45));
#6861=CARTESIAN_POINT('Origin',(21.7838913432099,2.63272840018437,0.8));
#6862=CARTESIAN_POINT('',(21.6438542792353,2.68648359261617,1.));
#6863=CARTESIAN_POINT('Origin',(21.7838913432099,2.63272840018437,1.));
#6864=CARTESIAN_POINT('',(21.6438542792353,2.68648359261617,3.45));
#6865=CARTESIAN_POINT('Origin',(21.7838913432099,2.63272840018437,3.45));
#6866=CARTESIAN_POINT('',(21.6438542792353,2.68648359261617,0.8));
#6867=CARTESIAN_POINT('Origin',(22.5397741530986,5.02043465885917,0.8));
#6868=CARTESIAN_POINT('',(21.9893498762038,3.58653039417867,1.));
#6869=CARTESIAN_POINT('',(24.0553382084474,8.96861400629136,1.));
#6870=CARTESIAN_POINT('',(22.5397741530986,5.02043465885917,3.45));
#6871=CARTESIAN_POINT('',(22.5397741530986,5.02043465885917,3.45));
#6872=CARTESIAN_POINT('',(22.5397741530986,5.02043465885917,0.8));
#6873=CARTESIAN_POINT('',(21.9893498762038,3.58653039417867,0.4));
#6874=CARTESIAN_POINT('Origin',(22.6798112170732,4.96667946642738,0.8));
#6875=CARTESIAN_POINT('Origin',(22.6798112170732,4.96667946642738,3.45));
#6876=CARTESIAN_POINT('Origin',(22.6519624720653,3.63843835601049,3.45));
#6877=CARTESIAN_POINT('Origin',(10.2203601821987,6.49401847728217,0.));
#6878=CARTESIAN_POINT('',(10.2203601821987,6.49401847728217,1.));
#6879=CARTESIAN_POINT('',(10.2203601821987,6.49401847728217,0.));
#6880=CARTESIAN_POINT('',(13.9889518585243,5.56300097502528,1.));
#6881=CARTESIAN_POINT('Origin',(29.4094714330883,22.9166079207171,2.65));
#6882=CARTESIAN_POINT('',(30.6104007335326,22.6966219772246,2.65));
#6883=CARTESIAN_POINT('Origin',(30.5297679448849,22.4865663812628,2.65));
#6884=CARTESIAN_POINT('',(29.490104221736,23.126663516679,2.65));
#6885=CARTESIAN_POINT('',(29.490104221736,23.126663516679,2.65));
#6886=CARTESIAN_POINT('Origin',(29.4094714330883,22.9166079207171,2.65));
#6887=CARTESIAN_POINT('Origin',(29.0477933676995,21.5558401311892,0.8));
#6888=CARTESIAN_POINT('',(29.8880157515469,21.2333089765985,1.));
#6889=CARTESIAN_POINT('',(29.0477933676995,21.5558401311892,1.));
#6890=CARTESIAN_POINT('',(26.3442092670767,22.5936488331119,1.));
#6891=CARTESIAN_POINT('',(29.8880157515469,21.2333089765985,3.45));
#6892=CARTESIAN_POINT('',(29.8880157515469,21.2333089765985,0.8));
#6893=CARTESIAN_POINT('',(29.0477933676995,21.5558401311892,3.45));
#6894=CARTESIAN_POINT('',(29.0477933676995,21.5558401311892,3.45));
#6895=CARTESIAN_POINT('',(29.0477933676995,21.5558401311892,0.8));
#6896=CARTESIAN_POINT('Origin',(29.9417709439787,21.3733460405731,0.8));
#6897=CARTESIAN_POINT('',(30.0818080079533,21.3195908481413,1.));
#6898=CARTESIAN_POINT('Origin',(29.9417709439787,21.3733460405731,1.));
#6899=CARTESIAN_POINT('',(30.0818080079533,21.3195908481413,3.45));
#6900=CARTESIAN_POINT('',(30.0818080079533,21.3195908481413,0.8));
#6901=CARTESIAN_POINT('Origin',(29.9417709439787,21.3733460405731,3.45));
#6902=CARTESIAN_POINT('Origin',(30.0818080079533,21.3195908481413,0.8));
#6903=CARTESIAN_POINT('',(30.9777278818166,23.6535419143843,1.));
#6904=CARTESIAN_POINT('',(28.3865033917731,16.9031713312052,1.));
#6905=CARTESIAN_POINT('',(30.9777278818166,23.6535419143843,3.45));
#6906=CARTESIAN_POINT('',(30.9777278818166,23.6535419143843,0.8));
#6907=CARTESIAN_POINT('',(30.0818080079533,21.3195908481413,3.45));
#6908=CARTESIAN_POINT('Origin',(30.837690817842,23.707297106816,0.8));
#6909=CARTESIAN_POINT('',(30.8914460102738,23.8473341707906,1.));
#6910=CARTESIAN_POINT('Origin',(30.837690817842,23.707297106816,1.));
#6911=CARTESIAN_POINT('',(30.8914460102738,23.8473341707906,3.45));
#6912=CARTESIAN_POINT('',(30.8914460102738,23.8473341707906,0.8));
#6913=CARTESIAN_POINT('Origin',(30.837690817842,23.707297106816,3.45));
#6914=CARTESIAN_POINT('Origin',(29.1015485601313,21.6958771951638,0.8));
#6915=CARTESIAN_POINT('',(28.9615114961567,21.7496323875956,1.));
#6916=CARTESIAN_POINT('Origin',(29.1015485601313,21.6958771951638,1.));
#6917=CARTESIAN_POINT('',(28.9615114961567,21.7496323875956,3.45));
#6918=CARTESIAN_POINT('Origin',(29.1015485601313,21.6958771951638,3.45));
#6919=CARTESIAN_POINT('',(28.9615114961567,21.7496323875956,0.8));
#6920=CARTESIAN_POINT('Origin',(29.8574313700199,24.0835834538386,0.8));
#6921=CARTESIAN_POINT('',(29.8574313700199,24.0835834538386,1.));
#6922=CARTESIAN_POINT('',(27.7141668169081,18.5001884037811,1.));
#6923=CARTESIAN_POINT('',(29.8574313700199,24.0835834538386,3.45));
#6924=CARTESIAN_POINT('',(29.8574313700199,24.0835834538386,3.45));
#6925=CARTESIAN_POINT('',(29.8574313700199,24.0835834538386,0.8));
#6926=CARTESIAN_POINT('Origin',(29.9974684339945,24.0298282614068,0.8));
#6927=CARTESIAN_POINT('',(30.0512236264263,24.1698653253814,1.));
#6928=CARTESIAN_POINT('Origin',(29.9974684339945,24.0298282614068,1.));
#6929=CARTESIAN_POINT('',(30.0512236264263,24.1698653253814,3.45));
#6930=CARTESIAN_POINT('Origin',(29.9974684339945,24.0298282614068,3.45));
#6931=CARTESIAN_POINT('',(30.0512236264263,24.1698653253814,0.8));
#6932=CARTESIAN_POINT('Origin',(30.8914460102738,23.8473341707906,0.8));
#6933=CARTESIAN_POINT('',(27.7677507177273,25.0464084500087,1.));
#6934=CARTESIAN_POINT('',(30.8914460102738,23.8473341707906,3.45));
#6935=CARTESIAN_POINT('Origin',(29.9696196889866,22.7015871509899,3.45));
#6936=CARTESIAN_POINT('Origin',(10.2,6.53799693223129,0.));
#6937=CARTESIAN_POINT('',(10.2,6.52002068182068,1.));
#6938=CARTESIAN_POINT('',(10.2,6.53799693223129,1.));
#6939=CARTESIAN_POINT('',(10.2,10.7383262486842,1.));
#6940=CARTESIAN_POINT('',(10.2,6.52002068182068,0.));
#6941=CARTESIAN_POINT('',(10.2,6.53799693223129,0.));
#6942=CARTESIAN_POINT('Origin',(10.2412318168533,6.53799693223129,0.));
#6943=CARTESIAN_POINT('',(10.2169496539401,6.57132018665344,1.));
#6944=CARTESIAN_POINT('Origin',(10.2412318168533,6.53799693223129,1.));
#6945=CARTESIAN_POINT('',(10.2169496539401,6.57132018665344,0.));
#6946=CARTESIAN_POINT('Origin',(27.4027568827789,19.0943638737504,0.));
#6947=CARTESIAN_POINT('',(27.4027568827789,19.0943638737504,1.));
#6948=CARTESIAN_POINT('',(24.0953411198512,16.6842988975162,1.));
#6949=CARTESIAN_POINT('',(27.4027568827789,19.0943638737504,0.));
#6950=CARTESIAN_POINT('Origin',(27.7561077380112,18.60944823871,0.));
#6951=CARTESIAN_POINT('Origin',(27.7561077380112,18.60944823871,1.));
#6952=CARTESIAN_POINT('Origin',(10.2267839366412,6.52002068182068,0.));
#6953=CARTESIAN_POINT('Origin',(10.2267839366412,6.52002068182068,1.));
#6954=CARTESIAN_POINT('Origin',(10.214677341477,26.70961682,0.));
#6955=CARTESIAN_POINT('',(10.2079031838722,26.70961682,1.));
#6956=CARTESIAN_POINT('',(10.214677341477,26.70961682,1.));
#6957=CARTESIAN_POINT('',(15.2592242340011,26.70961682,1.));
#6958=CARTESIAN_POINT('',(10.2079031838722,26.70961682,0.));
#6959=CARTESIAN_POINT('',(10.214677341477,26.70961682,0.));
#6960=CARTESIAN_POINT('Origin',(10.214677341477,26.6294354814067,0.));
#6961=CARTESIAN_POINT('',(10.2303316227096,26.7080738342487,1.));
#6962=CARTESIAN_POINT('Origin',(10.214677341477,26.6294354814067,1.));
#6963=CARTESIAN_POINT('',(10.2303316227096,26.7080738342487,0.));
#6964=CARTESIAN_POINT('Origin',(28.1815942871775,23.1345743384729,0.));
#6965=CARTESIAN_POINT('',(28.1815942871775,23.1345743384729,1.));
#6966=CARTESIAN_POINT('',(25.1774953029785,23.7325905563819,1.));
#6967=CARTESIAN_POINT('',(28.1815942871775,23.1345743384729,0.));
#6968=CARTESIAN_POINT('Origin',(28.0644527065512,22.5461205594142,0.));
#6969=CARTESIAN_POINT('',(28.4178035617835,22.0612049243739,1.));
#6970=CARTESIAN_POINT('Origin',(28.0644527065512,22.5461205594142,1.));
#6971=CARTESIAN_POINT('',(28.4178035617835,22.0612049243739,0.));
#6972=CARTESIAN_POINT('Origin',(11.1533508552323,9.48085344020505,0.));
#6973=CARTESIAN_POINT('',(11.1533508552323,9.48085344020505,1.));
#6974=CARTESIAN_POINT('',(15.4406118232294,12.6049171333041,1.));
#6975=CARTESIAN_POINT('',(11.1533508552323,9.48085344020505,0.));
#6976=CARTESIAN_POINT('Origin',(10.8,9.96576907524543,0.));
#6977=CARTESIAN_POINT('',(10.2,9.96576907524543,1.));
#6978=CARTESIAN_POINT('Origin',(10.8,9.96576907524543,1.));
#6979=CARTESIAN_POINT('',(10.2,9.96576907524543,0.));
#6980=CARTESIAN_POINT('Origin',(10.2,26.7017136361278,0.));
#6981=CARTESIAN_POINT('',(10.2,26.7017136361278,1.));
#6982=CARTESIAN_POINT('',(10.2,20.8201846006324,1.));
#6983=CARTESIAN_POINT('',(10.2,26.7017136361278,0.));
#6984=CARTESIAN_POINT('Origin',(10.2079031838722,26.7017136361278,0.));
#6985=CARTESIAN_POINT('Origin',(10.2079031838722,26.7017136361278,1.));
#6986=CARTESIAN_POINT('Origin',(32.015052637914,23.844479994367,0.));
#6987=CARTESIAN_POINT('',(30.0784005191843,24.5878910911224,1.));
#6988=CARTESIAN_POINT('',(30.0784005191843,24.5878910911224,0.));
#6989=CARTESIAN_POINT('',(32.015052637914,23.844479994367,1.));
#6990=CARTESIAN_POINT('',(30.0784005191843,24.5878910911224,1.));
#6991=CARTESIAN_POINT('',(32.015052637914,23.844479994367,0.));
#6992=CARTESIAN_POINT('Origin',(31.9075422530504,23.5644058664178,0.));
#6993=CARTESIAN_POINT('',(32.1876163809995,23.4568954815542,1.));
#6994=CARTESIAN_POINT('Origin',(31.9075422530504,23.5644058664178,1.));
#6995=CARTESIAN_POINT('',(32.1876163809995,23.4568954815542,0.));
#6996=CARTESIAN_POINT('Origin',(23.7822563290516,1.56018392541061,0.));
#6997=CARTESIAN_POINT('',(23.7822563290516,1.56018392541061,1.));
#6998=CARTESIAN_POINT('',(32.1876163809995,23.4568954815542,1.));
#6999=CARTESIAN_POINT('',(23.7822563290516,1.56018392541061,0.));
#7000=CARTESIAN_POINT('Origin',(23.5021822011025,1.66769431027419,0.));
#7001=CARTESIAN_POINT('',(23.430231376302,1.37645029091838,1.));
#7002=CARTESIAN_POINT('Origin',(23.5021822011025,1.66769431027419,1.));
#7003=CARTESIAN_POINT('',(23.430231376302,1.37645029091838,0.));
#7004=CARTESIAN_POINT('Origin',(8.62804917519951,5.03327806225668,0.));
#7005=CARTESIAN_POINT('',(8.6280491751995,5.03327806225668,1.));
#7006=CARTESIAN_POINT('',(23.430231376302,1.37645029091838,1.));
#7007=CARTESIAN_POINT('',(8.62804917519951,5.03327806225668,0.));
#7008=CARTESIAN_POINT('Origin',(8.7,5.3245220816125,0.));
#7009=CARTESIAN_POINT('',(8.4,5.3245220816125,1.));
#7010=CARTESIAN_POINT('Origin',(8.7,5.3245220816125,1.));
#7011=CARTESIAN_POINT('',(8.4,5.3245220816125,0.));
#7012=CARTESIAN_POINT('Origin',(8.4,28.20961682,0.));
#7013=CARTESIAN_POINT('',(8.4,28.20961682,1.));
#7014=CARTESIAN_POINT('',(8.4,5.3245220816125,1.));
#7015=CARTESIAN_POINT('',(8.4,28.20961682,0.));
#7016=CARTESIAN_POINT('Origin',(8.7,28.20961682,0.));
#7017=CARTESIAN_POINT('',(8.7,28.50961682,1.));
#7018=CARTESIAN_POINT('Origin',(8.7,28.20961682,1.));
#7019=CARTESIAN_POINT('',(8.7,28.50961682,0.));
#7020=CARTESIAN_POINT('Origin',(10.3704300875582,28.50961682,0.));
#7021=CARTESIAN_POINT('',(10.3704300875582,28.50961682,1.));
#7022=CARTESIAN_POINT('',(8.7,28.50961682,1.));
#7023=CARTESIAN_POINT('',(10.3704300875582,28.50961682,0.));
#7024=CARTESIAN_POINT('Origin',(10.3704300875582,28.2096168200002,0.));
#7025=CARTESIAN_POINT('',(10.4290008778713,28.5038437095293,1.));
#7026=CARTESIAN_POINT('Origin',(10.3704300875582,28.2096168200002,1.));
#7027=CARTESIAN_POINT('',(10.4290008778713,28.5038437095293,0.));
#7028=CARTESIAN_POINT('Origin',(30.0294609246338,24.6020438527026,0.));
#7029=CARTESIAN_POINT('',(30.0294609246338,24.6020438527026,1.));
#7030=CARTESIAN_POINT('',(10.4290008778713,28.5038437095293,1.));
#7031=CARTESIAN_POINT('',(30.0294609246338,24.6020438527026,0.));
#7032=CARTESIAN_POINT('Origin',(29.9708901343208,24.3078169631735,0.));
#7033=CARTESIAN_POINT('Origin',(29.9708901343208,24.3078169631735,1.));
#7034=CARTESIAN_POINT('Origin',(20.3037711265252,14.9386555651371,1.));
#7035=CARTESIAN_POINT('',(0.,0.,0.));
#7036=CARTESIAN_POINT('Origin',(-9.4,6.08961682,0.));
#7037=CARTESIAN_POINT('',(-9.67,6.08961682,0.));
#7038=CARTESIAN_POINT('Origin',(-9.4,6.08961682,0.));
#7039=CARTESIAN_POINT('',(-9.67,6.08961682,1.));
#7040=CARTESIAN_POINT('',(-9.67,6.08961682,0.));
#7041=CARTESIAN_POINT('Origin',(-9.4,6.08961682,1.));
#7042=CARTESIAN_POINT('Origin',(-9.4,27.50961682,0.));
#7043=CARTESIAN_POINT('',(-9.67,27.50961682,0.));
#7044=CARTESIAN_POINT('Origin',(-9.4,27.50961682,0.));
#7045=CARTESIAN_POINT('',(-9.67,27.50961682,1.));
#7046=CARTESIAN_POINT('',(-9.67,27.50961682,0.));
#7047=CARTESIAN_POINT('Origin',(-9.4,27.50961682,1.));
#7048=CARTESIAN_POINT('Origin',(-9.4,25.50961682,0.));
#7049=CARTESIAN_POINT('',(-9.67,25.50961682,0.));
#7050=CARTESIAN_POINT('Origin',(-9.4,25.50961682,0.));
#7051=CARTESIAN_POINT('',(-9.67,25.50961682,1.));
#7052=CARTESIAN_POINT('',(-9.67,25.50961682,0.));
#7053=CARTESIAN_POINT('Origin',(-9.4,25.50961682,1.));
#7054=CARTESIAN_POINT('Origin',(-9.4,8.08961682,0.));
#7055=CARTESIAN_POINT('',(-9.67,8.08961682,0.));
#7056=CARTESIAN_POINT('Origin',(-9.4,8.08961682,0.));
#7057=CARTESIAN_POINT('',(-9.67,8.08961682,1.));
#7058=CARTESIAN_POINT('',(-9.67,8.08961682,0.));
#7059=CARTESIAN_POINT('Origin',(-9.4,8.08961682,1.));
#7060=CARTESIAN_POINT('Origin',(-22.091814216167,3.85345912573768,2.65));
#7061=CARTESIAN_POINT('',(-23.1314779393159,3.21336199032144,2.65));
#7062=CARTESIAN_POINT('Origin',(-23.2121107279636,3.42341758628331,2.65));
#7063=CARTESIAN_POINT('',(-22.0111814275193,3.64340352977581,2.65));
#7064=CARTESIAN_POINT('',(-22.0111814275193,3.64340352977581,2.65));
#7065=CARTESIAN_POINT('Origin',(-22.091814216167,3.85345912573768,2.65));
#7066=CARTESIAN_POINT('Origin',(-23.6600706648952,4.59039311940481,0.8));
#7067=CARTESIAN_POINT('',(-22.764150791032,2.25644205316181,1.));
#7068=CARTESIAN_POINT('',(-23.6600706648952,4.59039311940481,1.));
#7069=CARTESIAN_POINT('',(-25.1756347202441,8.538572466837,1.));
#7070=CARTESIAN_POINT('',(-22.764150791032,2.25644205316181,3.45));
#7071=CARTESIAN_POINT('',(-22.764150791032,2.25644205316181,0.8));
#7072=CARTESIAN_POINT('',(-23.6600706648952,4.59039311940481,3.45));
#7073=CARTESIAN_POINT('',(-22.764150791032,2.25644205316181,3.45));
#7074=CARTESIAN_POINT('',(-23.6600706648952,4.59039311940481,0.8));
#7075=CARTESIAN_POINT('Origin',(-22.6241137270574,2.3101972455936,0.8));
#7076=CARTESIAN_POINT('',(-22.5703585346256,2.17016018161902,1.));
#7077=CARTESIAN_POINT('Origin',(-22.6241137270574,2.3101972455936,1.));
#7078=CARTESIAN_POINT('',(-22.5703585346256,2.17016018161902,3.45));
#7079=CARTESIAN_POINT('',(-22.5703585346256,2.17016018161902,0.8));
#7080=CARTESIAN_POINT('Origin',(-22.6241137270574,2.3101972455936,3.45));
#7081=CARTESIAN_POINT('Origin',(-22.5703585346256,2.17016018161902,0.8));
#7082=CARTESIAN_POINT('',(-21.7301361507781,2.49269133620979,1.));
#7083=CARTESIAN_POINT('',(-19.4466632420791,3.36923446083708,1.));
#7084=CARTESIAN_POINT('',(-21.7301361507781,2.49269133620979,3.45));
#7085=CARTESIAN_POINT('',(-21.7301361507781,2.49269133620979,0.8));
#7086=CARTESIAN_POINT('',(-21.7301361507781,2.49269133620979,3.45));
#7087=CARTESIAN_POINT('Origin',(-21.7838913432099,2.63272840018437,0.8));
#7088=CARTESIAN_POINT('',(-21.6438542792353,2.68648359261617,1.));
#7089=CARTESIAN_POINT('Origin',(-21.7838913432099,2.63272840018437,1.));
#7090=CARTESIAN_POINT('',(-21.6438542792353,2.68648359261617,3.45));
#7091=CARTESIAN_POINT('',(-21.6438542792353,2.68648359261617,0.8));
#7092=CARTESIAN_POINT('Origin',(-21.7838913432099,2.63272840018437,3.45));
#7093=CARTESIAN_POINT('Origin',(-23.5200336009206,4.6441483118366,0.8));
#7094=CARTESIAN_POINT('',(-23.5737887933524,4.78418537581119,1.));
#7095=CARTESIAN_POINT('Origin',(-23.5200336009206,4.6441483118366,1.));
#7096=CARTESIAN_POINT('',(-23.5737887933524,4.78418537581119,3.45));
#7097=CARTESIAN_POINT('Origin',(-23.5200336009206,4.6441483118366,3.45));
#7098=CARTESIAN_POINT('',(-23.5737887933524,4.78418537581119,0.8));
#7099=CARTESIAN_POINT('Origin',(-22.6519624720653,3.63843835601049,3.45));
#7100=CARTESIAN_POINT('',(-22.5397741530986,5.02043465885917,3.45));
#7101=CARTESIAN_POINT('',(-22.5397741530986,5.02043465885917,3.45));
#7102=CARTESIAN_POINT('',(-22.733566409505,5.10671653040196,3.45));
#7103=CARTESIAN_POINT('Origin',(-22.6798112170732,4.96667946642738,3.45));
#7104=CARTESIAN_POINT('',(-23.5737887933524,4.78418537581119,3.45));
#7105=CARTESIAN_POINT('Origin',(-22.733566409505,5.10671653040196,0.));
#7106=CARTESIAN_POINT('',(-22.733566409505,5.10671653040196,0.));
#7107=CARTESIAN_POINT('',(-22.733566409505,5.10671653040196,0.));
#7108=CARTESIAN_POINT('',(-23.1536776014287,4.94545095310658,0.));
#7109=CARTESIAN_POINT('',(-23.5737887933524,4.78418537581119,0.));
#7110=CARTESIAN_POINT('',(-23.1536776014287,4.94545095310658,1.));
#7111=CARTESIAN_POINT('',(-23.1536776014287,4.94545095310657,0.));
#7112=CARTESIAN_POINT('',(-20.0299823088822,6.14452523232463,1.));
#7113=CARTESIAN_POINT('Origin',(-22.6798112170732,4.96667946642738,0.));
#7114=CARTESIAN_POINT('',(-22.5397741530986,5.02043465885917,0.));
#7115=CARTESIAN_POINT('',(-22.5397741530986,5.02043465885917,0.));
#7116=CARTESIAN_POINT('Origin',(-22.6798112170732,4.96667946642738,0.));
#7117=CARTESIAN_POINT('Origin',(-21.6438542792353,2.68648359261617,0.));
#7118=CARTESIAN_POINT('',(-21.9893498762038,3.58653039417867,0.));
#7119=CARTESIAN_POINT('',(-21.9893498762038,3.58653039417867,1.));
#7120=CARTESIAN_POINT('',(-21.9893498762038,3.58653039417867,0.));
#7121=CARTESIAN_POINT('',(-22.5397741530986,5.02043465885917,0.));
#7122=CARTESIAN_POINT('',(-23.6073782715158,7.80163847316985,1.));
#7123=CARTESIAN_POINT('Origin',(-29.4094714330883,22.9166079207171,2.65));
#7124=CARTESIAN_POINT('',(-30.4491351562372,22.2765107853009,2.65));
#7125=CARTESIAN_POINT('Origin',(-30.5297679448849,22.4865663812628,2.65));
#7126=CARTESIAN_POINT('',(-29.3288386444406,22.7065523247552,2.65));
#7127=CARTESIAN_POINT('',(-29.3288386444406,22.7065523247552,2.65));
#7128=CARTESIAN_POINT('Origin',(-29.4094714330883,22.9166079207171,2.65));
#7129=CARTESIAN_POINT('Origin',(-29.9974684339945,24.0298282614068,0.8));
#7130=CARTESIAN_POINT('',(-30.0512236264263,24.1698653253814,1.));
#7131=CARTESIAN_POINT('',(-29.8574313700199,24.0835834538386,1.));
#7132=CARTESIAN_POINT('Origin',(-29.9974684339945,24.0298282614068,1.));
#7133=CARTESIAN_POINT('',(-30.0512236264263,24.1698653253814,3.45));
#7134=CARTESIAN_POINT('',(-30.0512236264263,24.1698653253814,0.8));
#7135=CARTESIAN_POINT('',(-29.8574313700199,24.0835834538386,3.45));
#7136=CARTESIAN_POINT('Origin',(-29.9974684339945,24.0298282614068,3.45));
#7137=CARTESIAN_POINT('',(-29.8574313700199,24.0835834538386,0.8));
#7138=CARTESIAN_POINT('Origin',(-30.0512236264263,24.1698653253814,0.8));
#7139=CARTESIAN_POINT('',(-30.8914460102738,23.8473341707906,1.));
#7140=CARTESIAN_POINT('',(-27.3476395258035,25.2076740273041,1.));
#7141=CARTESIAN_POINT('',(-30.8914460102738,23.8473341707906,3.45));
#7142=CARTESIAN_POINT('',(-30.8914460102738,23.8473341707906,0.8));
#7143=CARTESIAN_POINT('',(-30.8914460102738,23.8473341707906,3.45));
#7144=CARTESIAN_POINT('Origin',(-30.837690817842,23.707297106816,0.8));
#7145=CARTESIAN_POINT('',(-30.9777278818166,23.6535419143843,1.));
#7146=CARTESIAN_POINT('Origin',(-30.837690817842,23.707297106816,1.));
#7147=CARTESIAN_POINT('',(-30.9777278818166,23.6535419143843,3.45));
#7148=CARTESIAN_POINT('',(-30.9777278818166,23.6535419143843,0.8));
#7149=CARTESIAN_POINT('Origin',(-30.837690817842,23.707297106816,3.45));
#7150=CARTESIAN_POINT('Origin',(-30.9777278818166,23.6535419143843,0.8));
#7151=CARTESIAN_POINT('',(-30.0818080079533,21.3195908481413,1.));
#7152=CARTESIAN_POINT('',(-28.8344633287047,18.0701468643267,1.));
#7153=CARTESIAN_POINT('',(-30.0818080079533,21.3195908481413,3.45));
#7154=CARTESIAN_POINT('',(-30.0818080079533,21.3195908481413,0.8));
#7155=CARTESIAN_POINT('',(-30.0818080079533,21.3195908481413,3.45));
#7156=CARTESIAN_POINT('Origin',(-28.9615114961567,21.7496323875956,0.8));
#7157=CARTESIAN_POINT('',(-28.9615114961567,21.7496323875956,1.));
#7158=CARTESIAN_POINT('',(-27.2662068799765,17.3332128706596,1.));
#7159=CARTESIAN_POINT('',(-28.9615114961567,21.7496323875956,3.45));
#7160=CARTESIAN_POINT('',(-29.8574313700199,24.0835834538386,3.45));
#7161=CARTESIAN_POINT('',(-28.9615114961567,21.7496323875956,0.8));
#7162=CARTESIAN_POINT('Origin',(-29.1015485601313,21.6958771951638,0.8));
#7163=CARTESIAN_POINT('',(-29.0477933676995,21.5558401311892,1.));
#7164=CARTESIAN_POINT('Origin',(-29.1015485601313,21.6958771951638,1.));
#7165=CARTESIAN_POINT('',(-29.0477933676995,21.5558401311892,3.45));
#7166=CARTESIAN_POINT('Origin',(-29.1015485601313,21.6958771951638,3.45));
#7167=CARTESIAN_POINT('',(-29.0477933676995,21.5558401311892,0.8));
#7168=CARTESIAN_POINT('Origin',(-29.8880157515469,21.2333089765985,0.8));
#7169=CARTESIAN_POINT('',(-29.8880157515469,21.2333089765985,1.));
#7170=CARTESIAN_POINT('',(-26.7643204590004,22.4323832558165,1.));
#7171=CARTESIAN_POINT('',(-29.8880157515469,21.2333089765985,3.45));
#7172=CARTESIAN_POINT('',(-29.0477933676995,21.5558401311892,3.45));
#7173=CARTESIAN_POINT('',(-29.8880157515469,21.2333089765985,0.8));
#7174=CARTESIAN_POINT('Origin',(-29.9417709439787,21.3733460405731,0.8));
#7175=CARTESIAN_POINT('Origin',(-29.9417709439787,21.3733460405731,1.));
#7176=CARTESIAN_POINT('Origin',(-29.9417709439787,21.3733460405731,3.45));
#7177=CARTESIAN_POINT('Origin',(-29.9696196889866,22.7015871509899,3.45));
#7178=CARTESIAN_POINT('Origin',(-20.3037711265252,14.9386555651371,0.));
#7179=CARTESIAN_POINT('',(-32.1876163809995,23.4568954815542,0.));
#7180=CARTESIAN_POINT('',(-23.7822563290516,1.56018392541061,0.));
#7181=CARTESIAN_POINT('',(-32.1876163809995,23.4568954815542,0.));
#7182=CARTESIAN_POINT('',(-32.015052637914,23.844479994367,0.));
#7183=CARTESIAN_POINT('Origin',(-31.9075422530504,23.5644058664178,0.));
#7184=CARTESIAN_POINT('',(-30.0784005191843,24.5878910911224,0.));
#7185=CARTESIAN_POINT('',(-30.0784005191843,24.5878910911224,0.));
#7186=CARTESIAN_POINT('',(-30.0294609246338,24.6020438527026,0.));
#7187=CARTESIAN_POINT('Origin',(-29.9708901343208,24.3078169631735,0.));
#7188=CARTESIAN_POINT('',(-10.4290008778713,28.5038437095293,0.));
#7189=CARTESIAN_POINT('',(-10.4290008778713,28.5038437095293,0.));
#7190=CARTESIAN_POINT('',(-10.3704300875582,28.50961682,0.));
#7191=CARTESIAN_POINT('Origin',(-10.3704300875582,28.2096168200002,0.));
#7192=CARTESIAN_POINT('',(-8.7,28.50961682,0.));
#7193=CARTESIAN_POINT('',(-8.7,28.50961682,0.));
#7194=CARTESIAN_POINT('',(-8.4,28.20961682,0.));
#7195=CARTESIAN_POINT('Origin',(-8.7,28.20961682,0.));
#7196=CARTESIAN_POINT('',(-8.4,5.3245220816125,0.));
#7197=CARTESIAN_POINT('',(-8.4,5.3245220816125,0.));
#7198=CARTESIAN_POINT('',(-8.62804917519951,5.03327806225668,0.));
#7199=CARTESIAN_POINT('Origin',(-8.7,5.3245220816125,0.));
#7200=CARTESIAN_POINT('',(-23.430231376302,1.37645029091838,0.));
#7201=CARTESIAN_POINT('',(-23.430231376302,1.37645029091838,0.));
#7202=CARTESIAN_POINT('Origin',(-23.5021822011025,1.66769431027419,0.));
#7203=CARTESIAN_POINT('',(-10.2203601821987,6.49401847728217,0.));
#7204=CARTESIAN_POINT('',(-19.9098424900089,4.10026548115622,0.));
#7205=CARTESIAN_POINT('',(-10.2,6.52002068182068,0.));
#7206=CARTESIAN_POINT('Origin',(-10.2267839366412,6.52002068182068,0.));
#7207=CARTESIAN_POINT('',(-10.2,6.53799693223129,0.));
#7208=CARTESIAN_POINT('',(-10.2,10.7293381234789,0.));
#7209=CARTESIAN_POINT('',(-10.2169496539401,6.57132018665344,0.));
#7210=CARTESIAN_POINT('Origin',(-10.2412318168533,6.53799693223129,0.));
#7211=CARTESIAN_POINT('',(-27.4027568827789,19.0943638737504,0.));
#7212=CARTESIAN_POINT('',(-15.5024375054318,10.4227770539677,0.));
#7213=CARTESIAN_POINT('',(-28.3162559939095,18.3944274689829,0.));
#7214=CARTESIAN_POINT('Origin',(-27.7561077380112,18.60944823871,0.));
#7215=CARTESIAN_POINT('',(-27.223653256802,15.5481000264896,0.));
#7216=CARTESIAN_POINT('',(-11.1533508552323,9.48085344020505,0.));
#7217=CARTESIAN_POINT('',(-10.2,9.96576907524543,0.));
#7218=CARTESIAN_POINT('Origin',(-10.8,9.96576907524543,0.));
#7219=CARTESIAN_POINT('',(-10.2,26.7017136361278,0.));
#7220=CARTESIAN_POINT('',(-10.2,12.4522123201913,0.));
#7221=CARTESIAN_POINT('',(-10.2079031838722,26.70961682,0.));
#7222=CARTESIAN_POINT('Origin',(-10.2079031838722,26.7017136361278,0.));
#7223=CARTESIAN_POINT('',(-10.214677341477,26.70961682,0.));
#7224=CARTESIAN_POINT('',(-15.2558371551987,26.70961682,0.));
#7225=CARTESIAN_POINT('',(-10.2303316227096,26.7080738342487,0.));
#7226=CARTESIAN_POINT('Origin',(-10.214677341477,26.6294354814067,0.));
#7227=CARTESIAN_POINT('',(-28.1815942871775,23.1345743384729,0.));
#7228=CARTESIAN_POINT('',(-16.2018639707445,25.5193403042698,0.));
#7229=CARTESIAN_POINT('',(-28.4178035617835,22.0612049243739,0.));
#7230=CARTESIAN_POINT('Origin',(-28.0644527065512,22.5461205594142,0.));
#7231=CARTESIAN_POINT('',(-24.0728381765051,18.8950928753885,0.));
#7232=CARTESIAN_POINT('Origin',(-10.2412318168533,6.53799693223129,0.));
#7233=CARTESIAN_POINT('',(-10.2169496539401,6.57132018665344,1.));
#7234=CARTESIAN_POINT('',(-10.2,6.53799693223129,1.));
#7235=CARTESIAN_POINT('Origin',(-10.2412318168533,6.53799693223129,1.));
#7236=CARTESIAN_POINT('',(-10.2169496539401,6.57132018665344,0.));
#7237=CARTESIAN_POINT('',(-10.2,6.53799693223129,0.));
#7238=CARTESIAN_POINT('Origin',(-10.2,6.52002068182068,0.));
#7239=CARTESIAN_POINT('',(-10.2,6.52002068182068,1.));
#7240=CARTESIAN_POINT('',(-10.2,10.7293381234789,1.));
#7241=CARTESIAN_POINT('',(-10.2,6.52002068182068,0.));
#7242=CARTESIAN_POINT('Origin',(-10.2267839366412,6.52002068182068,0.));
#7243=CARTESIAN_POINT('',(-10.2203601821987,6.49401847728217,1.));
#7244=CARTESIAN_POINT('Origin',(-10.2267839366412,6.52002068182068,1.));
#7245=CARTESIAN_POINT('',(-10.2203601821987,6.49401847728217,0.));
#7246=CARTESIAN_POINT('Origin',(-22.0621414451679,3.56854748954404,0.));
#7247=CARTESIAN_POINT('',(-19.9098424900089,4.10026548115622,1.));
#7248=CARTESIAN_POINT('Origin',(-28.3162559939095,18.3944274689829,0.));
#7249=CARTESIAN_POINT('',(-28.3162559939095,18.3944274689829,1.));
#7250=CARTESIAN_POINT('',(-28.3162559939095,18.3944274689829,0.));
#7251=CARTESIAN_POINT('',(-27.223653256802,15.5481000264896,1.));
#7252=CARTESIAN_POINT('Origin',(-27.7561077380112,18.60944823871,0.));
#7253=CARTESIAN_POINT('',(-27.4027568827789,19.0943638737504,1.));
#7254=CARTESIAN_POINT('Origin',(-27.7561077380112,18.60944823871,1.));
#7255=CARTESIAN_POINT('',(-27.4027568827789,19.0943638737504,0.));
#7256=CARTESIAN_POINT('Origin',(-10.2169496539401,6.57132018665344,0.));
#7257=CARTESIAN_POINT('',(-15.5024375054318,10.4227770539677,1.));
#7258=CARTESIAN_POINT('Origin',(-10.214677341477,26.6294354814067,0.));
#7259=CARTESIAN_POINT('',(-10.2303316227096,26.7080738342487,1.));
#7260=CARTESIAN_POINT('',(-10.214677341477,26.70961682,1.));
#7261=CARTESIAN_POINT('Origin',(-10.214677341477,26.6294354814067,1.));
#7262=CARTESIAN_POINT('',(-10.2303316227096,26.7080738342487,0.));
#7263=CARTESIAN_POINT('',(-10.214677341477,26.70961682,0.));
#7264=CARTESIAN_POINT('Origin',(-10.2079031838722,26.70961682,0.));
#7265=CARTESIAN_POINT('',(-10.2079031838722,26.70961682,1.));
#7266=CARTESIAN_POINT('',(-15.2558371551987,26.70961682,1.));
#7267=CARTESIAN_POINT('',(-10.2079031838722,26.70961682,0.));
#7268=CARTESIAN_POINT('Origin',(-10.2079031838722,26.7017136361278,0.));
#7269=CARTESIAN_POINT('',(-10.2,26.7017136361278,1.));
#7270=CARTESIAN_POINT('Origin',(-10.2079031838722,26.7017136361278,1.));
#7271=CARTESIAN_POINT('',(-10.2,26.7017136361278,0.));
#7272=CARTESIAN_POINT('Origin',(-10.2,9.96576907524543,0.));
#7273=CARTESIAN_POINT('',(-10.2,9.96576907524543,1.));
#7274=CARTESIAN_POINT('',(-10.2,12.4522123201913,1.));
#7275=CARTESIAN_POINT('',(-10.2,9.96576907524543,0.));
#7276=CARTESIAN_POINT('Origin',(-10.8,9.96576907524543,0.));
#7277=CARTESIAN_POINT('',(-11.1533508552323,9.48085344020505,1.));
#7278=CARTESIAN_POINT('Origin',(-10.8,9.96576907524543,1.));
#7279=CARTESIAN_POINT('',(-11.1533508552323,9.48085344020505,0.));
#7280=CARTESIAN_POINT('Origin',(-28.4178035617835,22.0612049243739,0.));
#7281=CARTESIAN_POINT('',(-28.4178035617835,22.0612049243739,1.));
#7282=CARTESIAN_POINT('',(-24.0728381765051,18.8950928753885,1.));
#7283=CARTESIAN_POINT('',(-28.4178035617835,22.0612049243739,0.));
#7284=CARTESIAN_POINT('Origin',(-28.0644527065512,22.5461205594142,0.));
#7285=CARTESIAN_POINT('',(-28.1815942871775,23.1345743384729,1.));
#7286=CARTESIAN_POINT('Origin',(-28.0644527065512,22.5461205594142,1.));
#7287=CARTESIAN_POINT('',(-28.1815942871775,23.1345743384729,0.));
#7288=CARTESIAN_POINT('Origin',(-10.2303316227096,26.7080738342487,0.));
#7289=CARTESIAN_POINT('',(-16.2018639707445,25.5193403042698,1.));
#7290=CARTESIAN_POINT('Origin',(-31.9075422530504,23.5644058664178,0.));
#7291=CARTESIAN_POINT('',(-32.1876163809995,23.4568954815542,1.));
#7292=CARTESIAN_POINT('',(-32.1876163809995,23.4568954815542,0.));
#7293=CARTESIAN_POINT('',(-32.015052637914,23.844479994367,1.));
#7294=CARTESIAN_POINT('Origin',(-31.9075422530504,23.5644058664178,1.));
#7295=CARTESIAN_POINT('',(-32.015052637914,23.844479994367,0.));
#7296=CARTESIAN_POINT('Origin',(-30.0784005191843,24.5878910911224,0.));
#7297=CARTESIAN_POINT('',(-30.0784005191843,24.5878910911224,1.));
#7298=CARTESIAN_POINT('',(-30.0784005191843,24.5878910911224,1.));
#7299=CARTESIAN_POINT('',(-30.0784005191843,24.5878910911224,0.));
#7300=CARTESIAN_POINT('Origin',(-29.9708901343208,24.3078169631735,0.));
#7301=CARTESIAN_POINT('',(-30.0294609246338,24.6020438527026,1.));
#7302=CARTESIAN_POINT('Origin',(-29.9708901343208,24.3078169631735,1.));
#7303=CARTESIAN_POINT('',(-30.0294609246338,24.6020438527026,0.));
#7304=CARTESIAN_POINT('Origin',(-10.4290008778713,28.5038437095293,0.));
#7305=CARTESIAN_POINT('',(-10.4290008778713,28.5038437095293,1.));
#7306=CARTESIAN_POINT('',(-10.4290008778713,28.5038437095293,1.));
#7307=CARTESIAN_POINT('',(-10.4290008778713,28.5038437095293,0.));
#7308=CARTESIAN_POINT('Origin',(-10.3704300875582,28.2096168200002,0.));
#7309=CARTESIAN_POINT('',(-10.3704300875582,28.50961682,1.));
#7310=CARTESIAN_POINT('Origin',(-10.3704300875582,28.2096168200002,1.));
#7311=CARTESIAN_POINT('',(-10.3704300875582,28.50961682,0.));
#7312=CARTESIAN_POINT('Origin',(-8.7,28.50961682,0.));
#7313=CARTESIAN_POINT('',(-8.7,28.50961682,1.));
#7314=CARTESIAN_POINT('',(-8.7,28.50961682,1.));
#7315=CARTESIAN_POINT('',(-8.7,28.50961682,0.));
#7316=CARTESIAN_POINT('Origin',(-8.7,28.20961682,0.));
#7317=CARTESIAN_POINT('',(-8.4,28.20961682,1.));
#7318=CARTESIAN_POINT('Origin',(-8.7,28.20961682,1.));
#7319=CARTESIAN_POINT('',(-8.4,28.20961682,0.));
#7320=CARTESIAN_POINT('Origin',(-8.4,5.3245220816125,0.));
#7321=CARTESIAN_POINT('',(-8.4,5.3245220816125,1.));
#7322=CARTESIAN_POINT('',(-8.4,5.3245220816125,1.));
#7323=CARTESIAN_POINT('',(-8.4,5.3245220816125,0.));
#7324=CARTESIAN_POINT('Origin',(-8.7,5.3245220816125,0.));
#7325=CARTESIAN_POINT('',(-8.62804917519951,5.03327806225668,1.));
#7326=CARTESIAN_POINT('Origin',(-8.7,5.3245220816125,1.));
#7327=CARTESIAN_POINT('',(-8.62804917519951,5.03327806225668,0.));
#7328=CARTESIAN_POINT('Origin',(-23.430231376302,1.37645029091838,0.));
#7329=CARTESIAN_POINT('',(-23.430231376302,1.37645029091838,1.));
#7330=CARTESIAN_POINT('',(-23.430231376302,1.37645029091838,1.));
#7331=CARTESIAN_POINT('',(-23.430231376302,1.37645029091838,0.));
#7332=CARTESIAN_POINT('Origin',(-23.5021822011025,1.66769431027419,0.));
#7333=CARTESIAN_POINT('',(-23.7822563290516,1.56018392541061,1.));
#7334=CARTESIAN_POINT('Origin',(-23.5021822011025,1.66769431027419,1.));
#7335=CARTESIAN_POINT('',(-23.7822563290516,1.56018392541061,0.));
#7336=CARTESIAN_POINT('Origin',(-32.1876163809995,23.4568954815542,0.));
#7337=CARTESIAN_POINT('',(-32.1876163809995,23.4568954815542,1.));
#7338=CARTESIAN_POINT('Origin',(-20.3037711265252,14.9386555651371,1.));
#7339=CARTESIAN_POINT('',(0.,0.,0.));
#7340=CARTESIAN_POINT('Origin',(10.42,-0.585,0.));
#7341=CARTESIAN_POINT('',(10.42,-0.585,0.));
#7342=CARTESIAN_POINT('',(9.98,-0.585,0.));
#7343=CARTESIAN_POINT('',(5.21,-0.585,0.));
#7344=CARTESIAN_POINT('',(10.42,-0.585,1.52));
#7345=CARTESIAN_POINT('',(10.42,-0.585,0.));
#7346=CARTESIAN_POINT('',(9.98,-0.585,1.52));
#7347=CARTESIAN_POINT('',(10.42,-0.585,1.52));
#7348=CARTESIAN_POINT('',(9.98,-0.585,0.));
#7349=CARTESIAN_POINT('Origin',(10.42,-1.415,0.));
#7350=CARTESIAN_POINT('',(10.42,-1.415,0.));
#7351=CARTESIAN_POINT('',(10.42,-0.7075,0.));
#7352=CARTESIAN_POINT('',(10.42,-1.415,1.52));
#7353=CARTESIAN_POINT('',(10.42,-1.415,0.));
#7354=CARTESIAN_POINT('',(10.42,-1.415,1.52));
#7355=CARTESIAN_POINT('',(10.42,-1.,1.27));
#7356=CARTESIAN_POINT('Origin',(10.42,-1.,1.));
#7357=CARTESIAN_POINT('Origin',(9.98,-1.415,0.));
#7358=CARTESIAN_POINT('',(9.98,-1.415,0.));
#7359=CARTESIAN_POINT('',(4.99,-1.415,0.));
#7360=CARTESIAN_POINT('',(9.98,-1.415,1.52));
#7361=CARTESIAN_POINT('',(9.98,-1.415,0.));
#7362=CARTESIAN_POINT('',(9.98,-1.415,1.52));
#7363=CARTESIAN_POINT('Origin',(9.98,-0.585,0.));
#7364=CARTESIAN_POINT('',(9.98,-0.2925,0.));
#7365=CARTESIAN_POINT('',(9.98,-0.585,1.52));
#7366=CARTESIAN_POINT('',(9.98,-1.,1.27));
#7367=CARTESIAN_POINT('Origin',(9.98,-1.,1.));
#7368=CARTESIAN_POINT('Origin',(10.2,-1.,1.52));
#7369=CARTESIAN_POINT('Origin',(10.42,1.415,0.));
#7370=CARTESIAN_POINT('',(10.42,1.415,0.));
#7371=CARTESIAN_POINT('',(9.98,1.415,0.));
#7372=CARTESIAN_POINT('',(5.21,1.415,0.));
#7373=CARTESIAN_POINT('',(10.42,1.415,1.52));
#7374=CARTESIAN_POINT('',(10.42,1.415,0.));
#7375=CARTESIAN_POINT('',(9.98,1.415,1.52));
#7376=CARTESIAN_POINT('',(10.42,1.415,1.52));
#7377=CARTESIAN_POINT('',(9.98,1.415,0.));
#7378=CARTESIAN_POINT('Origin',(10.42,0.585,0.));
#7379=CARTESIAN_POINT('',(10.42,0.585,0.));
#7380=CARTESIAN_POINT('',(10.42,0.2925,0.));
#7381=CARTESIAN_POINT('',(10.42,0.585,1.52));
#7382=CARTESIAN_POINT('',(10.42,0.585,0.));
#7383=CARTESIAN_POINT('',(10.42,0.585,1.52));
#7384=CARTESIAN_POINT('',(10.42,1.,1.27));
#7385=CARTESIAN_POINT('Origin',(10.42,1.,1.));
#7386=CARTESIAN_POINT('Origin',(9.98,0.585,0.));
#7387=CARTESIAN_POINT('',(9.98,0.585,0.));
#7388=CARTESIAN_POINT('',(4.99,0.585,0.));
#7389=CARTESIAN_POINT('',(9.98,0.585,1.52));
#7390=CARTESIAN_POINT('',(9.98,0.585,0.));
#7391=CARTESIAN_POINT('',(9.98,0.585,1.52));
#7392=CARTESIAN_POINT('Origin',(9.98,1.415,0.));
#7393=CARTESIAN_POINT('',(9.98,0.7075,0.));
#7394=CARTESIAN_POINT('',(9.98,1.415,1.52));
#7395=CARTESIAN_POINT('',(9.98,1.,1.27));
#7396=CARTESIAN_POINT('Origin',(9.98,1.,1.));
#7397=CARTESIAN_POINT('Origin',(10.2,1.,1.52));
#7398=CARTESIAN_POINT('Origin',(11.5,-1.,1.));
#7399=CARTESIAN_POINT('',(9.5,-1.,1.27));
#7400=CARTESIAN_POINT('Origin',(9.5,-1.,1.));
#7401=CARTESIAN_POINT('',(11.5,-1.,1.27));
#7402=CARTESIAN_POINT('Origin',(11.5,1.,1.));
#7403=CARTESIAN_POINT('',(9.5,1.,1.27));
#7404=CARTESIAN_POINT('Origin',(9.5,1.,1.));
#7405=CARTESIAN_POINT('',(11.5,1.,1.27));
#7406=CARTESIAN_POINT('Origin',(9.5,-1.,1.));
#7407=CARTESIAN_POINT('Origin',(11.5,-1.,1.));
#7408=CARTESIAN_POINT('',(11.5,-1.,1.27));
#7409=CARTESIAN_POINT('',(11.5,-1.,1.27));
#7410=CARTESIAN_POINT('Origin',(11.5,-1.,1.));
#7411=CARTESIAN_POINT('Origin',(9.5,1.,1.));
#7412=CARTESIAN_POINT('Origin',(11.5,1.,1.));
#7413=CARTESIAN_POINT('',(11.5,1.,1.27));
#7414=CARTESIAN_POINT('',(11.5,1.,1.27));
#7415=CARTESIAN_POINT('Origin',(11.5,1.,1.));
#7416=CARTESIAN_POINT('Origin',(-9.98,-0.585,0.));
#7417=CARTESIAN_POINT('',(-9.98,-0.585,0.));
#7418=CARTESIAN_POINT('',(-10.42,-0.585,0.));
#7419=CARTESIAN_POINT('',(-4.99,-0.585,0.));
#7420=CARTESIAN_POINT('',(-9.98,-0.585,1.52));
#7421=CARTESIAN_POINT('',(-9.98,-0.585,0.));
#7422=CARTESIAN_POINT('',(-10.42,-0.585,1.52));
#7423=CARTESIAN_POINT('',(-9.98,-0.585,1.52));
#7424=CARTESIAN_POINT('',(-10.42,-0.585,0.));
#7425=CARTESIAN_POINT('Origin',(-9.98,-1.415,0.));
#7426=CARTESIAN_POINT('',(-9.98,-1.415,0.));
#7427=CARTESIAN_POINT('',(-9.98,-0.7075,0.));
#7428=CARTESIAN_POINT('',(-9.98,-1.415,1.52));
#7429=CARTESIAN_POINT('',(-9.98,-1.415,0.));
#7430=CARTESIAN_POINT('',(-9.98,-1.415,1.52));
#7431=CARTESIAN_POINT('',(-9.98,-1.,1.27));
#7432=CARTESIAN_POINT('Origin',(-9.98,-1.,1.));
#7433=CARTESIAN_POINT('Origin',(-10.42,-1.415,0.));
#7434=CARTESIAN_POINT('',(-10.42,-1.415,0.));
#7435=CARTESIAN_POINT('',(-5.21,-1.415,0.));
#7436=CARTESIAN_POINT('',(-10.42,-1.415,1.52));
#7437=CARTESIAN_POINT('',(-10.42,-1.415,0.));
#7438=CARTESIAN_POINT('',(-10.42,-1.415,1.52));
#7439=CARTESIAN_POINT('Origin',(-10.42,-0.585,0.));
#7440=CARTESIAN_POINT('',(-10.42,-0.2925,0.));
#7441=CARTESIAN_POINT('',(-10.42,-0.585,1.52));
#7442=CARTESIAN_POINT('',(-10.42,-1.,1.27));
#7443=CARTESIAN_POINT('Origin',(-10.42,-1.,1.));
#7444=CARTESIAN_POINT('Origin',(-10.2,-1.,1.52));
#7445=CARTESIAN_POINT('Origin',(-9.98,1.415,0.));
#7446=CARTESIAN_POINT('',(-9.98,1.415,0.));
#7447=CARTESIAN_POINT('',(-10.42,1.415,0.));
#7448=CARTESIAN_POINT('',(-4.99,1.415,0.));
#7449=CARTESIAN_POINT('',(-9.98,1.415,1.52));
#7450=CARTESIAN_POINT('',(-9.98,1.415,0.));
#7451=CARTESIAN_POINT('',(-10.42,1.415,1.52));
#7452=CARTESIAN_POINT('',(-9.98,1.415,1.52));
#7453=CARTESIAN_POINT('',(-10.42,1.415,0.));
#7454=CARTESIAN_POINT('Origin',(-9.98,0.585,0.));
#7455=CARTESIAN_POINT('',(-9.98,0.585,0.));
#7456=CARTESIAN_POINT('',(-9.98,0.2925,0.));
#7457=CARTESIAN_POINT('',(-9.98,0.585,1.52));
#7458=CARTESIAN_POINT('',(-9.98,0.585,0.));
#7459=CARTESIAN_POINT('',(-9.98,0.585,1.52));
#7460=CARTESIAN_POINT('',(-9.98,1.,1.27));
#7461=CARTESIAN_POINT('Origin',(-9.98,1.,1.));
#7462=CARTESIAN_POINT('Origin',(-10.42,0.585,0.));
#7463=CARTESIAN_POINT('',(-10.42,0.585,0.));
#7464=CARTESIAN_POINT('',(-5.21,0.585,0.));
#7465=CARTESIAN_POINT('',(-10.42,0.585,1.52));
#7466=CARTESIAN_POINT('',(-10.42,0.585,0.));
#7467=CARTESIAN_POINT('',(-10.42,0.585,1.52));
#7468=CARTESIAN_POINT('Origin',(-10.42,1.415,0.));
#7469=CARTESIAN_POINT('',(-10.42,0.7075,0.));
#7470=CARTESIAN_POINT('',(-10.42,1.415,1.52));
#7471=CARTESIAN_POINT('',(-10.42,1.,1.27));
#7472=CARTESIAN_POINT('Origin',(-10.42,1.,1.));
#7473=CARTESIAN_POINT('Origin',(-10.2,1.,1.52));
#7474=CARTESIAN_POINT('Origin',(-11.5,-1.,1.));
#7475=CARTESIAN_POINT('',(-11.5,-1.,1.27));
#7476=CARTESIAN_POINT('Origin',(-11.5,-1.,1.));
#7477=CARTESIAN_POINT('',(-11.5,-1.,1.27));
#7478=CARTESIAN_POINT('Origin',(-11.5,1.,1.));
#7479=CARTESIAN_POINT('',(-11.5,1.,1.27));
#7480=CARTESIAN_POINT('Origin',(-11.5,1.,1.));
#7481=CARTESIAN_POINT('',(-11.5,1.,1.27));
#7482=CARTESIAN_POINT('Origin',(-11.5,-1.,1.));
#7483=CARTESIAN_POINT('',(-9.5,-1.,1.27));
#7484=CARTESIAN_POINT('',(-11.5,-1.,1.27));
#7485=CARTESIAN_POINT('Origin',(-9.5,-1.,1.));
#7486=CARTESIAN_POINT('Origin',(-9.5,-1.,1.));
#7487=CARTESIAN_POINT('Origin',(-11.5,1.,1.));
#7488=CARTESIAN_POINT('',(-9.5,1.,1.27));
#7489=CARTESIAN_POINT('',(-11.5,1.,1.27));
#7490=CARTESIAN_POINT('Origin',(-9.5,1.,1.));
#7491=CARTESIAN_POINT('Origin',(-9.5,1.,1.));
#7492=CARTESIAN_POINT('Origin',(-3.12,0.,0.));
#7493=CARTESIAN_POINT('',(-3.46,-4.163799117101E-17,3.04216719));
#7494=CARTESIAN_POINT('Origin',(-3.12,0.,3.04216719));
#7495=CARTESIAN_POINT('',(-3.46,3.81486855762319E-12,4.26436463104934));
#7496=CARTESIAN_POINT('',(-3.46,-4.163799117101E-17,0.));
#7497=CARTESIAN_POINT('',(-3.45999997643395,-0.000126589533508815,4.26442674470494));
#7498=CARTESIAN_POINT('Ctrl Pts',(-3.45999997643395,-0.000126589533508585,
4.26442674470494));
#7499=CARTESIAN_POINT('Ctrl Pts',(-3.45999999214476,-8.43927244467195E-5,
4.26440604065001));
#7500=CARTESIAN_POINT('Ctrl Pts',(-3.46,-4.21962100066897E-5,4.26438533609777));
#7501=CARTESIAN_POINT('Ctrl Pts',(-3.46,7.62961238241419E-12,4.26436463104934));
#7502=CARTESIAN_POINT('',(-3.41066117597787,-0.176397507859842,4.34674117056295));
#7503=CARTESIAN_POINT('Ctrl Pts',(-3.41066117597787,-0.176397507859842,
4.34674117056295));
#7504=CARTESIAN_POINT('Ctrl Pts',(-3.41953979115161,-0.161767659860483,
4.34027408813466));
#7505=CARTESIAN_POINT('Ctrl Pts',(-3.42723220176878,-0.146598268384757,
4.33346771195234));
#7506=CARTESIAN_POINT('Ctrl Pts',(-3.43372771561012,-0.131050305829574,
4.32638494715861));
#7507=CARTESIAN_POINT('Ctrl Pts',(-3.43716645192571,-0.122819187433419,
4.3226353191683));
#7508=CARTESIAN_POINT('Ctrl Pts',(-3.44026979638414,-0.114481094510892,
4.31880786954648));
#7509=CARTESIAN_POINT('Ctrl Pts',(-3.44303633139226,-0.106054366307136,
4.31490986123816));
#7510=CARTESIAN_POINT('Ctrl Pts',(-3.4505063877112,-0.0833009458437536,
4.30438465858957));
#7511=CARTESIAN_POINT('Ctrl Pts',(-3.45549674601533,-0.0599917412291279,
4.29338490478368));
#7512=CARTESIAN_POINT('Ctrl Pts',(-3.458032335281,-0.0365258854029986,4.28209845187873));
#7513=CARTESIAN_POINT('Ctrl Pts',(-3.45934163743118,-0.0244088221605614,
4.27627046654356));
#7514=CARTESIAN_POINT('Ctrl Pts',(-3.45999545956005,-0.0122582166713502,
4.27037055245518));
#7515=CARTESIAN_POINT('Ctrl Pts',(-3.45999997643396,-0.000126589533508804,
4.26442674470495));
#7516=CARTESIAN_POINT('',(-2.78000956648059,-0.00255051274899891,4.21678022886756));
#7517=CARTESIAN_POINT('Ctrl Pts',(-2.78000956648059,-0.00255051274899907,
4.21678022886755));
#7518=CARTESIAN_POINT('Ctrl Pts',(-2.78020625869017,-0.0287701306004703,
4.22970206143947));
#7519=CARTESIAN_POINT('Ctrl Pts',(-2.78343511185311,-0.0548617861728637,
4.24279556838064));
#7520=CARTESIAN_POINT('Ctrl Pts',(-2.79647620417489,-0.108511988624995,
4.27018721673371));
#7521=CARTESIAN_POINT('Ctrl Pts',(-2.80695331613894,-0.135877859742562,
4.28443876841924));
#7522=CARTESIAN_POINT('Ctrl Pts',(-2.83945770059414,-0.196003896762084,
4.31641419002292));
#7523=CARTESIAN_POINT('Ctrl Pts',(-2.86406540458091,-0.227408311119574,
4.3336478300855));
#7524=CARTESIAN_POINT('Ctrl Pts',(-2.92069704492344,-0.277745577469927,
4.3624506707436));
#7525=CARTESIAN_POINT('Ctrl Pts',(-2.95127851966806,-0.297466098376132,
4.37431045673817));
#7526=CARTESIAN_POINT('Ctrl Pts',(-3.00993190396036,-0.322832017213714,
4.39090808640467));
#7527=CARTESIAN_POINT('Ctrl Pts',(-3.03628775831661,-0.330695242818569,
4.39662159793761));
#7528=CARTESIAN_POINT('Ctrl Pts',(-3.07341667216863,-0.336940767930583,
4.4023065980189));
#7529=CARTESIAN_POINT('Ctrl Pts',(-3.08332719143942,-0.338164540121598,
4.40360728723909));
#7530=CARTESIAN_POINT('Ctrl Pts',(-3.09795281112995,-0.339316472350925,
4.40520820306542));
#7531=CARTESIAN_POINT('Ctrl Pts',(-3.10261337138098,-0.339587303901282,
4.40567146666498));
#7532=CARTESIAN_POINT('Ctrl Pts',(-3.11059448122254,-0.33988604036595,4.40638450882497));
#7533=CARTESIAN_POINT('Ctrl Pts',(-3.11390996959995,-0.33996164664844,4.40665712998562));
#7534=CARTESIAN_POINT('Ctrl Pts',(-3.12056495334446,-0.340015907309156,
4.40715695581331));
#7535=CARTESIAN_POINT('Ctrl Pts',(-3.12390248428541,-0.33999412953413,4.40738344497213));
#7536=CARTESIAN_POINT('Ctrl Pts',(-3.13223586589186,-0.339816294900508,
4.40788040277775));
#7537=CARTESIAN_POINT('Ctrl Pts',(-3.13721767077483,-0.339600409815042,
4.40811863375459));
#7538=CARTESIAN_POINT('Ctrl Pts',(-3.15564008362569,-0.33839519840012,4.40878449815195));
#7539=CARTESIAN_POINT('Ctrl Pts',(-3.16902364338731,-0.336716972773281,
4.40884411756055));
#7540=CARTESIAN_POINT('Ctrl Pts',(-3.21855988385648,-0.327488008085321,
4.40753296244902));
#7541=CARTESIAN_POINT('Ctrl Pts',(-3.25324837990695,-0.31490749363911,4.40352707298273));
#7542=CARTESIAN_POINT('Ctrl Pts',(-3.32228649613729,-0.276578267554586,
4.38926851505515));
#7543=CARTESIAN_POINT('Ctrl Pts',(-3.35469301389641,-0.249433647285033,
4.37824769721414));
#7544=CARTESIAN_POINT('Ctrl Pts',(-3.39204980896193,-0.204650286829898,
4.35912110777364));
#7545=CARTESIAN_POINT('Ctrl Pts',(-3.40191919567057,-0.190802214067566,
4.3531043865399));
#7546=CARTESIAN_POINT('Ctrl Pts',(-3.41066117597787,-0.176397507859841,
4.34674117056295));
#7547=CARTESIAN_POINT('',(-2.8868661420078,0.247484553573895,4.10561515289805));
#7548=CARTESIAN_POINT('Ctrl Pts',(-2.8868661420078,0.247484553573896,4.10561515289805));
#7549=CARTESIAN_POINT('Ctrl Pts',(-2.87138113552674,0.232897464198697,4.11139561406777));
#7550=CARTESIAN_POINT('Ctrl Pts',(-2.85744810299821,0.21703036078365,4.11789317596149));
#7551=CARTESIAN_POINT('Ctrl Pts',(-2.82941845412189,0.178542410873515,4.13409668947675));
#7552=CARTESIAN_POINT('Ctrl Pts',(-2.81646217098212,0.155396197015887,4.14414044084534));
#7553=CARTESIAN_POINT('Ctrl Pts',(-2.7884150433259,0.0883938228634042,4.17395949192055));
#7554=CARTESIAN_POINT('Ctrl Pts',(-2.77966911291258,0.0428328934803268,
4.19504426760206));
#7555=CARTESIAN_POINT('Ctrl Pts',(-2.78000956648059,-0.00255051274899898,
4.21678022886756));
#7556=CARTESIAN_POINT('Ctrl Pts',(-3.46,7.62959140310215E-12,4.26436463104934));
#7557=CARTESIAN_POINT('Ctrl Pts',(-3.45999999999939,0.0270656962252881,
4.25108390158053));
#7558=CARTESIAN_POINT('Ctrl Pts',(-3.45676820494669,0.0540082333341214,
4.23759689383055));
#7559=CARTESIAN_POINT('Ctrl Pts',(-3.4437602016505,0.107557202855128,4.21029107737654));
#7560=CARTESIAN_POINT('Ctrl Pts',(-3.43373541609724,0.134074970170219,4.19649857453193));
#7561=CARTESIAN_POINT('Ctrl Pts',(-3.40222038631675,0.193564770979088,4.16498468890716));
#7562=CARTESIAN_POINT('Ctrl Pts',(-3.37792785275994,0.225139068194545,4.14778770708019));
#7563=CARTESIAN_POINT('Ctrl Pts',(-3.32437580413511,0.273600838312297,4.12052215644496));
#7564=CARTESIAN_POINT('Ctrl Pts',(-3.29731842306689,0.29197869001345,4.10982138215334));
#7565=CARTESIAN_POINT('Ctrl Pts',(-3.25259060813178,0.313519653102942,4.09652967254699));
#7566=CARTESIAN_POINT('Ctrl Pts',(-3.23704186957932,0.319662281263667,4.09257725056845));
#7567=CARTESIAN_POINT('Ctrl Pts',(-3.21085329305956,0.327808265905668,4.08699288220162));
#7568=CARTESIAN_POINT('Ctrl Pts',(-3.20054201167274,0.330495476552967,4.08504762143287));
#7569=CARTESIAN_POINT('Ctrl Pts',(-3.18480973449154,0.333809412581874,4.08245673054593));
#7570=CARTESIAN_POINT('Ctrl Pts',(-3.17950382080291,0.334796217461494,4.0816456810943));
#7571=CARTESIAN_POINT('Ctrl Pts',(-3.17065476511385,0.336224269489988,4.08039649766641));
#7572=CARTESIAN_POINT('Ctrl Pts',(-3.16712950891265,0.336736575957074,4.07992574692797));
#7573=CARTESIAN_POINT('Ctrl Pts',(-3.16026663496495,0.337623831014205,4.07906128062395));
#7574=CARTESIAN_POINT('Ctrl Pts',(-3.15693093166249,0.3380050224936,4.07866474167428));
#7575=CARTESIAN_POINT('Ctrl Pts',(-3.14905762412437,0.338786623327776,4.07778420712074));
#7576=CARTESIAN_POINT('Ctrl Pts',(-3.1445149938048,0.339145712508599,4.07731926980173));
#7577=CARTESIAN_POINT('Ctrl Pts',(-3.1305608775258,0.339966409046156,4.07602235186456));
#7578=CARTESIAN_POINT('Ctrl Pts',(-3.12108286555103,0.340130019536095,4.07531961309658));
#7579=CARTESIAN_POINT('Ctrl Pts',(-3.07270412558551,0.338937244509646,4.07272739800342));
#7580=CARTESIAN_POINT('Ctrl Pts',(-3.03434546591136,0.331305866803834,4.0739806894257));
#7581=CARTESIAN_POINT('Ctrl Pts',(-2.96650712194751,0.305272172088626,4.08237822445652));
#7582=CARTESIAN_POINT('Ctrl Pts',(-2.93720816456235,0.288592896640981,4.0886851440915));
#7583=CARTESIAN_POINT('Ctrl Pts',(-2.90263434984176,0.261660494125103,4.099676655588));
#7584=CARTESIAN_POINT('Ctrl Pts',(-2.89456431195427,0.254736335687902,4.10255433494904));
#7585=CARTESIAN_POINT('Ctrl Pts',(-2.8868661420078,0.247484553573895,4.10561515289805));
#7586=CARTESIAN_POINT('Ctrl Pts',(-4.52,-0.174510470058746,4.47814681886556));
#7587=CARTESIAN_POINT('Ctrl Pts',(-4.40333134916403,-0.174510470058746,
4.46354395794723));
#7588=CARTESIAN_POINT('Ctrl Pts',(-4.28666468249736,-0.174510470058746,
4.44894134537794));
#7589=CARTESIAN_POINT('Ctrl Pts',(-4.05333134902904,-0.174510470058746,
4.41973612022249));
#7590=CARTESIAN_POINT('Ctrl Pts',(-3.93672830676138,-0.174510470058745,
4.40446667277815));
#7591=CARTESIAN_POINT('Ctrl Pts',(-3.70339484343412,-0.174510470058745,
4.37661031632372));
#7592=CARTESIAN_POINT('Ctrl Pts',(-3.58686680113596,-0.174510470058746,
4.36139235440999));
#7593=CARTESIAN_POINT('Ctrl Pts',(-3.35353210388417,-0.174510470058746,
4.34017530054799));
#7594=CARTESIAN_POINT('Ctrl Pts',(-3.23326829793945,-0.20099970793165,4.34795233134833));
#7595=CARTESIAN_POINT('Ctrl Pts',(-2.99948629393589,-0.146326800974353,
4.30434878550399));
#7596=CARTESIAN_POINT('Ctrl Pts',(-2.89052841688797,-0.0281804242267101,
4.23797826226414));
#7597=CARTESIAN_POINT('Ctrl Pts',(-2.65674317372256,0.0264802732291386,
4.1929194965093));
#7598=CARTESIAN_POINT('Ctrl Pts',(-2.53667326322732,-4.70860670565941E-17,
4.19604300498767));
#7599=CARTESIAN_POINT('Ctrl Pts',(-2.3033399284024,-3.23694289509562E-17,
4.17733734924591));
#7600=CARTESIAN_POINT('Ctrl Pts',(-2.18667159342997,-2.15127504173637E-17,
4.16798438769159));
#7601=CARTESIAN_POINT('Ctrl Pts',(-1.95333825926456,-1.18451533064685E-17,
4.1492787320027));
#7602=CARTESIAN_POINT('Ctrl Pts',(-1.8366715925979,0.,4.13992590419161));
#7603=CARTESIAN_POINT('Ctrl Pts',(-1.72,0.,4.13057268148292));
#7604=CARTESIAN_POINT('Ctrl Pts',(-4.52,-0.232680626744994,4.51056778068742));
#7605=CARTESIAN_POINT('Ctrl Pts',(-4.40333134916403,-0.232680626744995,
4.49554457210467));
#7606=CARTESIAN_POINT('Ctrl Pts',(-4.28666468249736,-0.232680626744994,
4.48052161901977));
#7607=CARTESIAN_POINT('Ctrl Pts',(-4.05333134902904,-0.232680626744994,
4.45047571283259));
#7608=CARTESIAN_POINT('Ctrl Pts',(-3.93672830676138,-0.232680626744994,
4.43480506345249));
#7609=CARTESIAN_POINT('Ctrl Pts',(-3.70339484343412,-0.232680626744994,
4.4060702267555));
#7610=CARTESIAN_POINT('Ctrl Pts',(-3.58686680113596,-0.232680626744994,
4.39019671691348));
#7611=CARTESIAN_POINT('Ctrl Pts',(-3.35353210388417,-0.232680626744994,
4.36842113407051));
#7612=CARTESIAN_POINT('Ctrl Pts',(-3.23326829793945,-0.250290580944636,
4.37178735679064));
#7613=CARTESIAN_POINT('Ctrl Pts',(-2.99948629393589,-0.213944220505776,
4.33723360314797));
#7614=CARTESIAN_POINT('Ctrl Pts',(-2.89052841688797,-0.135400915735661,
4.29051381720581));
#7615=CARTESIAN_POINT('Ctrl Pts',(-2.65674317372256,-0.0990626721313569,
4.2549892224506));
#7616=CARTESIAN_POINT('Ctrl Pts',(-2.53667326322732,-0.116666666666667,
4.25420480967241));
#7617=CARTESIAN_POINT('Ctrl Pts',(-2.3033399284024,-0.116666666666667,4.23621006418668));
#7618=CARTESIAN_POINT('Ctrl Pts',(-2.18667159342997,-0.116666666666667,
4.22740890193573));
#7619=CARTESIAN_POINT('Ctrl Pts',(-1.95333825926456,-0.116666666666667,
4.20902149489191));
#7620=CARTESIAN_POINT('Ctrl Pts',(-1.8366715925979,-0.116666666666667,4.19963149375713));
#7621=CARTESIAN_POINT('Ctrl Pts',(-1.72,-0.116666666666667,4.19004480679769));
#7622=CARTESIAN_POINT('Ctrl Pts',(-4.52,-0.291503490019582,4.5433525265626));
#7623=CARTESIAN_POINT('Ctrl Pts',(-4.40333134916403,-0.291503490019582,
4.52790425374416));
#7624=CARTESIAN_POINT('Ctrl Pts',(-4.28666468249736,-0.291503490019582,
4.51245624365258));
#7625=CARTESIAN_POINT('Ctrl Pts',(-4.05333134902904,-0.291503490019582,
4.48156022345156));
#7626=CARTESIAN_POINT('Ctrl Pts',(-3.93672830676138,-0.291503490019582,
4.46548387039181));
#7627=CARTESIAN_POINT('Ctrl Pts',(-3.70339484343412,-0.291503490019582,
4.43586069633867));
#7628=CARTESIAN_POINT('Ctrl Pts',(-3.58686680113596,-0.291503490019582,
4.41932428289878));
#7629=CARTESIAN_POINT('Ctrl Pts',(-3.35353210388417,-0.291503490019582,
4.39698390402028));
#7630=CARTESIAN_POINT('Ctrl Pts',(-3.23326829793945,-0.300333235977217,
4.39598767697313));
#7631=CARTESIAN_POINT('Ctrl Pts',(-2.99948629393589,-0.282108933658118,
4.37038330001231));
#7632=CARTESIAN_POINT('Ctrl Pts',(-2.89052841688797,-0.24272680807557,4.34310050452266));
#7633=CARTESIAN_POINT('Ctrl Pts',(-2.65674317372256,-0.224506575590287,
4.3170109008801));
#7634=CARTESIAN_POINT('Ctrl Pts',(-2.53667326322732,-0.233333333333334,
4.31236661435714));
#7635=CARTESIAN_POINT('Ctrl Pts',(-2.3033399284024,-0.233333333333333,4.29508277912744));
#7636=CARTESIAN_POINT('Ctrl Pts',(-2.18667159342997,-0.233333333333334,
4.28683341617988));
#7637=CARTESIAN_POINT('Ctrl Pts',(-1.95333825926456,-0.233333333333333,
4.26876425778111));
#7638=CARTESIAN_POINT('Ctrl Pts',(-1.8366715925979,-0.233333333333333,4.25933708332265));
#7639=CARTESIAN_POINT('Ctrl Pts',(-1.72,-0.233333333333333,4.24951693211246));
#7640=CARTESIAN_POINT('Ctrl Pts',(-4.52,-0.35,4.57595538041112));
#7641=CARTESIAN_POINT('Ctrl Pts',(-4.40333134916403,-0.35,4.56008440164263));
#7642=CARTESIAN_POINT('Ctrl Pts',(-4.28666468249736,-0.35,4.5442136927899));
#7643=CARTESIAN_POINT('Ctrl Pts',(-4.05333134902904,-0.35,4.5124722750661));
#7644=CARTESIAN_POINT('Ctrl Pts',(-3.93672830676138,-0.35,4.49599246919865));
#7645=CARTESIAN_POINT('Ctrl Pts',(-3.70339484343412,-0.35,4.46548588634614));
#7646=CARTESIAN_POINT('Ctrl Pts',(-3.58686680113596,-0.350000000000001,
4.44829024714317));
#7647=CARTESIAN_POINT('Ctrl Pts',(-3.35353210388417,-0.35,4.42538820575643));
#7648=CARTESIAN_POINT('Ctrl Pts',(-3.23326829793945,-0.35,4.42000534978552));
#7649=CARTESIAN_POINT('Ctrl Pts',(-2.99948629393589,-0.35,4.40340055726647));
#7650=CARTESIAN_POINT('Ctrl Pts',(-2.89052841688797,-0.35,4.39566162565192));
#7651=CARTESIAN_POINT('Ctrl Pts',(-2.65674317372256,-0.35,4.3790566030655));
#7652=CARTESIAN_POINT('Ctrl Pts',(-2.53667326322732,-0.35,4.37052841904188));
#7653=CARTESIAN_POINT('Ctrl Pts',(-2.3033399284024,-0.35,4.35395549406821));
#7654=CARTESIAN_POINT('Ctrl Pts',(-2.18667159342997,-0.35,4.34625793042402));
#7655=CARTESIAN_POINT('Ctrl Pts',(-1.95333825926456,-0.35,4.32850702067032));
#7656=CARTESIAN_POINT('Ctrl Pts',(-1.8366715925979,-0.35,4.31904267288817));
#7657=CARTESIAN_POINT('Ctrl Pts',(-1.72,-0.35,4.30898905742723));
#7658=CARTESIAN_POINT('',(-4.52,-0.174510470058746,4.47814681886556));
#7659=CARTESIAN_POINT('Ctrl Pts',(-4.52,-0.174510470058746,4.47814681886556));
#7660=CARTESIAN_POINT('Ctrl Pts',(-4.40333134916403,-0.174510470058746,
4.46354395794723));
#7661=CARTESIAN_POINT('Ctrl Pts',(-4.28666468249737,-0.174510470058746,
4.44894134537795));
#7662=CARTESIAN_POINT('Ctrl Pts',(-4.05333134902904,-0.174510470058746,
4.41973612022249));
#7663=CARTESIAN_POINT('Ctrl Pts',(-3.93672830676137,-0.174510470058745,
4.40446667277815));
#7664=CARTESIAN_POINT('Ctrl Pts',(-3.70339484343412,-0.174510470058745,
4.37661031632372));
#7665=CARTESIAN_POINT('Ctrl Pts',(-3.58686680113595,-0.174510470058745,
4.36139235440999));
#7666=CARTESIAN_POINT('Ctrl Pts',(-3.45031148976932,-0.174510470058745,
4.34897542100689));
#7667=CARTESIAN_POINT('Ctrl Pts',(-3.43051450466879,-0.175267447110468,
4.34771003240759));
#7668=CARTESIAN_POINT('Ctrl Pts',(-3.41066117597787,-0.176397507859842,
4.34674117056295));
#7669=CARTESIAN_POINT('',(-4.52,-0.35,4.57595538041112));
#7670=CARTESIAN_POINT('',(-4.52,0.,4.38088393339997));
#7671=CARTESIAN_POINT('',(-1.72,-0.35,4.30898905742723));
#7672=CARTESIAN_POINT('Ctrl Pts',(-4.52,-0.35,4.57595538041112));
#7673=CARTESIAN_POINT('Ctrl Pts',(-4.40333134916403,-0.35,4.56008440164263));
#7674=CARTESIAN_POINT('Ctrl Pts',(-4.28666468249737,-0.35,4.54421369278991));
#7675=CARTESIAN_POINT('Ctrl Pts',(-4.05333134902904,-0.35,4.5124722750661));
#7676=CARTESIAN_POINT('Ctrl Pts',(-3.93672830676137,-0.35,4.49599246919864));
#7677=CARTESIAN_POINT('Ctrl Pts',(-3.70339484343412,-0.35,4.46548588634614));
#7678=CARTESIAN_POINT('Ctrl Pts',(-3.58686680113595,-0.35,4.44829024714317));
#7679=CARTESIAN_POINT('Ctrl Pts',(-3.35353210388416,-0.35,4.42538820575643));
#7680=CARTESIAN_POINT('Ctrl Pts',(-3.23326829793945,-0.35,4.42000534978552));
#7681=CARTESIAN_POINT('Ctrl Pts',(-2.99948629393589,-0.35,4.40340055726647));
#7682=CARTESIAN_POINT('Ctrl Pts',(-2.89052841688797,-0.35,4.39566162565192));
#7683=CARTESIAN_POINT('Ctrl Pts',(-2.65674317372256,-0.35,4.3790566030655));
#7684=CARTESIAN_POINT('Ctrl Pts',(-2.53667326322732,-0.35,4.37052841904188));
#7685=CARTESIAN_POINT('Ctrl Pts',(-2.3033399284024,-0.35,4.35395549406821));
#7686=CARTESIAN_POINT('Ctrl Pts',(-2.18667159342997,-0.35,4.34625793042402));
#7687=CARTESIAN_POINT('Ctrl Pts',(-1.95333825926456,-0.35,4.32850702067032));
#7688=CARTESIAN_POINT('Ctrl Pts',(-1.8366715925979,-0.35,4.31904267288817));
#7689=CARTESIAN_POINT('Ctrl Pts',(-1.72,-0.35,4.30898905742723));
#7690=CARTESIAN_POINT('',(-1.72,0.,4.13057268148292));
#7691=CARTESIAN_POINT('',(-1.72,0.,4.13057268148292));
#7692=CARTESIAN_POINT('Ctrl Pts',(-2.78000956648059,-0.00255051274899891,
4.21678022886756));
#7693=CARTESIAN_POINT('Ctrl Pts',(-2.77668162795252,-0.0016336019638928,
4.2160708708814));
#7694=CARTESIAN_POINT('Ctrl Pts',(-2.77334527061296,-0.000782148703687488,
4.21539288490272));
#7695=CARTESIAN_POINT('Ctrl Pts',(-2.65674317372256,0.0264802732291387,
4.1929194965093));
#7696=CARTESIAN_POINT('Ctrl Pts',(-2.53667326322732,0.,4.19604300498767));
#7697=CARTESIAN_POINT('Ctrl Pts',(-2.3033399284024,0.,4.17733734924591));
#7698=CARTESIAN_POINT('Ctrl Pts',(-2.18667159342997,0.,4.16798438769159));
#7699=CARTESIAN_POINT('Ctrl Pts',(-1.95333825926456,0.,4.1492787320027));
#7700=CARTESIAN_POINT('Ctrl Pts',(-1.8366715925979,0.,4.13992590419161));
#7701=CARTESIAN_POINT('Ctrl Pts',(-1.72,0.,4.13057268148292));
#7702=CARTESIAN_POINT('Ctrl Pts',(-4.52,0.,4.38088393339997));
#7703=CARTESIAN_POINT('Ctrl Pts',(-4.40333134916403,0.,4.3675421154749));
#7704=CARTESIAN_POINT('Ctrl Pts',(-4.28666468249736,-1.73311524056699E-19,
4.35420052445247));
#7705=CARTESIAN_POINT('Ctrl Pts',(-4.05333134902904,-2.93843967798909E-19,
4.32751734239217));
#7706=CARTESIAN_POINT('Ctrl Pts',(-3.93672830676137,-4.6912950922192E-19,
4.31345150075513));
#7707=CARTESIAN_POINT('Ctrl Pts',(-3.70339484343412,-5.16879577062488E-19,
4.2882305850284));
#7708=CARTESIAN_POINT('Ctrl Pts',(-3.58686680113595,-1.14116627996504E-18,
4.27497926689954));
#7709=CARTESIAN_POINT('Ctrl Pts',(-3.45031148976932,-5.05651161921417E-19,
4.26354294332174));
#7710=CARTESIAN_POINT('Ctrl Pts',(-3.43051450466879,-0.00151820098824955,
4.26275155389088));
#7711=CARTESIAN_POINT('Ctrl Pts',(-3.41066117597787,-0.00378466249137612,
4.26241292223286));
#7712=CARTESIAN_POINT('Ctrl Pts',(-4.52,-0.0581701566862486,4.41330489522184));
#7713=CARTESIAN_POINT('Ctrl Pts',(-4.40333134916403,-0.0581701566862487,
4.39954272963234));
#7714=CARTESIAN_POINT('Ctrl Pts',(-4.28666468249736,-0.0581701566862486,
4.38578079809429));
#7715=CARTESIAN_POINT('Ctrl Pts',(-4.05333134902904,-0.0581701566862485,
4.35825693500227));
#7716=CARTESIAN_POINT('Ctrl Pts',(-3.93672830676137,-0.0581701566862485,
4.34378989142947));
#7717=CARTESIAN_POINT('Ctrl Pts',(-3.70339484343412,-0.0581701566862484,
4.31769049546017));
#7718=CARTESIAN_POINT('Ctrl Pts',(-3.58686680113595,-0.0581701566862485,
4.30378362940302));
#7719=CARTESIAN_POINT('Ctrl Pts',(-3.45031148976932,-0.0581701566862485,
4.29202043588346));
#7720=CARTESIAN_POINT('Ctrl Pts',(-3.43051450466879,-0.0594346163623225,
4.29107104672978));
#7721=CARTESIAN_POINT('Ctrl Pts',(-3.41066117597787,-0.061322277614198,
4.29052233834289));
#7722=CARTESIAN_POINT('Ctrl Pts',(-4.52,-0.116340313372497,4.4457258570437));
#7723=CARTESIAN_POINT('Ctrl Pts',(-4.40333134916403,-0.116340313372497,
4.43154334378978));
#7724=CARTESIAN_POINT('Ctrl Pts',(-4.28666468249736,-0.116340313372497,
4.41736107173612));
#7725=CARTESIAN_POINT('Ctrl Pts',(-4.05333134902904,-0.116340313372497,
4.38899652761238));
#7726=CARTESIAN_POINT('Ctrl Pts',(-3.93672830676137,-0.116340313372497,
4.37412828210381));
#7727=CARTESIAN_POINT('Ctrl Pts',(-3.70339484343412,-0.116340313372497,
4.34715040589195));
#7728=CARTESIAN_POINT('Ctrl Pts',(-3.58686680113595,-0.116340313372497,
4.33258799190651));
#7729=CARTESIAN_POINT('Ctrl Pts',(-3.45031148976932,-0.116340313372497,
4.32049792844517));
#7730=CARTESIAN_POINT('Ctrl Pts',(-3.43051450466879,-0.117351031736396,
4.31939053956869));
#7731=CARTESIAN_POINT('Ctrl Pts',(-3.41066117597787,-0.11885989273702,4.31863175445292));
#7732=CARTESIAN_POINT('Ctrl Pts',(-4.52,-0.174510470058746,4.47814681886556));
#7733=CARTESIAN_POINT('Ctrl Pts',(-4.40333134916403,-0.174510470058746,
4.46354395794723));
#7734=CARTESIAN_POINT('Ctrl Pts',(-4.28666468249736,-0.174510470058746,
4.44894134537795));
#7735=CARTESIAN_POINT('Ctrl Pts',(-4.05333134902904,-0.174510470058746,
4.41973612022249));
#7736=CARTESIAN_POINT('Ctrl Pts',(-3.93672830676137,-0.174510470058745,
4.40446667277815));
#7737=CARTESIAN_POINT('Ctrl Pts',(-3.70339484343412,-0.174510470058745,
4.37661031632372));
#7738=CARTESIAN_POINT('Ctrl Pts',(-3.58686680113595,-0.174510470058745,
4.36139235440999));
#7739=CARTESIAN_POINT('Ctrl Pts',(-3.45031148976932,-0.174510470058745,
4.34897542100689));
#7740=CARTESIAN_POINT('Ctrl Pts',(-3.43051450466879,-0.175267447110468,
4.34771003240759));
#7741=CARTESIAN_POINT('Ctrl Pts',(-3.41066117597787,-0.176397507859842,
4.34674117056295));
#7742=CARTESIAN_POINT('',(-4.52,0.,4.38088393339997));
#7743=CARTESIAN_POINT('Ctrl Pts',(-4.52,0.,4.38088393339997));
#7744=CARTESIAN_POINT('Ctrl Pts',(-4.40333134916403,0.,4.3675421154749));
#7745=CARTESIAN_POINT('Ctrl Pts',(-4.28666468249737,0.,4.35420052445247));
#7746=CARTESIAN_POINT('Ctrl Pts',(-4.05333134902904,0.,4.32751734239217));
#7747=CARTESIAN_POINT('Ctrl Pts',(-3.93672830676137,0.,4.31345150075513));
#7748=CARTESIAN_POINT('Ctrl Pts',(-3.70339484343412,0.,4.2882305850284));
#7749=CARTESIAN_POINT('Ctrl Pts',(-3.58686680113595,0.,4.27497926689954));
#7750=CARTESIAN_POINT('Ctrl Pts',(-3.46666967838283,0.,4.2649129196065));
#7751=CARTESIAN_POINT('Ctrl Pts',(-3.46333625309393,-4.34386091546475E-5,
4.26465854426206));
#7752=CARTESIAN_POINT('Ctrl Pts',(-3.45999997643395,-0.000126589533508815,
4.26442674470494));
#7753=CARTESIAN_POINT('',(-4.52,0.,4.38088393339997));
#7754=CARTESIAN_POINT('Origin',(-3.12,0.,0.));
#7755=CARTESIAN_POINT('',(-3.92,-9.79717439317882E-17,0.));
#7756=CARTESIAN_POINT('Origin',(-3.12,0.,0.));
#7757=CARTESIAN_POINT('',(-3.92,-9.79717439317882E-17,3.04216719));
#7758=CARTESIAN_POINT('',(-3.92,-9.79717439317882E-17,0.));
#7759=CARTESIAN_POINT('Origin',(-3.12,0.,3.04216719));
#7760=CARTESIAN_POINT('Origin',(-3.12,0.,3.04216719));
#7761=CARTESIAN_POINT('Origin',(-4.52,1.4,1.8));
#7762=CARTESIAN_POINT('',(-4.52,1.4,2.));
#7763=CARTESIAN_POINT('',(-1.72,1.4,2.));
#7764=CARTESIAN_POINT('',(-2.26,1.4,2.));
#7765=CARTESIAN_POINT('',(-4.52,1.4,3.74933770941333));
#7766=CARTESIAN_POINT('',(-4.52,1.4,1.8));
#7767=CARTESIAN_POINT('',(-1.72,1.4,3.51351702807569));
#7768=CARTESIAN_POINT('Ctrl Pts',(-4.52,1.4,3.74933770941333));
#7769=CARTESIAN_POINT('Ctrl Pts',(-4.40333134916403,1.4,3.73597722906945));
#7770=CARTESIAN_POINT('Ctrl Pts',(-4.28666468249737,1.4,3.72215425433677));
#7771=CARTESIAN_POINT('Ctrl Pts',(-4.05333134902904,1.4,3.69358283015838));
#7772=CARTESIAN_POINT('Ctrl Pts',(-3.93672830676137,1.4,3.67648005282408));
#7773=CARTESIAN_POINT('Ctrl Pts',(-3.70339484343412,1.4,3.65078019617331));
#7774=CARTESIAN_POINT('Ctrl Pts',(-3.58686680113595,1.4,3.64079261932358));
#7775=CARTESIAN_POINT('Ctrl Pts',(-3.35353210388416,1.4,3.62075612770913));
#7776=CARTESIAN_POINT('Ctrl Pts',(-3.23326829793945,1.4,3.61206771365418));
#7777=CARTESIAN_POINT('Ctrl Pts',(-2.99948629393589,1.4,3.59437403793354));
#7778=CARTESIAN_POINT('Ctrl Pts',(-2.89052841688797,1.4,3.58666287110532));
#7779=CARTESIAN_POINT('Ctrl Pts',(-2.65674317372256,1.4,3.56962719333319));
#7780=CARTESIAN_POINT('Ctrl Pts',(-2.53667326322732,1.4,3.56094307390587));
#7781=CARTESIAN_POINT('Ctrl Pts',(-2.3033399284024,1.4,3.54400557311544));
#7782=CARTESIAN_POINT('Ctrl Pts',(-2.18667159342997,1.4,3.53356050378488));
#7783=CARTESIAN_POINT('Ctrl Pts',(-1.95333825926456,1.4,3.52057523193288));
#7784=CARTESIAN_POINT('Ctrl Pts',(-1.8366715925979,1.4,3.51605837672414));
#7785=CARTESIAN_POINT('Ctrl Pts',(-1.72,1.4,3.51351702807569));
#7786=CARTESIAN_POINT('',(-1.72,1.4,1.8));
#7787=CARTESIAN_POINT('Origin',(-4.52,-0.199723447012104,3.24301954350456));
#7788=CARTESIAN_POINT('',(-4.52,-1.4,2.));
#7789=CARTESIAN_POINT('',(-4.52,-0.0998617235060518,2.));
#7790=CARTESIAN_POINT('',(-4.52,-1.4,5.2961258079192));
#7791=CARTESIAN_POINT('',(-4.52,-1.4,5.2961258079192));
#7792=CARTESIAN_POINT('',(-4.52,-1.05,5.03839354131152));
#7793=CARTESIAN_POINT('',(-4.52,-1.05,5.03839354131152));
#7794=CARTESIAN_POINT('',(-4.52,-0.7,4.81188761090914));
#7795=CARTESIAN_POINT('',(-4.52,-0.7,4.81188761090914));
#7796=CARTESIAN_POINT('',(-4.52,-0.35,4.57595538041112));
#7797=CARTESIAN_POINT('',(-4.52,0.35,4.20746661367486));
#7798=CARTESIAN_POINT('',(-4.52,0.35,4.20746661367486));
#7799=CARTESIAN_POINT('',(-4.52,0.7,4.03637865215176));
#7800=CARTESIAN_POINT('',(-4.52,0.7,4.03637865215176));
#7801=CARTESIAN_POINT('',(-4.52,1.05,3.88395916776605));
#7802=CARTESIAN_POINT('',(-4.52,1.05,3.88395916776605));
#7803=CARTESIAN_POINT('',(-4.52,1.4,3.74933770941333));
#7804=CARTESIAN_POINT('Origin',(-1.72,-0.194220109279872,3.08849562572942));
#7805=CARTESIAN_POINT('',(-1.72,-1.4,2.));
#7806=CARTESIAN_POINT('',(-1.72,-0.0971100546399361,2.));
#7807=CARTESIAN_POINT('',(-1.72,1.05,3.64265391687122));
#7808=CARTESIAN_POINT('',(-1.72,1.4,3.51351702807569));
#7809=CARTESIAN_POINT('',(-1.72,0.7,3.80158643307461));
#7810=CARTESIAN_POINT('',(-1.72,1.05,3.64265391687122));
#7811=CARTESIAN_POINT('',(-1.72,0.525038441817641,3.88343522346742));
#7812=CARTESIAN_POINT('',(-1.72,0.7,3.80158643307461));
#7813=CARTESIAN_POINT('',(-1.72,0.35,3.96531998080414));
#7814=CARTESIAN_POINT('',(-1.72,0.7,3.80158643307461));
#7815=CARTESIAN_POINT('',(-1.72,0.35,3.96531998080414));
#7816=CARTESIAN_POINT('',(-1.72,-0.7,4.50846911581604));
#7817=CARTESIAN_POINT('',(-1.72,-0.35,4.30898905742723));
#7818=CARTESIAN_POINT('',(-1.72,-1.05,4.72630307042898));
#7819=CARTESIAN_POINT('',(-1.72,-0.7,4.50846911581604));
#7820=CARTESIAN_POINT('',(-1.72,-1.4,4.95231915239068));
#7821=CARTESIAN_POINT('',(-1.72,-1.05,4.72630307042898));
#7822=CARTESIAN_POINT('',(-1.72,-1.4,4.95231915239068));
#7823=CARTESIAN_POINT('Origin',(-4.52,-1.4,5.2961258079192));
#7824=CARTESIAN_POINT('',(-2.26,-1.4,2.));
#7825=CARTESIAN_POINT('Ctrl Pts',(-4.52,-1.4,5.2961258079192));
#7826=CARTESIAN_POINT('Ctrl Pts',(-4.40333134916403,-1.4,5.27770834107759));
#7827=CARTESIAN_POINT('Ctrl Pts',(-4.28666468249737,-1.4,5.25897999011931));
#7828=CARTESIAN_POINT('Ctrl Pts',(-4.05333134902904,-1.4,5.22090087232951));
#7829=CARTESIAN_POINT('Ctrl Pts',(-3.93672830676137,-1.4,5.2012605381766));
#7830=CARTESIAN_POINT('Ctrl Pts',(-3.70339484343412,-1.4,5.16253668193936));
#7831=CARTESIAN_POINT('Ctrl Pts',(-3.58686680113595,-1.4,5.14095340410651));
#7832=CARTESIAN_POINT('Ctrl Pts',(-3.35353210388416,-1.4,5.10664389378015));
#7833=CARTESIAN_POINT('Ctrl Pts',(-3.23326829793945,-1.4,5.09282440825561));
#7834=CARTESIAN_POINT('Ctrl Pts',(-2.99948629393589,-1.4,5.06411607288661));
#7835=CARTESIAN_POINT('Ctrl Pts',(-2.89052841688797,-1.4,5.05137382834714));
#7836=CARTESIAN_POINT('Ctrl Pts',(-2.65674317372256,-1.4,5.02554371917759));
#7837=CARTESIAN_POINT('Ctrl Pts',(-2.53667326322732,-1.4,5.01168339030764));
#7838=CARTESIAN_POINT('Ctrl Pts',(-2.3033399284024,-1.4,4.99095488573023));
#7839=CARTESIAN_POINT('Ctrl Pts',(-2.18667159342997,-1.4,4.98403716237174));
#7840=CARTESIAN_POINT('Ctrl Pts',(-1.95333825926456,-1.4,4.9677040824928));
#7841=CARTESIAN_POINT('Ctrl Pts',(-1.8366715925979,-1.4,4.95985370742526));
#7842=CARTESIAN_POINT('Ctrl Pts',(-1.72,-1.4,4.95231915239068));
#7843=CARTESIAN_POINT('Ctrl Pts',(-4.52,1.4,3.74933770941333));
#7844=CARTESIAN_POINT('Ctrl Pts',(-4.40333134916403,1.4,3.73597722906945));
#7845=CARTESIAN_POINT('Ctrl Pts',(-4.28666468249736,1.4,3.72215425433677));
#7846=CARTESIAN_POINT('Ctrl Pts',(-4.05333134902904,1.4,3.69358283015838));
#7847=CARTESIAN_POINT('Ctrl Pts',(-3.93672830676137,1.4,3.67648005282408));
#7848=CARTESIAN_POINT('Ctrl Pts',(-3.70339484343411,1.4,3.65078019617331));
#7849=CARTESIAN_POINT('Ctrl Pts',(-3.58686680113595,1.4,3.64079261932357));
#7850=CARTESIAN_POINT('Ctrl Pts',(-3.35353210388416,1.4,3.62075612770913));
#7851=CARTESIAN_POINT('Ctrl Pts',(-3.23326829793944,1.4,3.61206771365418));
#7852=CARTESIAN_POINT('Ctrl Pts',(-2.99948629393589,1.4,3.59437403793353));
#7853=CARTESIAN_POINT('Ctrl Pts',(-2.89052841688797,1.4,3.58666287110532));
#7854=CARTESIAN_POINT('Ctrl Pts',(-2.65674317372256,1.4,3.56962719333318));
#7855=CARTESIAN_POINT('Ctrl Pts',(-2.53667326322732,1.4,3.56094307390587));
#7856=CARTESIAN_POINT('Ctrl Pts',(-2.3033399284024,1.4,3.54400557311544));
#7857=CARTESIAN_POINT('Ctrl Pts',(-2.18667159342997,1.4,3.53356050378488));
#7858=CARTESIAN_POINT('Ctrl Pts',(-1.95333825926456,1.4,3.52057523193288));
#7859=CARTESIAN_POINT('Ctrl Pts',(-1.8366715925979,1.4,3.51605837672414));
#7860=CARTESIAN_POINT('Ctrl Pts',(-1.72,1.4,3.51351702807569));
#7861=CARTESIAN_POINT('Ctrl Pts',(-4.52,1.28333333333333,3.79421152886424));
#7862=CARTESIAN_POINT('Ctrl Pts',(-4.40333134916403,1.28333333333333,3.78048523947929));
#7863=CARTESIAN_POINT('Ctrl Pts',(-4.28666468249736,1.28333333333333,3.76655216434422));
#7864=CARTESIAN_POINT('Ctrl Pts',(-4.05333134902904,1.28333333333333,3.7382719615914));
#7865=CARTESIAN_POINT('Ctrl Pts',(-3.93672830676137,1.28333333333333,3.72213336022859));
#7866=CARTESIAN_POINT('Ctrl Pts',(-3.70339484343411,1.28333333333333,3.69662186119167));
#7867=CARTESIAN_POINT('Ctrl Pts',(-3.58686680113595,1.28333333333333,3.68590950361257));
#7868=CARTESIAN_POINT('Ctrl Pts',(-3.35353210388416,1.28333333333333,3.6658603332944));
#7869=CARTESIAN_POINT('Ctrl Pts',(-3.23326829793944,1.28333333333333,3.65766024404159));
#7870=CARTESIAN_POINT('Ctrl Pts',(-2.99948629393589,1.28333333333333,3.64019929724184));
#7871=CARTESIAN_POINT('Ctrl Pts',(-2.89052841688797,1.28333333333333,3.63242649566072));
#7872=CARTESIAN_POINT('Ctrl Pts',(-2.65674317372256,1.28333333333333,3.61541260898083));
#7873=CARTESIAN_POINT('Ctrl Pts',(-2.53667326322732,1.28333333333333,3.60671793289941));
#7874=CARTESIAN_POINT('Ctrl Pts',(-2.3033399284024,1.28333333333333,3.58978043210898));
#7875=CARTESIAN_POINT('Ctrl Pts',(-2.18667159342997,1.28333333333333,3.57979029196949));
#7876=CARTESIAN_POINT('Ctrl Pts',(-1.95333825926456,1.28333333333333,3.56589520015325));
#7877=CARTESIAN_POINT('Ctrl Pts',(-1.8366715925979,1.28333333333333,3.56046860181283));
#7878=CARTESIAN_POINT('Ctrl Pts',(-1.72,1.28333333333333,3.5565626576742));
#7879=CARTESIAN_POINT('Ctrl Pts',(-4.52,1.16666666666667,3.83908534831514));
#7880=CARTESIAN_POINT('Ctrl Pts',(-4.40333134916403,1.16666666666667,3.82499324988914));
#7881=CARTESIAN_POINT('Ctrl Pts',(-4.28666468249736,1.16666666666667,3.81095007435168));
#7882=CARTESIAN_POINT('Ctrl Pts',(-4.05333134902904,1.16666666666667,3.78296109302442));
#7883=CARTESIAN_POINT('Ctrl Pts',(-3.93672830676137,1.16666666666667,3.7677866676331));
#7884=CARTESIAN_POINT('Ctrl Pts',(-3.70339484343411,1.16666666666667,3.74246352621002));
#7885=CARTESIAN_POINT('Ctrl Pts',(-3.58686680113595,1.16666666666667,3.73102638790156));
#7886=CARTESIAN_POINT('Ctrl Pts',(-3.35353210388416,1.16666666666667,3.71096453887967));
#7887=CARTESIAN_POINT('Ctrl Pts',(-3.23326829793944,1.16666666666667,3.70325277442901));
#7888=CARTESIAN_POINT('Ctrl Pts',(-2.99948629393589,1.16666666666667,3.68602455655015));
#7889=CARTESIAN_POINT('Ctrl Pts',(-2.89052841688797,1.16666666666667,3.67819012021613));
#7890=CARTESIAN_POINT('Ctrl Pts',(-2.65674317372256,1.16666666666667,3.66119802462848));
#7891=CARTESIAN_POINT('Ctrl Pts',(-2.53667326322732,1.16666666666667,3.65249279189294));
#7892=CARTESIAN_POINT('Ctrl Pts',(-2.3033399284024,1.16666666666667,3.63555529110251));
#7893=CARTESIAN_POINT('Ctrl Pts',(-2.18667159342997,1.16666666666667,3.6260200801541));
#7894=CARTESIAN_POINT('Ctrl Pts',(-1.95333825926456,1.16666666666667,3.61121516837362));
#7895=CARTESIAN_POINT('Ctrl Pts',(-1.8366715925979,1.16666666666667,3.60487882690152));
#7896=CARTESIAN_POINT('Ctrl Pts',(-1.72,1.16666666666667,3.59960828727271));
#7897=CARTESIAN_POINT('Ctrl Pts',(-4.52,1.05,3.88395916776605));
#7898=CARTESIAN_POINT('Ctrl Pts',(-4.40333134916403,1.05,3.86950126029898));
#7899=CARTESIAN_POINT('Ctrl Pts',(-4.28666468249736,1.05,3.85534798435913));
#7900=CARTESIAN_POINT('Ctrl Pts',(-4.05333134902904,1.05,3.82765022445744));
#7901=CARTESIAN_POINT('Ctrl Pts',(-3.93672830676137,1.05,3.81343997503761));
#7902=CARTESIAN_POINT('Ctrl Pts',(-3.70339484343411,1.05,3.78830519122837));
#7903=CARTESIAN_POINT('Ctrl Pts',(-3.58686680113595,1.05,3.77614327219055));
#7904=CARTESIAN_POINT('Ctrl Pts',(-3.35353210388416,1.05,3.75606874446494));
#7905=CARTESIAN_POINT('Ctrl Pts',(-3.23326829793944,1.05,3.74884530481642));
#7906=CARTESIAN_POINT('Ctrl Pts',(-2.99948629393589,1.05,3.73184981585845));
#7907=CARTESIAN_POINT('Ctrl Pts',(-2.89052841688797,1.05,3.72395374477153));
#7908=CARTESIAN_POINT('Ctrl Pts',(-2.65674317372256,1.05,3.70698344027613));
#7909=CARTESIAN_POINT('Ctrl Pts',(-2.53667326322732,1.05,3.69826765088648));
#7910=CARTESIAN_POINT('Ctrl Pts',(-2.3033399284024,1.05,3.68133015009605));
#7911=CARTESIAN_POINT('Ctrl Pts',(-2.18667159342997,1.05,3.67224986833871));
#7912=CARTESIAN_POINT('Ctrl Pts',(-1.95333825926456,1.05,3.65653513659398));
#7913=CARTESIAN_POINT('Ctrl Pts',(-1.8366715925979,1.05,3.64928905199022));
#7914=CARTESIAN_POINT('Ctrl Pts',(-1.72,1.05,3.64265391687122));
#7915=CARTESIAN_POINT('Ctrl Pts',(-4.52,1.05,3.88395916776605));
#7916=CARTESIAN_POINT('Ctrl Pts',(-4.40333134916403,1.05,3.86950126029898));
#7917=CARTESIAN_POINT('Ctrl Pts',(-4.28666468249737,1.05,3.85534798435913));
#7918=CARTESIAN_POINT('Ctrl Pts',(-4.05333134902904,1.05,3.82765022445745));
#7919=CARTESIAN_POINT('Ctrl Pts',(-3.93672830676137,1.05,3.81343997503761));
#7920=CARTESIAN_POINT('Ctrl Pts',(-3.70339484343412,1.05,3.78830519122838));
#7921=CARTESIAN_POINT('Ctrl Pts',(-3.58686680113595,1.05,3.77614327219055));
#7922=CARTESIAN_POINT('Ctrl Pts',(-3.35353210388416,1.05,3.75606874446494));
#7923=CARTESIAN_POINT('Ctrl Pts',(-3.23326829793945,1.05,3.74884530481643));
#7924=CARTESIAN_POINT('Ctrl Pts',(-2.99948629393589,1.05,3.73184981585845));
#7925=CARTESIAN_POINT('Ctrl Pts',(-2.89052841688797,1.05,3.72395374477153));
#7926=CARTESIAN_POINT('Ctrl Pts',(-2.65674317372256,1.05,3.70698344027613));
#7927=CARTESIAN_POINT('Ctrl Pts',(-2.53667326322732,1.05,3.69826765088648));
#7928=CARTESIAN_POINT('Ctrl Pts',(-2.3033399284024,1.05,3.68133015009605));
#7929=CARTESIAN_POINT('Ctrl Pts',(-2.18667159342997,1.05,3.67224986833871));
#7930=CARTESIAN_POINT('Ctrl Pts',(-1.95333825926456,1.05,3.65653513659398));
#7931=CARTESIAN_POINT('Ctrl Pts',(-1.8366715925979,1.05,3.64928905199022));
#7932=CARTESIAN_POINT('Ctrl Pts',(-1.72,1.05,3.64265391687122));
#7933=CARTESIAN_POINT('Ctrl Pts',(-4.52,1.05,3.88395916776605));
#7934=CARTESIAN_POINT('Ctrl Pts',(-4.40333134916403,1.05,3.86950126029898));
#7935=CARTESIAN_POINT('Ctrl Pts',(-4.28666468249737,1.05,3.85534798435913));
#7936=CARTESIAN_POINT('Ctrl Pts',(-4.05333134902904,1.05,3.82765022445744));
#7937=CARTESIAN_POINT('Ctrl Pts',(-3.93672830676137,1.05,3.81343997503761));
#7938=CARTESIAN_POINT('Ctrl Pts',(-3.70339484343411,1.05,3.78830519122837));
#7939=CARTESIAN_POINT('Ctrl Pts',(-3.58686680113595,1.05,3.77614327219055));
#7940=CARTESIAN_POINT('Ctrl Pts',(-3.35353210388416,1.05,3.75606874446494));
#7941=CARTESIAN_POINT('Ctrl Pts',(-3.23326829793944,1.05,3.74884530481642));
#7942=CARTESIAN_POINT('Ctrl Pts',(-2.99948629393589,1.05,3.73184981585845));
#7943=CARTESIAN_POINT('Ctrl Pts',(-2.89052841688797,1.05,3.72395374477153));
#7944=CARTESIAN_POINT('Ctrl Pts',(-2.65674317372256,1.05,3.70698344027613));
#7945=CARTESIAN_POINT('Ctrl Pts',(-2.53667326322732,1.05,3.69826765088648));
#7946=CARTESIAN_POINT('Ctrl Pts',(-2.3033399284024,1.05,3.68133015009605));
#7947=CARTESIAN_POINT('Ctrl Pts',(-2.18667159342997,1.05,3.67224986833871));
#7948=CARTESIAN_POINT('Ctrl Pts',(-1.95333825926456,1.05,3.65653513659398));
#7949=CARTESIAN_POINT('Ctrl Pts',(-1.8366715925979,1.05,3.64928905199022));
#7950=CARTESIAN_POINT('Ctrl Pts',(-1.72,1.05,3.64265391687122));
#7951=CARTESIAN_POINT('Ctrl Pts',(-4.52,0.933333333333333,3.93476566256128));
#7952=CARTESIAN_POINT('Ctrl Pts',(-4.40333134916403,0.933333333333333,3.92037751289838));
#7953=CARTESIAN_POINT('Ctrl Pts',(-4.28666468249737,0.933333333333333,3.90627895781204));
#7954=CARTESIAN_POINT('Ctrl Pts',(-4.05333134902904,0.933333333333333,3.87866056706594));
#7955=CARTESIAN_POINT('Ctrl Pts',(-3.93672830676137,0.933333333333333,3.86433619199903));
#7956=CARTESIAN_POINT('Ctrl Pts',(-3.70339484343411,0.933333333333333,3.83949801610732));
#7957=CARTESIAN_POINT('Ctrl Pts',(-3.58686680113595,0.933333333333333,3.82773035880085));
#7958=CARTESIAN_POINT('Ctrl Pts',(-3.35353210388416,0.933333333333333,3.80820012387618));
#7959=CARTESIAN_POINT('Ctrl Pts',(-3.23326829793944,0.933333333333332,3.8012617435288));
#7960=CARTESIAN_POINT('Ctrl Pts',(-2.99948629393589,0.933333333333333,3.78480499167115));
#7961=CARTESIAN_POINT('Ctrl Pts',(-2.89052841688797,0.933333333333332,3.7771516907369));
#7962=CARTESIAN_POINT('Ctrl Pts',(-2.65674317372256,0.933333333333332,3.76071165749188));
#7963=CARTESIAN_POINT('Ctrl Pts',(-2.53667326322732,0.933333333333332,3.75234842450016));
#7964=CARTESIAN_POINT('Ctrl Pts',(-2.3033399284024,0.933333333333333,3.73577975090784));
#7965=CARTESIAN_POINT('Ctrl Pts',(-2.18667159342997,0.933333333333333,3.72704238399425));
#7966=CARTESIAN_POINT('Ctrl Pts',(-1.95333825926456,0.933333333333333,3.71089836764942));
#7967=CARTESIAN_POINT('Ctrl Pts',(-1.8366715925979,0.933333333333333,3.70311883008202));
#7968=CARTESIAN_POINT('Ctrl Pts',(-1.72,0.933333333333333,3.69563142227235));
#7969=CARTESIAN_POINT('Ctrl Pts',(-4.52,0.816666666666667,3.98557215735652));
#7970=CARTESIAN_POINT('Ctrl Pts',(-4.40333134916403,0.816666666666666,3.97125376549778));
#7971=CARTESIAN_POINT('Ctrl Pts',(-4.28666468249737,0.816666666666667,3.95720993126495));
#7972=CARTESIAN_POINT('Ctrl Pts',(-4.05333134902904,0.816666666666666,3.92967090967445));
#7973=CARTESIAN_POINT('Ctrl Pts',(-3.93672830676137,0.816666666666667,3.91523240896045));
#7974=CARTESIAN_POINT('Ctrl Pts',(-3.70339484343411,0.816666666666666,3.89069084098627));
#7975=CARTESIAN_POINT('Ctrl Pts',(-3.58686680113595,0.816666666666667,3.87931744541114));
#7976=CARTESIAN_POINT('Ctrl Pts',(-3.35353210388416,0.816666666666666,3.86033150328743));
#7977=CARTESIAN_POINT('Ctrl Pts',(-3.23326829793944,0.816666666666666,3.85367818224119));
#7978=CARTESIAN_POINT('Ctrl Pts',(-2.99948629393589,0.816666666666666,3.83776016748385));
#7979=CARTESIAN_POINT('Ctrl Pts',(-2.89052841688797,0.816666666666666,3.83034963670228));
#7980=CARTESIAN_POINT('Ctrl Pts',(-2.65674317372256,0.816666666666666,3.81443987470763));
#7981=CARTESIAN_POINT('Ctrl Pts',(-2.53667326322732,0.816666666666666,3.80642919811384));
#7982=CARTESIAN_POINT('Ctrl Pts',(-2.3033399284024,0.816666666666667,3.79022935171963));
#7983=CARTESIAN_POINT('Ctrl Pts',(-2.18667159342997,0.816666666666666,3.78183489964979));
#7984=CARTESIAN_POINT('Ctrl Pts',(-1.95333825926456,0.816666666666666,3.76526159870486));
#7985=CARTESIAN_POINT('Ctrl Pts',(-1.8366715925979,0.816666666666666,3.75694860817382));
#7986=CARTESIAN_POINT('Ctrl Pts',(-1.72,0.816666666666666,3.74860892767348));
#7987=CARTESIAN_POINT('Ctrl Pts',(-4.52,0.7,4.03637865215176));
#7988=CARTESIAN_POINT('Ctrl Pts',(-4.40333134916403,0.7,4.02213001809718));
#7989=CARTESIAN_POINT('Ctrl Pts',(-4.28666468249737,0.7,4.00814090471785));
#7990=CARTESIAN_POINT('Ctrl Pts',(-4.05333134902904,0.7,3.98068125228295));
#7991=CARTESIAN_POINT('Ctrl Pts',(-3.93672830676137,0.7,3.96612862592187));
#7992=CARTESIAN_POINT('Ctrl Pts',(-3.70339484343411,0.7,3.94188366586522));
#7993=CARTESIAN_POINT('Ctrl Pts',(-3.58686680113595,0.7,3.93090453202144));
#7994=CARTESIAN_POINT('Ctrl Pts',(-3.35353210388416,0.7,3.91246288269867));
#7995=CARTESIAN_POINT('Ctrl Pts',(-3.23326829793944,0.699999999999999,3.90609462095357));
#7996=CARTESIAN_POINT('Ctrl Pts',(-2.99948629393589,0.699999999999999,3.89071534329655));
#7997=CARTESIAN_POINT('Ctrl Pts',(-2.89052841688797,0.699999999999999,3.88354758266766));
#7998=CARTESIAN_POINT('Ctrl Pts',(-2.65674317372256,0.699999999999999,3.86816809192337));
#7999=CARTESIAN_POINT('Ctrl Pts',(-2.53667326322732,0.7,3.86050997172752));
#8000=CARTESIAN_POINT('Ctrl Pts',(-2.3033399284024,0.7,3.84467895253142));
#8001=CARTESIAN_POINT('Ctrl Pts',(-2.18667159342997,0.7,3.83662741530534));
#8002=CARTESIAN_POINT('Ctrl Pts',(-1.95333825926456,0.7,3.81962482976029));
#8003=CARTESIAN_POINT('Ctrl Pts',(-1.8366715925979,0.7,3.81077838626562));
#8004=CARTESIAN_POINT('Ctrl Pts',(-1.72,0.7,3.80158643307461));
#8005=CARTESIAN_POINT('Ctrl Pts',(-4.52,0.7,4.03637865215176));
#8006=CARTESIAN_POINT('Ctrl Pts',(-4.40333134916403,0.7,4.02213001809718));
#8007=CARTESIAN_POINT('Ctrl Pts',(-4.28666468249737,0.7,4.00814090471785));
#8008=CARTESIAN_POINT('Ctrl Pts',(-4.05333134902904,0.7,3.98068125228295));
#8009=CARTESIAN_POINT('Ctrl Pts',(-3.93672830676137,0.7,3.96612862592187));
#8010=CARTESIAN_POINT('Ctrl Pts',(-3.70339484343412,0.7,3.94188366586522));
#8011=CARTESIAN_POINT('Ctrl Pts',(-3.58686680113595,0.7,3.93090453202144));
#8012=CARTESIAN_POINT('Ctrl Pts',(-3.35353210388416,0.7,3.91246288269867));
#8013=CARTESIAN_POINT('Ctrl Pts',(-3.23326829793945,0.7,3.90609462095357));
#8014=CARTESIAN_POINT('Ctrl Pts',(-2.99948629393589,0.7,3.89071534329655));
#8015=CARTESIAN_POINT('Ctrl Pts',(-2.89052841688797,0.7,3.88354758266767));
#8016=CARTESIAN_POINT('Ctrl Pts',(-2.65674317372256,0.7,3.86816809192338));
#8017=CARTESIAN_POINT('Ctrl Pts',(-2.53667326322732,0.7,3.86050997172752));
#8018=CARTESIAN_POINT('Ctrl Pts',(-2.3033399284024,0.7,3.84467895253143));
#8019=CARTESIAN_POINT('Ctrl Pts',(-2.18667159342997,0.7,3.83662741530534));
#8020=CARTESIAN_POINT('Ctrl Pts',(-1.95333825926456,0.7,3.81962482976029));
#8021=CARTESIAN_POINT('Ctrl Pts',(-1.8366715925979,0.7,3.81077838626562));
#8022=CARTESIAN_POINT('Ctrl Pts',(-1.72,0.7,3.80158643307461));
#8023=CARTESIAN_POINT('Ctrl Pts',(-4.52,0.7,4.03637865215176));
#8024=CARTESIAN_POINT('Ctrl Pts',(-4.40333134916403,0.7,4.02213001809718));
#8025=CARTESIAN_POINT('Ctrl Pts',(-4.28666468249736,0.7,4.00814090471785));
#8026=CARTESIAN_POINT('Ctrl Pts',(-4.05333134902904,0.7,3.98068125228295));
#8027=CARTESIAN_POINT('Ctrl Pts',(-3.93672830676138,0.7,3.96612862592187));
#8028=CARTESIAN_POINT('Ctrl Pts',(-3.70339484343412,0.7,3.94188366586522));
#8029=CARTESIAN_POINT('Ctrl Pts',(-3.58686680113596,0.7,3.93090453202144));
#8030=CARTESIAN_POINT('Ctrl Pts',(-3.35353210388417,0.7,3.91246288269868));
#8031=CARTESIAN_POINT('Ctrl Pts',(-3.23326829793945,0.7,3.90609462095357));
#8032=CARTESIAN_POINT('Ctrl Pts',(-2.99948629393589,0.7,3.89071534329655));
#8033=CARTESIAN_POINT('Ctrl Pts',(-2.89052841688797,0.7,3.88354758266767));
#8034=CARTESIAN_POINT('Ctrl Pts',(-2.65674317372257,0.7,3.86816809192338));
#8035=CARTESIAN_POINT('Ctrl Pts',(-2.53667326322732,0.7,3.86050997172753));
#8036=CARTESIAN_POINT('Ctrl Pts',(-2.3033399284024,0.7,3.84467895253143));
#8037=CARTESIAN_POINT('Ctrl Pts',(-2.18667159342997,0.7,3.83662741530534));
#8038=CARTESIAN_POINT('Ctrl Pts',(-1.95333825926456,0.7,3.81962482976029));
#8039=CARTESIAN_POINT('Ctrl Pts',(-1.8366715925979,0.7,3.81077838626562));
#8040=CARTESIAN_POINT('Ctrl Pts',(-1.72,0.7,3.80158643307461));
#8041=CARTESIAN_POINT('Ctrl Pts',(-4.52,0.583333333333333,4.09340797265946));
#8042=CARTESIAN_POINT('Ctrl Pts',(-4.40333134916403,0.583329062238193,4.07946372688197));
#8043=CARTESIAN_POINT('Ctrl Pts',(-4.28666468249736,0.583329062238193,4.06569045428827));
#8044=CARTESIAN_POINT('Ctrl Pts',(-4.05333134902904,0.583337604573759,4.03848539277175));
#8045=CARTESIAN_POINT('Ctrl Pts',(-3.93672830676138,0.58335469215303,4.02399443013968));
#8046=CARTESIAN_POINT('Ctrl Pts',(-3.70339484343412,0.583363225766568,3.9996040887583));
#8047=CARTESIAN_POINT('Ctrl Pts',(-3.58686680113596,0.583358961211761,3.98823772415997));
#8048=CARTESIAN_POINT('Ctrl Pts',(-3.35353210388417,0.583358961211762,3.96961281217018));
#8049=CARTESIAN_POINT('Ctrl Pts',(-3.23326829793945,0.574506391445706,3.96768040963124));
#8050=CARTESIAN_POINT('Ctrl Pts',(-2.99948629393589,0.592777801347143,3.94333446664365));
#8051=CARTESIAN_POINT('Ctrl Pts',(-2.89052841688797,0.632261724885579,3.91687898729367));
#8052=CARTESIAN_POINT('Ctrl Pts',(-2.65674317372257,0.65052905443318,3.8923622924827));
#8053=CARTESIAN_POINT('Ctrl Pts',(-2.53667326322732,0.641698862998353,3.88881591250638));
#8054=CARTESIAN_POINT('Ctrl Pts',(-2.3033399284024,0.641660100404874,3.87264164573793));
#8055=CARTESIAN_POINT('Ctrl Pts',(-2.18667159342997,0.641563202700154,3.86436027998395));
#8056=CARTESIAN_POINT('Ctrl Pts',(-1.95333825926456,0.641563209246545,3.84707390867558));
#8057=CARTESIAN_POINT('Ctrl Pts',(-1.8366715925979,0.641601967457342,3.83812478662275));
#8058=CARTESIAN_POINT('Ctrl Pts',(-1.72,0.64167948060588,3.82886936320555));
#8059=CARTESIAN_POINT('Ctrl Pts',(-4.52,0.466666666666667,4.15043729316716));
#8060=CARTESIAN_POINT('Ctrl Pts',(-4.40333134916403,0.466658124476387,4.13679743566676));
#8061=CARTESIAN_POINT('Ctrl Pts',(-4.28666468249736,0.466658124476387,4.12324000385869));
#8062=CARTESIAN_POINT('Ctrl Pts',(-4.05333134902904,0.466675209147518,4.09628953326055));
#8063=CARTESIAN_POINT('Ctrl Pts',(-3.93672830676138,0.46670938430606,4.08186023435748));
#8064=CARTESIAN_POINT('Ctrl Pts',(-3.70339484343412,0.466726451533136,4.05732451165139));
#8065=CARTESIAN_POINT('Ctrl Pts',(-3.58686680113596,0.466717922423522,4.0455709162985));
#8066=CARTESIAN_POINT('Ctrl Pts',(-3.35353210388417,0.466717922423522,4.02676274164169));
#8067=CARTESIAN_POINT('Ctrl Pts',(-3.23326829793945,0.449012782891411,4.02926619830891));
#8068=CARTESIAN_POINT('Ctrl Pts',(-2.99948629393589,0.485555602694286,3.99595358999074));
#8069=CARTESIAN_POINT('Ctrl Pts',(-2.89052841688797,0.564523449771157,3.95021039191968));
#8070=CARTESIAN_POINT('Ctrl Pts',(-2.65674317372257,0.60105810886636,3.91655649304202));
#8071=CARTESIAN_POINT('Ctrl Pts',(-2.53667326322732,0.583397725996705,3.91712185328523));
#8072=CARTESIAN_POINT('Ctrl Pts',(-2.3033399284024,0.583320200809747,3.90060433894444));
#8073=CARTESIAN_POINT('Ctrl Pts',(-2.18667159342997,0.583126405400308,3.89209314466255));
#8074=CARTESIAN_POINT('Ctrl Pts',(-1.95333825926456,0.58312641849309,3.87452298759087));
#8075=CARTESIAN_POINT('Ctrl Pts',(-1.8366715925979,0.583203934914685,3.86547118697988));
#8076=CARTESIAN_POINT('Ctrl Pts',(-1.72,0.583358961211761,3.85615229333649));
#8077=CARTESIAN_POINT('Ctrl Pts',(-4.52,0.35,4.20746661367486));
#8078=CARTESIAN_POINT('Ctrl Pts',(-4.40333134916403,0.34998718671458,4.19413114445154));
#8079=CARTESIAN_POINT('Ctrl Pts',(-4.28666468249736,0.34998718671458,4.18078955342911));
#8080=CARTESIAN_POINT('Ctrl Pts',(-4.05333134902904,0.350012813721278,4.15409367374935));
#8081=CARTESIAN_POINT('Ctrl Pts',(-3.93672830676138,0.35006407645909,4.13972603857529));
#8082=CARTESIAN_POINT('Ctrl Pts',(-3.70339484343412,0.350089677299704,4.11504493454447));
#8083=CARTESIAN_POINT('Ctrl Pts',(-3.58686680113596,0.350076883635283,4.10290410843703));
#8084=CARTESIAN_POINT('Ctrl Pts',(-3.35353210388417,0.350076883635283,4.08391267111319));
#8085=CARTESIAN_POINT('Ctrl Pts',(-3.23326829793945,0.323519174337116,4.09085198698659));
#8086=CARTESIAN_POINT('Ctrl Pts',(-2.99948629393589,0.378333404041429,4.04857271333783));
#8087=CARTESIAN_POINT('Ctrl Pts',(-2.89052841688797,0.496785174656735,3.98354179654569));
#8088=CARTESIAN_POINT('Ctrl Pts',(-2.65674317372257,0.551587163299539,3.94075069360134));
#8089=CARTESIAN_POINT('Ctrl Pts',(-2.53667326322732,0.525096588995058,3.94542779406408));
#8090=CARTESIAN_POINT('Ctrl Pts',(-2.3033399284024,0.52498030121462,3.92856703215095));
#8091=CARTESIAN_POINT('Ctrl Pts',(-2.18667159342997,0.524689608100461,3.91982600934116));
#8092=CARTESIAN_POINT('Ctrl Pts',(-1.95333825926456,0.524689627739634,3.90197206650615));
#8093=CARTESIAN_POINT('Ctrl Pts',(-1.8366715925979,0.524805902372027,3.89281758733701));
#8094=CARTESIAN_POINT('Ctrl Pts',(-1.72,0.525038441817641,3.88343522346742));
#8095=CARTESIAN_POINT('Ctrl Pts',(-4.52,0.35,4.20746661367486));
#8096=CARTESIAN_POINT('Ctrl Pts',(-4.40333134916403,0.34998718671458,4.19413114445154));
#8097=CARTESIAN_POINT('Ctrl Pts',(-4.28666468249737,0.34998718671458,4.18078955342911));
#8098=CARTESIAN_POINT('Ctrl Pts',(-4.05333134902904,0.350012813721278,4.15409367374935));
#8099=CARTESIAN_POINT('Ctrl Pts',(-3.93672830676137,0.35006407645909,4.13972603857529));
#8100=CARTESIAN_POINT('Ctrl Pts',(-3.70339484343412,0.350089677299704,4.11504493454447));
#8101=CARTESIAN_POINT('Ctrl Pts',(-3.58686680113595,0.350076883635283,4.10290410843702));
#8102=CARTESIAN_POINT('Ctrl Pts',(-3.35353210388416,0.350076883635283,4.08391267111319));
#8103=CARTESIAN_POINT('Ctrl Pts',(-3.23326829793945,0.323519174337116,4.09085198698658));
#8104=CARTESIAN_POINT('Ctrl Pts',(-2.99948629393589,0.378333404041429,4.04857271333783));
#8105=CARTESIAN_POINT('Ctrl Pts',(-2.89052841688797,0.496785174656735,3.98354179654569));
#8106=CARTESIAN_POINT('Ctrl Pts',(-2.65674317372256,0.551587163299539,3.94075069360134));
#8107=CARTESIAN_POINT('Ctrl Pts',(-2.53667326322732,0.525096588995058,3.94542779406408));
#8108=CARTESIAN_POINT('Ctrl Pts',(-2.3033399284024,0.52498030121462,3.92856703215094));
#8109=CARTESIAN_POINT('Ctrl Pts',(-2.18667159342997,0.524689608100461,3.91982600934116));
#8110=CARTESIAN_POINT('Ctrl Pts',(-1.95333825926456,0.524689627739634,3.90197206650615));
#8111=CARTESIAN_POINT('Ctrl Pts',(-1.8366715925979,0.524805902372027,3.89281758733701));
#8112=CARTESIAN_POINT('Ctrl Pts',(-1.72,0.525038441817641,3.88343522346742));
#8113=CARTESIAN_POINT('Ctrl Pts',(-4.52,0.35,4.20746661367486));
#8114=CARTESIAN_POINT('Ctrl Pts',(-4.40333134916403,0.34998718671458,4.19413114445154));
#8115=CARTESIAN_POINT('Ctrl Pts',(-4.28666468249737,0.34998718671458,4.18078955342911));
#8116=CARTESIAN_POINT('Ctrl Pts',(-4.05333134902904,0.350012813721278,4.15409367374935));
#8117=CARTESIAN_POINT('Ctrl Pts',(-3.93672830676137,0.35006407645909,4.13972603857529));
#8118=CARTESIAN_POINT('Ctrl Pts',(-3.70339484343411,0.350089677299704,4.11504493454447));
#8119=CARTESIAN_POINT('Ctrl Pts',(-3.58686680113595,0.350076883635283,4.10290410843702));
#8120=CARTESIAN_POINT('Ctrl Pts',(-3.35353210388416,0.350076883635283,4.08391267111319));
#8121=CARTESIAN_POINT('Ctrl Pts',(-3.23326829793944,0.323519174337116,4.09085198698658));
#8122=CARTESIAN_POINT('Ctrl Pts',(-2.99948629393589,0.378333404041429,4.04857271333783));
#8123=CARTESIAN_POINT('Ctrl Pts',(-2.89052841688797,0.496785174656735,3.98354179654569));
#8124=CARTESIAN_POINT('Ctrl Pts',(-2.65674317372256,0.551587163299539,3.94075069360134));
#8125=CARTESIAN_POINT('Ctrl Pts',(-2.53667326322732,0.525096588995058,3.94542779406408));
#8126=CARTESIAN_POINT('Ctrl Pts',(-2.3033399284024,0.52498030121462,3.92856703215094));
#8127=CARTESIAN_POINT('Ctrl Pts',(-2.18667159342997,0.524689608100461,3.91982600934116));
#8128=CARTESIAN_POINT('Ctrl Pts',(-1.95333825926456,0.524689627739634,3.90197206650615));
#8129=CARTESIAN_POINT('Ctrl Pts',(-1.8366715925979,0.524805902372027,3.89281758733701));
#8130=CARTESIAN_POINT('Ctrl Pts',(-1.72,0.525038441817641,3.88343522346742));
#8131=CARTESIAN_POINT('Ctrl Pts',(-4.52,0.233333333333333,4.26527238691656));
#8132=CARTESIAN_POINT('Ctrl Pts',(-4.40333134916403,0.233316248952773,4.25193903392716));
#8133=CARTESIAN_POINT('Ctrl Pts',(-4.28666468249737,0.233316248952773,4.23859744290473));
#8134=CARTESIAN_POINT('Ctrl Pts',(-4.05333134902904,0.233350418295037,4.21189733068515));
#8135=CARTESIAN_POINT('Ctrl Pts',(-3.93672830676137,0.23341876861212,4.197613319848));
#8136=CARTESIAN_POINT('Ctrl Pts',(-3.70339484343411,0.233452903066272,4.17274390304128));
#8137=CARTESIAN_POINT('Ctrl Pts',(-3.58686680113595,0.233435844847044,4.16023730057555));
#8138=CARTESIAN_POINT('Ctrl Pts',(-3.35353210388416,0.233435844847044,4.1410626005847));
#8139=CARTESIAN_POINT('Ctrl Pts',(-3.23326829793944,0.198025565782821,4.15243777566426));
#8140=CARTESIAN_POINT('Ctrl Pts',(-2.99948629393589,0.271111205388572,4.10119183668492));
#8141=CARTESIAN_POINT('Ctrl Pts',(-2.89052841688797,0.429046899542314,4.01687320117169));
#8142=CARTESIAN_POINT('Ctrl Pts',(-2.65674317372256,0.502116217732719,3.96494489416065));
#8143=CARTESIAN_POINT('Ctrl Pts',(-2.53667326322732,0.46679545199341,3.97373373484293));
#8144=CARTESIAN_POINT('Ctrl Pts',(-2.3033399284024,0.466640401619493,3.95652972535745));
#8145=CARTESIAN_POINT('Ctrl Pts',(-2.18667159342997,0.466252810800615,3.94755887401977));
#8146=CARTESIAN_POINT('Ctrl Pts',(-1.95333825926456,0.466252836986179,3.92942114542144));
#8147=CARTESIAN_POINT('Ctrl Pts',(-1.8366715925979,0.46640786982937,3.92016398769414));
#8148=CARTESIAN_POINT('Ctrl Pts',(-1.72,0.466717922423522,3.91071815359836));
#8149=CARTESIAN_POINT('Ctrl Pts',(-4.52,0.116666666666667,4.32307816015827));
#8150=CARTESIAN_POINT('Ctrl Pts',(-4.40333134916403,0.116662395571527,4.30973845846711));
#8151=CARTESIAN_POINT('Ctrl Pts',(-4.28666468249737,0.116662395571527,4.29639686744468));
#8152=CARTESIAN_POINT('Ctrl Pts',(-4.05333134902904,0.116670937907092,4.26970945284456));
#8153=CARTESIAN_POINT('Ctrl Pts',(-3.93672830676137,0.116688025486363,4.25554301336185));
#8154=CARTESIAN_POINT('Ctrl Pts',(-3.70339484343411,0.116696559099901,4.23050203486709));
#8155=CARTESIAN_POINT('Ctrl Pts',(-3.58686680113595,0.116692294545094,4.21762088074537));
#8156=CARTESIAN_POINT('Ctrl Pts',(-3.35353210388416,0.116692294545095,4.19826275702468));
#8157=CARTESIAN_POINT('Ctrl Pts',(-3.23326829793944,0.0724216655172428,
4.21407768982371));
#8158=CARTESIAN_POINT('Ctrl Pts',(-2.99948629393589,0.163794773093753,4.15385720504184));
#8159=CARTESIAN_POINT('Ctrl Pts',(-2.89052841688797,0.361249091752341,4.0502338995418));
#8160=CARTESIAN_POINT('Ctrl Pts',(-2.65674317372256,0.452601793973597,3.9891603581119));
#8161=CARTESIAN_POINT('Ctrl Pts',(-2.53667326322732,0.408443076269379,4.00206455267077));
#8162=CARTESIAN_POINT('Ctrl Pts',(-2.3033399284024,0.408249229234966,3.9845169939453));
#8163=CARTESIAN_POINT('Ctrl Pts',(-2.18667159342997,0.407764655551544,3.97531611209189));
#8164=CARTESIAN_POINT('Ctrl Pts',(-1.95333825926456,0.407764688289252,3.95689434832138));
#8165=CARTESIAN_POINT('Ctrl Pts',(-1.8366715925979,0.407958513406405,3.94753442179552));
#8166=CARTESIAN_POINT('Ctrl Pts',(-1.72,0.408346147272547,3.9380250616919));
#8167=CARTESIAN_POINT('Ctrl Pts',(-4.52,-1.11022302462516E-16,4.38088393339997));
#8168=CARTESIAN_POINT('Ctrl Pts',(-4.40333134916403,-7.4016756504419E-17,
4.3675421154749));
#8169=CARTESIAN_POINT('Ctrl Pts',(-4.28666468249737,-7.47201224963976E-17,
4.35420052445247));
#8170=CARTESIAN_POINT('Ctrl Pts',(-4.05333134902904,-1.49328027822941E-16,
4.32751734239217));
#8171=CARTESIAN_POINT('Ctrl Pts',(-3.93672830676137,-3.9078306628631E-16,
4.31345150075513));
#8172=CARTESIAN_POINT('Ctrl Pts',(-3.70339484343411,-2.80484006771258E-16,
4.2882305850284));
#8173=CARTESIAN_POINT('Ctrl Pts',(-3.58686680113595,1.25231196878756E-16,
4.27497926689954));
#8174=CARTESIAN_POINT('Ctrl Pts',(-3.35353210388416,3.08209190250853E-16,
4.25543779998043));
#8175=CARTESIAN_POINT('Ctrl Pts',(-3.23326829793944,-0.0531270888926935,
4.27569054124228));
#8176=CARTESIAN_POINT('Ctrl Pts',(-2.99948629393589,0.0565254576199154,
4.20649945089384));
#8177=CARTESIAN_POINT('Ctrl Pts',(-2.89052841688797,0.293481050300144,4.08357995103986));
#8178=CARTESIAN_POINT('Ctrl Pts',(-2.65674317372256,0.403109109310625,4.01336519036718));
#8179=CARTESIAN_POINT('Ctrl Pts',(-2.53667326322732,0.350116319906539,4.03038293197412));
#8180=CARTESIAN_POINT('Ctrl Pts',(-2.3033399284024,0.349883693245139,4.01249197484247));
#8181=CARTESIAN_POINT('Ctrl Pts',(-2.18667159342997,0.349302179277085,4.00306116346725));
#8182=CARTESIAN_POINT('Ctrl Pts',(-1.95333825926456,0.349302218564061,3.98435548922899));
#8183=CARTESIAN_POINT('Ctrl Pts',(-1.8366715925979,0.349534818923594,3.97489283902478));
#8184=CARTESIAN_POINT('Ctrl Pts',(-1.72,0.35,3.96531998080414));
#8185=CARTESIAN_POINT('',(-2.07,0.349302198921402,3.99370793141677));
#8186=CARTESIAN_POINT('Ctrl Pts',(-2.8868661420078,0.247484553573895,4.10561515289805));
#8187=CARTESIAN_POINT('Ctrl Pts',(-2.84862041847331,0.292717699092845,4.08090039691134));
#8188=CARTESIAN_POINT('Ctrl Pts',(-2.80994566305046,0.331268426326589,4.05937782990323));
#8189=CARTESIAN_POINT('Ctrl Pts',(-2.65674317372256,0.403109109310625,4.01336519036718));
#8190=CARTESIAN_POINT('Ctrl Pts',(-2.53667326322732,0.350116319906539,4.03038293197411));
#8191=CARTESIAN_POINT('Ctrl Pts',(-2.3033399284024,0.349883693245138,4.01249197484247));
#8192=CARTESIAN_POINT('Ctrl Pts',(-2.18667159342997,0.349302179277085,4.00306116346725));
#8193=CARTESIAN_POINT('Ctrl Pts',(-2.07,0.349302198921402,3.99370793141677));
#8194=CARTESIAN_POINT('Ctrl Pts',(-2.07,0.349302198921402,3.99370793141677));
#8195=CARTESIAN_POINT('Ctrl Pts',(-1.95333825926456,0.349302218564061,3.98435548922899));
#8196=CARTESIAN_POINT('Ctrl Pts',(-1.8366715925979,0.349534818923594,3.97489283902478));
#8197=CARTESIAN_POINT('Ctrl Pts',(-1.72,0.35,3.96531998080414));
#8198=CARTESIAN_POINT('Ctrl Pts',(-2.8868661420078,0.247484553573895,4.10561515289805));
#8199=CARTESIAN_POINT('Ctrl Pts',(-2.84862041847331,0.292717699092845,4.08090039691134));
#8200=CARTESIAN_POINT('Ctrl Pts',(-2.80994566305046,0.331268426326589,4.05937782990323));
#8201=CARTESIAN_POINT('Ctrl Pts',(-2.65674317372256,0.403109109310626,4.01336519036718));
#8202=CARTESIAN_POINT('Ctrl Pts',(-2.53667326322732,0.350116319906539,4.03038293197411));
#8203=CARTESIAN_POINT('Ctrl Pts',(-2.3033399284024,0.349883693245138,4.01249197484247));
#8204=CARTESIAN_POINT('Ctrl Pts',(-2.18667159342997,0.349302179277085,4.00306116346724));
#8205=CARTESIAN_POINT('Ctrl Pts',(-1.95333825926456,0.349302218564061,3.98435548922899));
#8206=CARTESIAN_POINT('Ctrl Pts',(-1.8366715925979,0.349534818923594,3.97489283902478));
#8207=CARTESIAN_POINT('Ctrl Pts',(-1.72,0.35,3.96531998080414));
#8208=CARTESIAN_POINT('Ctrl Pts',(-2.8868661420078,0.147951589292976,4.1533742062072));
#8209=CARTESIAN_POINT('Ctrl Pts',(-2.84862041847331,0.18562478867394,4.13222845879162));
#8210=CARTESIAN_POINT('Ctrl Pts',(-2.80994566305046,0.217732421620882,4.11373424915895));
#8211=CARTESIAN_POINT('Ctrl Pts',(-2.65674317372256,0.27756616395013,4.07321662574789));
#8212=CARTESIAN_POINT('Ctrl Pts',(-2.53667326322732,0.233410879937693,4.08560295631196));
#8213=CARTESIAN_POINT('Ctrl Pts',(-2.3033399284024,0.233255795496759,4.06744043297695));
#8214=CARTESIAN_POINT('Ctrl Pts',(-2.18667159342997,0.232868119518056,4.05803557154203));
#8215=CARTESIAN_POINT('Ctrl Pts',(-1.95333825926456,0.232868145709374,4.03932990348689));
#8216=CARTESIAN_POINT('Ctrl Pts',(-1.8366715925979,0.233023212615729,4.02990386074706));
#8217=CARTESIAN_POINT('Ctrl Pts',(-1.72,0.233333333333333,4.02040421436374));
#8218=CARTESIAN_POINT('Ctrl Pts',(-2.8868661420078,0.0484186250120568,4.20113325951635));
#8219=CARTESIAN_POINT('Ctrl Pts',(-2.84862041847331,0.0785318782550355,
4.18355652067189));
#8220=CARTESIAN_POINT('Ctrl Pts',(-2.80994566305046,0.104196416915174,4.16809066841467));
#8221=CARTESIAN_POINT('Ctrl Pts',(-2.65674317372256,0.152023218589635,4.13306806112859));
#8222=CARTESIAN_POINT('Ctrl Pts',(-2.53667326322732,0.116705439968846,4.14082298064981));
#8223=CARTESIAN_POINT('Ctrl Pts',(-2.3033399284024,0.11662789774838,4.12238889111143));
#8224=CARTESIAN_POINT('Ctrl Pts',(-2.18667159342997,0.116434059759028,4.11300997961681));
#8225=CARTESIAN_POINT('Ctrl Pts',(-1.95333825926456,0.116434072854687,4.0943043177448));
#8226=CARTESIAN_POINT('Ctrl Pts',(-1.8366715925979,0.116511606307864,4.08491488246933));
#8227=CARTESIAN_POINT('Ctrl Pts',(-1.72,0.116666666666667,4.07548844792333));
#8228=CARTESIAN_POINT('Ctrl Pts',(-2.8868661420078,-0.0511143392688621,
4.24889231282551));
#8229=CARTESIAN_POINT('Ctrl Pts',(-2.84862041847331,-0.0285610321638691,
4.23488458255216));
#8230=CARTESIAN_POINT('Ctrl Pts',(-2.80994566305046,-0.00933958779053411,
4.22244708767039));
#8231=CARTESIAN_POINT('Ctrl Pts',(-2.65674317372256,0.0264802732291386,
4.1929194965093));
#8232=CARTESIAN_POINT('Ctrl Pts',(-2.53667326322732,4.77572126310752E-17,
4.19604300498767));
#8233=CARTESIAN_POINT('Ctrl Pts',(-2.3033399284024,-4.58128647596118E-17,
4.17733734924591));
#8234=CARTESIAN_POINT('Ctrl Pts',(-2.18667159342997,-3.23327575986395E-16,
4.16798438769159));
#8235=CARTESIAN_POINT('Ctrl Pts',(-1.95333825926456,-3.42080997283569E-16,
4.1492787320027));
#8236=CARTESIAN_POINT('Ctrl Pts',(-1.8366715925979,-2.49791195585458E-16,
4.13992590419161));
#8237=CARTESIAN_POINT('Ctrl Pts',(-1.72,-5.55111512312578E-17,4.13057268148292));
#8238=CARTESIAN_POINT('Ctrl Pts',(-4.52,-0.35,4.57595538041112));
#8239=CARTESIAN_POINT('Ctrl Pts',(-4.40333134916403,-0.35,4.56008440164263));
#8240=CARTESIAN_POINT('Ctrl Pts',(-4.28666468249737,-0.35,4.54421369278991));
#8241=CARTESIAN_POINT('Ctrl Pts',(-4.05333134902904,-0.35,4.5124722750661));
#8242=CARTESIAN_POINT('Ctrl Pts',(-3.93672830676138,-0.35,4.49599246919865));
#8243=CARTESIAN_POINT('Ctrl Pts',(-3.70339484343412,-0.35,4.46548588634614));
#8244=CARTESIAN_POINT('Ctrl Pts',(-3.58686680113596,-0.35,4.44829024714317));
#8245=CARTESIAN_POINT('Ctrl Pts',(-3.35353210388417,-0.35,4.42538820575643));
#8246=CARTESIAN_POINT('Ctrl Pts',(-3.23326829793945,-0.35,4.42000534978552));
#8247=CARTESIAN_POINT('Ctrl Pts',(-2.99948629393589,-0.35,4.40340055726647));
#8248=CARTESIAN_POINT('Ctrl Pts',(-2.89052841688797,-0.35,4.39566162565192));
#8249=CARTESIAN_POINT('Ctrl Pts',(-2.65674317372257,-0.35,4.37905660306551));
#8250=CARTESIAN_POINT('Ctrl Pts',(-2.53667326322732,-0.35,4.37052841904188));
#8251=CARTESIAN_POINT('Ctrl Pts',(-2.3033399284024,-0.35,4.35395549406821));
#8252=CARTESIAN_POINT('Ctrl Pts',(-2.18667159342997,-0.35,4.34625793042402));
#8253=CARTESIAN_POINT('Ctrl Pts',(-1.95333825926456,-0.35,4.32850702067033));
#8254=CARTESIAN_POINT('Ctrl Pts',(-1.8366715925979,-0.35,4.31904267288817));
#8255=CARTESIAN_POINT('Ctrl Pts',(-1.72,-0.35,4.30898905742723));
#8256=CARTESIAN_POINT('Ctrl Pts',(-4.52,-0.466666666666667,4.65459945724379));
#8257=CARTESIAN_POINT('Ctrl Pts',(-4.40333134916403,-0.466666666666667,
4.63790698440767));
#8258=CARTESIAN_POINT('Ctrl Pts',(-4.28666468249737,-0.466666666666667,
4.62121479545838));
#8259=CARTESIAN_POINT('Ctrl Pts',(-4.05333134902904,-0.466666666666667,
4.58783041754046));
#8260=CARTESIAN_POINT('Ctrl Pts',(-3.93672830676138,-0.466666666666667,
4.57067032877767));
#8261=CARTESIAN_POINT('Ctrl Pts',(-3.70339484343412,-0.466666666666667,
4.53823943489844));
#8262=CARTESIAN_POINT('Ctrl Pts',(-3.58686680113596,-0.466666666666667,
4.51924816799479));
#8263=CARTESIAN_POINT('Ctrl Pts',(-3.35353210388417,-0.466666666666667,
4.49524735673198));
#8264=CARTESIAN_POINT('Ctrl Pts',(-3.23326829793945,-0.466666666666667,
4.49048560295718));
#8265=CARTESIAN_POINT('Ctrl Pts',(-2.99948629393589,-0.466666666666667,
4.47373084988296));
#8266=CARTESIAN_POINT('Ctrl Pts',(-2.89052841688797,-0.466666666666667,
4.46594910196157));
#8267=CARTESIAN_POINT('Ctrl Pts',(-2.65674317372257,-0.466666666666667,
4.44864863282635));
#8268=CARTESIAN_POINT('Ctrl Pts',(-2.53667326322732,-0.466666666666667,
4.439432169996));
#8269=CARTESIAN_POINT('Ctrl Pts',(-2.3033399284024,-0.466666666666667,4.42183402943798));
#8270=CARTESIAN_POINT('Ctrl Pts',(-2.18667159342997,-0.466666666666667,
4.41342751158001));
#8271=CARTESIAN_POINT('Ctrl Pts',(-1.95333825926456,-0.466666666666667,
4.39504404785381));
#8272=CARTESIAN_POINT('Ctrl Pts',(-1.8366715925979,-0.466666666666667,4.38545972073219));
#8273=CARTESIAN_POINT('Ctrl Pts',(-1.72,-0.466666666666667,4.3754824102235));
#8274=CARTESIAN_POINT('Ctrl Pts',(-4.52,-0.583333333333333,4.73324353407647));
#8275=CARTESIAN_POINT('Ctrl Pts',(-4.40333134916403,-0.583333333333334,
4.71572956717272));
#8276=CARTESIAN_POINT('Ctrl Pts',(-4.28666468249737,-0.583333333333333,
4.69821589812685));
#8277=CARTESIAN_POINT('Ctrl Pts',(-4.05333134902904,-0.583333333333334,
4.66318856001483));
#8278=CARTESIAN_POINT('Ctrl Pts',(-3.93672830676138,-0.583333333333333,
4.6453481883567));
#8279=CARTESIAN_POINT('Ctrl Pts',(-3.70339484343412,-0.583333333333334,
4.61099298345074));
#8280=CARTESIAN_POINT('Ctrl Pts',(-3.58686680113596,-0.583333333333334,
4.5902060888464));
#8281=CARTESIAN_POINT('Ctrl Pts',(-3.35353210388417,-0.583333333333334,
4.56510650770754));
#8282=CARTESIAN_POINT('Ctrl Pts',(-3.23326829793945,-0.583333333333333,
4.56096585612884));
#8283=CARTESIAN_POINT('Ctrl Pts',(-2.99948629393589,-0.583333333333334,
4.54406114249944));
#8284=CARTESIAN_POINT('Ctrl Pts',(-2.89052841688797,-0.583333333333334,
4.53623657827122));
#8285=CARTESIAN_POINT('Ctrl Pts',(-2.65674317372257,-0.583333333333334,
4.51824066258719));
#8286=CARTESIAN_POINT('Ctrl Pts',(-2.53667326322732,-0.583333333333334,
4.50833592095013));
#8287=CARTESIAN_POINT('Ctrl Pts',(-2.3033399284024,-0.583333333333334,4.48971256480775));
#8288=CARTESIAN_POINT('Ctrl Pts',(-2.18667159342997,-0.583333333333334,
4.480597092736));
#8289=CARTESIAN_POINT('Ctrl Pts',(-1.95333825926456,-0.583333333333334,
4.4615810750373));
#8290=CARTESIAN_POINT('Ctrl Pts',(-1.8366715925979,-0.583333333333333,4.45187676857621));
#8291=CARTESIAN_POINT('Ctrl Pts',(-1.72,-0.583333333333333,4.44197576301977));
#8292=CARTESIAN_POINT('Ctrl Pts',(-4.52,-0.7,4.81188761090914));
#8293=CARTESIAN_POINT('Ctrl Pts',(-4.40333134916403,-0.7,4.79355214993777));
#8294=CARTESIAN_POINT('Ctrl Pts',(-4.28666468249737,-0.7,4.77521700079531));
#8295=CARTESIAN_POINT('Ctrl Pts',(-4.05333134902904,-0.7,4.73854670248919));
#8296=CARTESIAN_POINT('Ctrl Pts',(-3.93672830676138,-0.7,4.72002604793572));
#8297=CARTESIAN_POINT('Ctrl Pts',(-3.70339484343412,-0.700000000000001,
4.68374653200304));
#8298=CARTESIAN_POINT('Ctrl Pts',(-3.58686680113596,-0.700000000000001,
4.66116400969802));
#8299=CARTESIAN_POINT('Ctrl Pts',(-3.35353210388417,-0.700000000000001,
4.63496565868309));
#8300=CARTESIAN_POINT('Ctrl Pts',(-3.23326829793945,-0.7,4.6314461093005));
#8301=CARTESIAN_POINT('Ctrl Pts',(-2.99948629393589,-0.700000000000001,
4.61439143511592));
#8302=CARTESIAN_POINT('Ctrl Pts',(-2.89052841688797,-0.700000000000001,
4.60652405458088));
#8303=CARTESIAN_POINT('Ctrl Pts',(-2.65674317372257,-0.700000000000001,
4.58783269234804));
#8304=CARTESIAN_POINT('Ctrl Pts',(-2.53667326322732,-0.700000000000001,
4.57723967190425));
#8305=CARTESIAN_POINT('Ctrl Pts',(-2.3033399284024,-0.700000000000001,4.55759110017752));
#8306=CARTESIAN_POINT('Ctrl Pts',(-2.18667159342997,-0.7,4.54776667389199));
#8307=CARTESIAN_POINT('Ctrl Pts',(-1.95333825926456,-0.7,4.52811810222079));
#8308=CARTESIAN_POINT('Ctrl Pts',(-1.8366715925979,-0.7,4.51829381642022));
#8309=CARTESIAN_POINT('Ctrl Pts',(-1.72,-0.7,4.50846911581604));
#8310=CARTESIAN_POINT('',(-4.12238834729156,-0.7,4.74939021342274));
#8311=CARTESIAN_POINT('Ctrl Pts',(-4.52,-0.7,4.81188761090914));
#8312=CARTESIAN_POINT('Ctrl Pts',(-4.40333134916403,-0.7,4.79355214993777));
#8313=CARTESIAN_POINT('Ctrl Pts',(-4.28666468249737,-0.7,4.77521700079531));
#8314=CARTESIAN_POINT('Ctrl Pts',(-4.15412839507011,-0.7,4.75438780710875));
#8315=CARTESIAN_POINT('Ctrl Pts',(-4.13825800435298,-0.7,4.7518900233797));
#8316=CARTESIAN_POINT('Ctrl Pts',(-4.12238834729156,-0.7,4.74939021342274));
#8317=CARTESIAN_POINT('Ctrl Pts',(-4.12238834729156,-0.7,4.74939021342274));
#8318=CARTESIAN_POINT('Ctrl Pts',(-4.02160367173148,-0.7,4.73351447430001));
#8319=CARTESIAN_POINT('Ctrl Pts',(-3.92084858625691,-0.7,4.71755701256963));
#8320=CARTESIAN_POINT('Ctrl Pts',(-3.70339484343412,-0.7,4.68374653200304));
#8321=CARTESIAN_POINT('Ctrl Pts',(-3.58686680113595,-0.7,4.66116400969802));
#8322=CARTESIAN_POINT('Ctrl Pts',(-3.35353210388416,-0.7,4.63496565868309));
#8323=CARTESIAN_POINT('Ctrl Pts',(-3.23326829793945,-0.7,4.6314461093005));
#8324=CARTESIAN_POINT('Ctrl Pts',(-2.99948629393589,-0.7,4.61439143511592));
#8325=CARTESIAN_POINT('Ctrl Pts',(-2.89052841688797,-0.7,4.60652405458087));
#8326=CARTESIAN_POINT('Ctrl Pts',(-2.65674317372256,-0.7,4.58783269234804));
#8327=CARTESIAN_POINT('Ctrl Pts',(-2.53667326322732,-0.7,4.57723967190425));
#8328=CARTESIAN_POINT('Ctrl Pts',(-2.3033399284024,-0.7,4.55759110017752));
#8329=CARTESIAN_POINT('Ctrl Pts',(-2.18667159342997,-0.7,4.54776667389199));
#8330=CARTESIAN_POINT('Ctrl Pts',(-1.95333825926456,-0.7,4.52811810222079));
#8331=CARTESIAN_POINT('Ctrl Pts',(-1.8366715925979,-0.7,4.51829381642023));
#8332=CARTESIAN_POINT('Ctrl Pts',(-1.72,-0.7,4.50846911581604));
#8333=CARTESIAN_POINT('Ctrl Pts',(-4.52,-0.7,4.81188761090914));
#8334=CARTESIAN_POINT('Ctrl Pts',(-4.40333134916403,-0.7,4.79355214993777));
#8335=CARTESIAN_POINT('Ctrl Pts',(-4.28666467636523,-0.7,4.77521700027894));
#8336=CARTESIAN_POINT('Ctrl Pts',(-4.05333133812381,-0.7,4.73854670157087));
#8337=CARTESIAN_POINT('Ctrl Pts',(-3.93672829083837,-0.7,4.72002604659487));
#8338=CARTESIAN_POINT('Ctrl Pts',(-3.70339482130055,-0.7,4.68374653013921));
#8339=CARTESIAN_POINT('Ctrl Pts',(-3.58686677303468,-0.7,4.66116400733166));
#8340=CARTESIAN_POINT('Ctrl Pts',(-3.35353206728667,-0.7,4.63496565560128));
#8341=CARTESIAN_POINT('Ctrl Pts',(-3.23326825495949,-0.700000000000001,
4.63144610568123));
#8342=CARTESIAN_POINT('Ctrl Pts',(-2.99948623455602,-0.700000000000001,
4.61439143011565));
#8343=CARTESIAN_POINT('Ctrl Pts',(-2.89052836451768,-0.700000000000001,
4.60652405017087));
#8344=CARTESIAN_POINT('Ctrl Pts',(-2.65674305129204,-0.700000000000001,
4.58783268203839));
#8345=CARTESIAN_POINT('Ctrl Pts',(-2.53667334279318,-0.700000000000001,
4.57723967860435));
#8346=CARTESIAN_POINT('Ctrl Pts',(-2.18668886604748,-0.7,4.54776812838739));
#8347=CARTESIAN_POINT('Ctrl Pts',(-1.95335303872237,-0.7,4.5281193467718));
#8348=CARTESIAN_POINT('Ctrl Pts',(-1.72,-0.7,4.50846911581604));
#8349=CARTESIAN_POINT('Ctrl Pts',(-4.52,-0.816666666666667,4.88738958770993));
#8350=CARTESIAN_POINT('Ctrl Pts',(-4.40333134916403,-0.816666666666667,
4.86915413162726));
#8351=CARTESIAN_POINT('Ctrl Pts',(-4.28666467636523,-0.816666666666667,
4.85091898515022));
#8352=CARTESIAN_POINT('Ctrl Pts',(-4.05333133812381,-0.816666666666667,
4.81444869282097));
#8353=CARTESIAN_POINT('Ctrl Pts',(-3.93672829083837,-0.816666666666667,
4.79620194488394));
#8354=CARTESIAN_POINT('Ctrl Pts',(-3.70339482130055,-0.816666666666667,
4.75977470165815));
#8355=CARTESIAN_POINT('Ctrl Pts',(-3.58686677303468,-0.816666666666667,
4.73740456907565));
#8356=CARTESIAN_POINT('Ctrl Pts',(-3.35353206728667,-0.816666666666667,
4.70944791233681));
#8357=CARTESIAN_POINT('Ctrl Pts',(-3.23326825495949,-0.816666666666667,
4.70306506009611));
#8358=CARTESIAN_POINT('Ctrl Pts',(-2.99948623455602,-0.816666666666667,
4.68440270712237));
#8359=CARTESIAN_POINT('Ctrl Pts',(-2.89052836451768,-0.816666666666667,
4.67724266820099));
#8360=CARTESIAN_POINT('Ctrl Pts',(-2.65674305129204,-0.816666666666667,
4.65875783566978));
#8361=CARTESIAN_POINT('Ctrl Pts',(-2.53667334279318,-0.816666666666667,
4.64846170213463));
#8362=CARTESIAN_POINT('Ctrl Pts',(-2.18668886604748,-0.816666666666667,
4.61958553422249));
#8363=CARTESIAN_POINT('Ctrl Pts',(-1.95335303872237,-0.816666666666667,
4.60033369541536));
#8364=CARTESIAN_POINT('Ctrl Pts',(-1.72,-0.816666666666667,4.58108043402035));
#8365=CARTESIAN_POINT('Ctrl Pts',(-4.52,-0.933333333333333,4.96289156451073));
#8366=CARTESIAN_POINT('Ctrl Pts',(-4.40333134916403,-0.933333333333333,
4.94475611331143));
#8367=CARTESIAN_POINT('Ctrl Pts',(-4.28666467636523,-0.933333333333334,
4.92662097006054));
#8368=CARTESIAN_POINT('Ctrl Pts',(-4.05333133812381,-0.933333333333334,
4.89035068411528));
#8369=CARTESIAN_POINT('Ctrl Pts',(-3.93672829083837,-0.933333333333334,
4.87237784327688));
#8370=CARTESIAN_POINT('Ctrl Pts',(-3.70339482130055,-0.933333333333334,
4.83580287325412));
#8371=CARTESIAN_POINT('Ctrl Pts',(-3.58686677303468,-0.933333333333334,
4.81364513103689));
#8372=CARTESIAN_POINT('Ctrl Pts',(-3.35353206728667,-0.933333333333334,
4.78393016914118));
#8373=CARTESIAN_POINT('Ctrl Pts',(-3.23326825495949,-0.933333333333334,
4.7746840149727));
#8374=CARTESIAN_POINT('Ctrl Pts',(-2.99948623455602,-0.933333333333334,
4.75441398402833));
#8375=CARTESIAN_POINT('Ctrl Pts',(-2.89052836451768,-0.933333333333335,
4.7479612873159));
#8376=CARTESIAN_POINT('Ctrl Pts',(-2.65674305129204,-0.933333333333334,
4.72968298866987));
#8377=CARTESIAN_POINT('Ctrl Pts',(-2.53667334279318,-0.933333333333335,
4.71968372791116));
#8378=CARTESIAN_POINT('Ctrl Pts',(-2.18668886604748,-0.933333333333334,
4.69140293661138));
#8379=CARTESIAN_POINT('Ctrl Pts',(-1.95335303872237,-0.933333333333334,
4.67254803854517));
#8380=CARTESIAN_POINT('Ctrl Pts',(-1.72,-0.933333333333333,4.65369175222467));
#8381=CARTESIAN_POINT('Ctrl Pts',(-4.52,-1.05,5.03839354131152));
#8382=CARTESIAN_POINT('Ctrl Pts',(-4.40333134916403,-1.05,5.02035809500091));
#8383=CARTESIAN_POINT('Ctrl Pts',(-4.28666467636523,-1.05,5.00232295493183));
#8384=CARTESIAN_POINT('Ctrl Pts',(-4.05333133812381,-1.05,4.96625267536538));
#8385=CARTESIAN_POINT('Ctrl Pts',(-3.93672829083837,-1.05,4.94855374156594));
#8386=CARTESIAN_POINT('Ctrl Pts',(-3.70339482130055,-1.05,4.91183104477306));
#8387=CARTESIAN_POINT('Ctrl Pts',(-3.58686677303468,-1.05,4.88988569278088));
#8388=CARTESIAN_POINT('Ctrl Pts',(-3.35353206728667,-1.05,4.85841242587672));
#8389=CARTESIAN_POINT('Ctrl Pts',(-3.23326825495949,-1.05,4.84630296938758));
#8390=CARTESIAN_POINT('Ctrl Pts',(-2.99948623455602,-1.05,4.82442526103505));
#8391=CARTESIAN_POINT('Ctrl Pts',(-2.89052836451768,-1.05,4.81867990534602));
#8392=CARTESIAN_POINT('Ctrl Pts',(-2.65674305129204,-1.05,4.80060814230126));
#8393=CARTESIAN_POINT('Ctrl Pts',(-2.53667334279318,-1.05,4.79090575144144));
#8394=CARTESIAN_POINT('Ctrl Pts',(-2.18668886604748,-1.05,4.76322034244647));
#8395=CARTESIAN_POINT('Ctrl Pts',(-1.95335303872237,-1.05,4.74476238718874));
#8396=CARTESIAN_POINT('Ctrl Pts',(-1.72,-1.05,4.72630307042898));
#8397=CARTESIAN_POINT('Ctrl Pts',(-4.52,-1.05,5.03839354131152));
#8398=CARTESIAN_POINT('Ctrl Pts',(-4.40333134916403,-1.05,5.02035809500091));
#8399=CARTESIAN_POINT('Ctrl Pts',(-4.28666468249737,-1.05,5.00232295541691));
#8400=CARTESIAN_POINT('Ctrl Pts',(-4.05333134902904,-1.05,4.96625267622803));
#8401=CARTESIAN_POINT('Ctrl Pts',(-3.93672830676137,-1.05,4.94855374282553));
#8402=CARTESIAN_POINT('Ctrl Pts',(-3.70339484343412,-1.05,4.91183104652392));
#8403=CARTESIAN_POINT('Ctrl Pts',(-3.58686680113595,-1.05,4.88988569500382));
#8404=CARTESIAN_POINT('Ctrl Pts',(-3.35353210388416,-1.05,4.85841242877175));
#8405=CARTESIAN_POINT('Ctrl Pts',(-3.23326829793945,-1.05,4.84630297278749));
#8406=CARTESIAN_POINT('Ctrl Pts',(-2.99948629393589,-1.05,4.82442526573228));
#8407=CARTESIAN_POINT('Ctrl Pts',(-2.89052841688797,-1.05,4.81867990948875));
#8408=CARTESIAN_POINT('Ctrl Pts',(-2.65674317372256,-1.05,4.80060815198609));
#8409=CARTESIAN_POINT('Ctrl Pts',(-2.53667326322732,-1.05,4.7909057451474));
#8410=CARTESIAN_POINT('Ctrl Pts',(-2.3033399284024,-1.05,4.77244798705809));
#8411=CARTESIAN_POINT('Ctrl Pts',(-2.18667159342997,-1.05,4.76321897610164));
#8412=CARTESIAN_POINT('Ctrl Pts',(-1.95333825926456,-1.05,4.7447612180645));
#8413=CARTESIAN_POINT('Ctrl Pts',(-1.8366715925979,-1.05,4.73553233907884));
#8414=CARTESIAN_POINT('Ctrl Pts',(-1.72,-1.05,4.72630307042898));
#8415=CARTESIAN_POINT('Ctrl Pts',(-4.52,-1.05,5.03839354131152));
#8416=CARTESIAN_POINT('Ctrl Pts',(-4.40333134916403,-1.05,5.02035809500091));
#8417=CARTESIAN_POINT('Ctrl Pts',(-4.28666468249736,-1.05,5.00232295541691));
#8418=CARTESIAN_POINT('Ctrl Pts',(-4.05333134902904,-1.05,4.96625267622803));
#8419=CARTESIAN_POINT('Ctrl Pts',(-3.93672830676137,-1.05,4.94855374282553));
#8420=CARTESIAN_POINT('Ctrl Pts',(-3.70339484343411,-1.05,4.91183104652392));
#8421=CARTESIAN_POINT('Ctrl Pts',(-3.58686680113595,-1.05,4.88988569500382));
#8422=CARTESIAN_POINT('Ctrl Pts',(-3.35353210388416,-1.05,4.85841242877174));
#8423=CARTESIAN_POINT('Ctrl Pts',(-3.23326829793944,-1.05,4.84630297278749));
#8424=CARTESIAN_POINT('Ctrl Pts',(-2.99948629393589,-1.05,4.82442526573228));
#8425=CARTESIAN_POINT('Ctrl Pts',(-2.89052841688797,-1.05,4.81867990948875));
#8426=CARTESIAN_POINT('Ctrl Pts',(-2.65674317372256,-1.05,4.80060815198609));
#8427=CARTESIAN_POINT('Ctrl Pts',(-2.53667326322732,-1.05,4.7909057451474));
#8428=CARTESIAN_POINT('Ctrl Pts',(-2.3033399284024,-1.05,4.77244798705809));
#8429=CARTESIAN_POINT('Ctrl Pts',(-2.18667159342997,-1.05,4.76321897610164));
#8430=CARTESIAN_POINT('Ctrl Pts',(-1.95333825926456,-1.05,4.7447612180645));
#8431=CARTESIAN_POINT('Ctrl Pts',(-1.8366715925979,-1.05,4.73553233907884));
#8432=CARTESIAN_POINT('Ctrl Pts',(-1.72,-1.05,4.72630307042898));
#8433=CARTESIAN_POINT('Ctrl Pts',(-4.52,-1.16666666666667,5.12430429684741));
#8434=CARTESIAN_POINT('Ctrl Pts',(-4.40333134916403,-1.16666666666667,5.1061415103598));
#8435=CARTESIAN_POINT('Ctrl Pts',(-4.28666468249736,-1.16666666666667,5.08787530031771));
#8436=CARTESIAN_POINT('Ctrl Pts',(-4.05333134902904,-1.16666666666667,5.05113540826186));
#8437=CARTESIAN_POINT('Ctrl Pts',(-3.93672830676137,-1.16666666666667,5.03278934127589));
#8438=CARTESIAN_POINT('Ctrl Pts',(-3.70339484343411,-1.16666666666667,4.9953995916624));
#8439=CARTESIAN_POINT('Ctrl Pts',(-3.58686680113595,-1.16666666666667,4.97357493137138));
#8440=CARTESIAN_POINT('Ctrl Pts',(-3.35353210388416,-1.16666666666667,4.94115625044121));
#8441=CARTESIAN_POINT('Ctrl Pts',(-3.23326829793944,-1.16666666666667,4.9284767846102));
#8442=CARTESIAN_POINT('Ctrl Pts',(-2.99948629393589,-1.16666666666667,4.90432220145039));
#8443=CARTESIAN_POINT('Ctrl Pts',(-2.89052841688797,-1.16666666666667,4.89624454910821));
#8444=CARTESIAN_POINT('Ctrl Pts',(-2.65674317372256,-1.16666666666667,4.87558667438326));
#8445=CARTESIAN_POINT('Ctrl Pts',(-2.53667326322732,-1.16666666666667,4.86449829353415));
#8446=CARTESIAN_POINT('Ctrl Pts',(-2.3033399284024,-1.16666666666667,4.8452836199488));
#8447=CARTESIAN_POINT('Ctrl Pts',(-2.18667159342997,-1.16666666666667,4.83682503819167));
#8448=CARTESIAN_POINT('Ctrl Pts',(-1.95333825926456,-1.16666666666667,4.81907550620727));
#8449=CARTESIAN_POINT('Ctrl Pts',(-1.8366715925979,-1.16666666666667,4.81030612852765));
#8450=CARTESIAN_POINT('Ctrl Pts',(-1.72,-1.16666666666667,4.80164176441621));
#8451=CARTESIAN_POINT('Ctrl Pts',(-4.52,-1.28333333333333,5.2102150523833));
#8452=CARTESIAN_POINT('Ctrl Pts',(-4.40333134916403,-1.28333333333333,5.1919249257187));
#8453=CARTESIAN_POINT('Ctrl Pts',(-4.28666468249736,-1.28333333333333,5.17342764521851));
#8454=CARTESIAN_POINT('Ctrl Pts',(-4.05333134902904,-1.28333333333333,5.13601814029568));
#8455=CARTESIAN_POINT('Ctrl Pts',(-3.93672830676137,-1.28333333333333,5.11702493972624));
#8456=CARTESIAN_POINT('Ctrl Pts',(-3.70339484343411,-1.28333333333333,5.07896813680088));
#8457=CARTESIAN_POINT('Ctrl Pts',(-3.58686680113595,-1.28333333333333,5.05726416773895));
#8458=CARTESIAN_POINT('Ctrl Pts',(-3.35353210388416,-1.28333333333333,5.02390007211068));
#8459=CARTESIAN_POINT('Ctrl Pts',(-3.23326829793944,-1.28333333333333,5.01065059643291));
#8460=CARTESIAN_POINT('Ctrl Pts',(-2.99948629393589,-1.28333333333333,4.9842191371685));
#8461=CARTESIAN_POINT('Ctrl Pts',(-2.89052841688797,-1.28333333333333,4.97380918872768));
#8462=CARTESIAN_POINT('Ctrl Pts',(-2.65674317372256,-1.28333333333333,4.95056519678042));
#8463=CARTESIAN_POINT('Ctrl Pts',(-2.53667326322732,-1.28333333333333,4.93809084192089));
#8464=CARTESIAN_POINT('Ctrl Pts',(-2.3033399284024,-1.28333333333333,4.91811925283951));
#8465=CARTESIAN_POINT('Ctrl Pts',(-2.18667159342997,-1.28333333333333,4.91043110028171));
#8466=CARTESIAN_POINT('Ctrl Pts',(-1.95333825926456,-1.28333333333333,4.89338979435004));
#8467=CARTESIAN_POINT('Ctrl Pts',(-1.8366715925979,-1.28333333333333,4.88507991797645));
#8468=CARTESIAN_POINT('Ctrl Pts',(-1.72,-1.28333333333333,4.87698045840345));
#8469=CARTESIAN_POINT('Ctrl Pts',(-4.52,-1.4,5.2961258079192));
#8470=CARTESIAN_POINT('Ctrl Pts',(-4.40333134916403,-1.4,5.27770834107759));
#8471=CARTESIAN_POINT('Ctrl Pts',(-4.28666468249736,-1.4,5.25897999011931));
#8472=CARTESIAN_POINT('Ctrl Pts',(-4.05333134902904,-1.4,5.22090087232951));
#8473=CARTESIAN_POINT('Ctrl Pts',(-3.93672830676137,-1.4,5.2012605381766));
#8474=CARTESIAN_POINT('Ctrl Pts',(-3.70339484343411,-1.4,5.16253668193936));
#8475=CARTESIAN_POINT('Ctrl Pts',(-3.58686680113595,-1.4,5.14095340410651));
#8476=CARTESIAN_POINT('Ctrl Pts',(-3.35353210388416,-1.4,5.10664389378015));
#8477=CARTESIAN_POINT('Ctrl Pts',(-3.23326829793944,-1.4,5.09282440825561));
#8478=CARTESIAN_POINT('Ctrl Pts',(-2.99948629393589,-1.4,5.06411607288661));
#8479=CARTESIAN_POINT('Ctrl Pts',(-2.89052841688797,-1.4,5.05137382834714));
#8480=CARTESIAN_POINT('Ctrl Pts',(-2.65674317372256,-1.4,5.02554371917759));
#8481=CARTESIAN_POINT('Ctrl Pts',(-2.53667326322732,-1.4,5.01168339030764));
#8482=CARTESIAN_POINT('Ctrl Pts',(-2.3033399284024,-1.4,4.99095488573023));
#8483=CARTESIAN_POINT('Ctrl Pts',(-2.18667159342997,-1.4,4.98403716237174));
#8484=CARTESIAN_POINT('Ctrl Pts',(-1.95333825926456,-1.4,4.9677040824928));
#8485=CARTESIAN_POINT('Ctrl Pts',(-1.8366715925979,-1.4,4.95985370742526));
#8486=CARTESIAN_POINT('Ctrl Pts',(-1.72,-1.4,4.95231915239068));
#8487=CARTESIAN_POINT('Origin',(3.12,0.,0.));
#8488=CARTESIAN_POINT('',(2.78,-4.163799117101E-17,3.02928524));
#8489=CARTESIAN_POINT('Origin',(3.12,0.,3.02928524));
#8490=CARTESIAN_POINT('',(2.78,0.,4.19920235496078));
#8491=CARTESIAN_POINT('',(2.78,-4.163799117101E-17,0.));
#8492=CARTESIAN_POINT('',(3.46,0.,4.26148731413434));
#8493=CARTESIAN_POINT('Ctrl Pts',(3.46,0.,4.26148731413433));
#8494=CARTESIAN_POINT('Ctrl Pts',(3.46,-0.0302697841075153,4.27647934650416));
#8495=CARTESIAN_POINT('Ctrl Pts',(3.45595796117641,-0.0606653742266261,
4.29112002143772));
#8496=CARTESIAN_POINT('Ctrl Pts',(3.44777603045381,-0.0903486240069164,
4.30499101857224));
#8497=CARTESIAN_POINT('Ctrl Pts',(3.43993625722354,-0.118790559645905,4.31828194900165));
#8498=CARTESIAN_POINT('Ctrl Pts',(3.42833082158873,-0.146446911119176,4.33080401443945));
#8499=CARTESIAN_POINT('Ctrl Pts',(3.41299074435639,-0.172500716312258,4.34221542749282));
#8500=CARTESIAN_POINT('Ctrl Pts',(3.41139991161225,-0.175202609254695,4.34339884067043));
#8501=CARTESIAN_POINT('Ctrl Pts',(3.40976891316623,-0.177887267465267,4.34457035519372));
#8502=CARTESIAN_POINT('Ctrl Pts',(3.40809778306046,-0.180553779787756,4.34572961852514));
#8503=CARTESIAN_POINT('Ctrl Pts',(3.39129814725037,-0.20735985296329,4.35738352967704));
#8504=CARTESIAN_POINT('Ctrl Pts',(3.37059778547581,-0.232073895937016,4.36768892810614));
#8505=CARTESIAN_POINT('Ctrl Pts',(3.3463365803003,-0.25371610167688,4.37628008271488));
#8506=CARTESIAN_POINT('Ctrl Pts',(3.34324513140362,-0.256473828367381,4.37737479813583));
#8507=CARTESIAN_POINT('Ctrl Pts',(3.34009587096269,-0.259181678370402,4.37844160589165));
#8508=CARTESIAN_POINT('Ctrl Pts',(3.33688950732246,-0.261837624518348,4.37947966019946));
#8509=CARTESIAN_POINT('Ctrl Pts',(3.31849448085696,-0.277074885529346,4.38543501605033));
#8510=CARTESIAN_POINT('Ctrl Pts',(3.29839343419787,-0.290453754342939,4.39038868931913));
#8511=CARTESIAN_POINT('Ctrl Pts',(3.27688131484612,-0.301642387716468,4.39418964964346));
#8512=CARTESIAN_POINT('Ctrl Pts',(3.2702833706432,-0.305074033734159,4.39535543548387));
#8513=CARTESIAN_POINT('Ctrl Pts',(3.26355270189838,-0.308299644429475,4.39641241878662));
#8514=CARTESIAN_POINT('Ctrl Pts',(3.2566978589747,-0.311309645452456,4.39735523089741));
#8515=CARTESIAN_POINT('Ctrl Pts',(3.23390007408436,-0.32132028415061,4.40049082830396));
#8516=CARTESIAN_POINT('Ctrl Pts',(3.20997467819436,-0.328837498298036,4.40233241718961));
#8517=CARTESIAN_POINT('Ctrl Pts',(3.18535183460628,-0.333660212961619,4.4027338035879));
#8518=CARTESIAN_POINT('Ctrl Pts',(3.17337786993216,-0.336005474783576,4.40292899576937));
#8519=CARTESIAN_POINT('Ctrl Pts',(3.16129059858747,-0.33770365227543,4.40278219579502));
#8520=CARTESIAN_POINT('Ctrl Pts',(3.14914242784615,-0.338748754830769,4.40228400221578));
#8521=CARTESIAN_POINT('Ctrl Pts',(3.14235199178429,-0.339332933488712,4.40200552805549));
#8522=CARTESIAN_POINT('Ctrl Pts',(3.13555191983327,-0.339712259250339,4.40161765053753));
#8523=CARTESIAN_POINT('Ctrl Pts',(3.12875113788212,-0.339887360144163,4.40111974231893));
#8524=CARTESIAN_POINT('Ctrl Pts',(3.12583162058478,-0.339962529454394,4.40090599459593));
#8525=CARTESIAN_POINT('Ctrl Pts',(3.12291361841176,-0.339999949068812,4.40067205569822));
#8526=CARTESIAN_POINT('Ctrl Pts',(3.12,-0.339999950154069,4.40041822484795));
#8527=CARTESIAN_POINT('Ctrl Pts',(3.11717694594114,-0.339999951205592,4.40017228385264));
#8528=CARTESIAN_POINT('Ctrl Pts',(3.11435792195507,-0.339964823744974,4.39990846846145));
#8529=CARTESIAN_POINT('Ctrl Pts',(3.11154553241037,-0.339894869007721,4.39962719238391));
#8530=CARTESIAN_POINT('Ctrl Pts',(3.10476562759871,-0.339726227198981,4.39894911240915));
#8531=CARTESIAN_POINT('Ctrl Pts',(3.09800407198426,-0.339355059791885,4.39816772613281));
#8532=CARTESIAN_POINT('Ctrl Pts',(3.09126973449723,-0.338783960428909,4.39728559329667));
#8533=CARTESIAN_POINT('Ctrl Pts',(3.07955793713846,-0.337790752110528,4.39575146153683));
#8534=CARTESIAN_POINT('Ctrl Pts',(3.06795118848441,-0.336194788871065,4.39391560435582));
#8535=CARTESIAN_POINT('Ctrl Pts',(3.0564938942784,-0.334016428542185,4.3917949364351));
#8536=CARTESIAN_POINT('Ctrl Pts',(3.01982042031588,-0.327043749010203,4.38500692363072));
#8537=CARTESIAN_POINT('Ctrl Pts',(2.98519180302493,-0.314210368669466,4.37540410856379));
#8538=CARTESIAN_POINT('Ctrl Pts',(2.95372432908036,-0.296567671414635,4.36368924259548));
#8539=CARTESIAN_POINT('Ctrl Pts',(2.95030585560845,-0.29465105450904,4.36241659647809));
#8540=CARTESIAN_POINT('Ctrl Pts',(2.94692468855569,-0.29267767999838,4.36111897180981));
#8541=CARTESIAN_POINT('Ctrl Pts',(2.94358225895941,-0.29064889582811,4.35979722723313));
#8542=CARTESIAN_POINT('Ctrl Pts',(2.91395077272381,-0.272663209522767,4.34807962627773));
#8543=CARTESIAN_POINT('Ctrl Pts',(2.88773402130897,-0.250557616350535,4.33462255714368));
#8544=CARTESIAN_POINT('Ctrl Pts',(2.86547998731528,-0.225431941799797,4.32003045945028));
#8545=CARTESIAN_POINT('Ctrl Pts',(2.86203885761008,-0.221546771808407,4.31777409097128));
#8546=CARTESIAN_POINT('Ctrl Pts',(2.85869247657206,-0.217589390837421,4.31549048216442));
#8547=CARTESIAN_POINT('Ctrl Pts',(2.85544286915402,-0.213563865198547,4.31318176589507));
#8548=CARTESIAN_POINT('Ctrl Pts',(2.82459050025877,-0.17534478638978,4.29126239015108));
#8549=CARTESIAN_POINT('Ctrl Pts',(2.80275475123602,-0.131376056279755,4.26730608039836));
#8550=CARTESIAN_POINT('Ctrl Pts',(2.79076912245888,-0.0848942240340206,
4.24289287638513));
#8551=CARTESIAN_POINT('Ctrl Pts',(2.78362390654498,-0.0571841444341334,
4.22833897879094));
#8552=CARTESIAN_POINT('Ctrl Pts',(2.78,-0.0286611533018927,4.21366369346155));
#8553=CARTESIAN_POINT('Ctrl Pts',(2.78,0.,4.19920235496078));
#8554=CARTESIAN_POINT('Ctrl Pts',(2.78,2.4980018054066E-16,4.19920235496078));
#8555=CARTESIAN_POINT('Ctrl Pts',(2.78,0.0302159609963636,4.18503279034936));
#8556=CARTESIAN_POINT('Ctrl Pts',(2.78402799493119,0.0605032681510648,4.17114635268227));
#8557=CARTESIAN_POINT('Ctrl Pts',(2.80074183855228,0.121367352129743,4.14385242364578));
#8558=CARTESIAN_POINT('Ctrl Pts',(2.81389832346915,0.151688169352985,4.13059970283966));
#8559=CARTESIAN_POINT('Ctrl Pts',(2.85052667261053,0.210417435503483,4.10561522399213));
#8560=CARTESIAN_POINT('Ctrl Pts',(2.87455667254929,0.238177268026617,4.09420913289123));
#8561=CARTESIAN_POINT('Ctrl Pts',(2.92718618931448,0.281787316023646,4.07712624714269));
#8562=CARTESIAN_POINT('Ctrl Pts',(2.95423243837899,0.298571738942944,4.0709301476954));
#8563=CARTESIAN_POINT('Ctrl Pts',(3.00630379813674,0.321388822301437,4.06352727165824));
#8564=CARTESIAN_POINT('Ctrl Pts',(3.03018943593847,0.328879550023389,4.06155434760699));
#8565=CARTESIAN_POINT('Ctrl Pts',(3.0667327875324,0.336022292467441,4.06072950276049));
#8566=CARTESIAN_POINT('Ctrl Pts',(3.07880207899728,0.337714397836058,4.06079637813998));
#8567=CARTESIAN_POINT('Ctrl Pts',(3.09771851857428,0.33933743544121,4.06144027764249));
#8568=CARTESIAN_POINT('Ctrl Pts',(3.10451273132491,0.339715112534722,4.0617790654202));
#8569=CARTESIAN_POINT('Ctrl Pts',(3.1170520423564,0.340035761308875,4.06260421761107));
#8570=CARTESIAN_POINT('Ctrl Pts',(3.12279117099391,0.340036654565118,4.06305998270005));
#8571=CARTESIAN_POINT('Ctrl Pts',(3.13529071203521,0.339723727435502,4.06421491655025));
#8572=CARTESIAN_POINT('Ctrl Pts',(3.14205435754025,0.339351326328473,4.06494520235449));
#8573=CARTESIAN_POINT('Ctrl Pts',(3.16051337687538,0.337782563672122,4.06722494233063));
#8574=CARTESIAN_POINT('Ctrl Pts',(3.17213085018871,0.336182530425184,4.06897775541706));
#8575=CARTESIAN_POINT('Ctrl Pts',(3.22437588581047,0.326233975865817,4.0782855127056));
#8576=CARTESIAN_POINT('Ctrl Pts',(3.2626066043059,0.311229535773095,4.08909724268527));
#8577=CARTESIAN_POINT('Ctrl Pts',(3.3308562805118,0.269686983033814,4.11585763926116));
#8578=CARTESIAN_POINT('Ctrl Pts',(3.36039545713154,0.243499094230354,4.13158376907571));
#8579=CARTESIAN_POINT('Ctrl Pts',(3.4153931774207,0.175359391009439,4.17049907097187));
#8580=CARTESIAN_POINT('Ctrl Pts',(3.437238289337,0.131403461614723,4.19435760201654));
#8581=CARTESIAN_POINT('Ctrl Pts',(3.45636860951482,0.0572129206790779,4.23288324448271));
#8582=CARTESIAN_POINT('Ctrl Pts',(3.46,0.028691180962179,4.24732809490847));
#8583=CARTESIAN_POINT('Ctrl Pts',(3.46,-3.53883589099269E-16,4.26148731413434));
#8584=CARTESIAN_POINT('Ctrl Pts',(1.72,0.,4.12981959007515));
#8585=CARTESIAN_POINT('Ctrl Pts',(1.83667775476152,0.,4.13731489965772));
#8586=CARTESIAN_POINT('Ctrl Pts',(1.95334442142818,0.,4.14481555987202));
#8587=CARTESIAN_POINT('Ctrl Pts',(2.18667775897841,0.,4.15982900872573));
#8588=CARTESIAN_POINT('Ctrl Pts',(2.3033659001308,0.,4.16717912081915));
#8589=CARTESIAN_POINT('Ctrl Pts',(2.53669926986808,0.,4.18254505636781));
#8590=CARTESIAN_POINT('Ctrl Pts',(2.65335374135689,0.,4.18935107163385));
#8591=CARTESIAN_POINT('Ctrl Pts',(2.88668708897979,0.,4.20749198449702));
#8592=CARTESIAN_POINT('Ctrl Pts',(3.00336158467634,0.,4.21860714841023));
#8593=CARTESIAN_POINT('Ctrl Pts',(3.23669494540095,0.,4.23996849616687));
#8594=CARTESIAN_POINT('Ctrl Pts',(3.35349960044982,0.,4.25061135712035));
#8595=CARTESIAN_POINT('Ctrl Pts',(3.58683388703936,0.,4.27443292428859));
#8596=CARTESIAN_POINT('Ctrl Pts',(3.70340197987734,0.,4.28772478652154));
#8597=CARTESIAN_POINT('Ctrl Pts',(3.93673547515811,0.,4.31381868131393));
#8598=CARTESIAN_POINT('Ctrl Pts',(4.05334453183048,0.,4.32744851533478));
#8599=CARTESIAN_POINT('Ctrl Pts',(4.28667786946511,0.,4.35413170248277));
#8600=CARTESIAN_POINT('Ctrl Pts',(4.40334453613178,0.,4.36747329581083));
#8601=CARTESIAN_POINT('Ctrl Pts',(4.52,0.,4.38081360802591));
#8602=CARTESIAN_POINT('Ctrl Pts',(1.72,-0.116666666666667,4.19090555947796));
#8603=CARTESIAN_POINT('Ctrl Pts',(1.83667775476152,-0.116666666666667,4.19801084453486));
#8604=CARTESIAN_POINT('Ctrl Pts',(1.95334442142818,-0.116666666666667,4.20509695650525));
#8605=CARTESIAN_POINT('Ctrl Pts',(2.18667775897841,-0.116666666666667,4.21923217795137));
#8606=CARTESIAN_POINT('Ctrl Pts',(2.3033659001308,-0.116666666666667,4.22579391187638));
#8607=CARTESIAN_POINT('Ctrl Pts',(2.53669926986808,-0.116666666666667,4.24083269233687));
#8608=CARTESIAN_POINT('Ctrl Pts',(2.65335374135689,-0.116666666666667,4.2481677710937));
#8609=CARTESIAN_POINT('Ctrl Pts',(2.88668708897979,-0.116666666666667,4.26639903279425));
#8610=CARTESIAN_POINT('Ctrl Pts',(3.00336158467634,-0.116666666666667,4.27750654996734));
#8611=CARTESIAN_POINT('Ctrl Pts',(3.23669494540095,-0.116666666666667,4.29851323485328));
#8612=CARTESIAN_POINT('Ctrl Pts',(3.35349960044982,-0.116666666666667,4.30820411348538));
#8613=CARTESIAN_POINT('Ctrl Pts',(3.58683388703936,-0.116666666666667,4.3324357483755));
#8614=CARTESIAN_POINT('Ctrl Pts',(3.70340197987734,-0.116666666666667,4.34690433487966));
#8615=CARTESIAN_POINT('Ctrl Pts',(3.93673547515811,-0.116666666666667,4.37456233204397));
#8616=CARTESIAN_POINT('Ctrl Pts',(4.05334453183048,-0.116666666666667,4.38909579694551));
#8617=CARTESIAN_POINT('Ctrl Pts',(4.28667786946511,-0.116666666666666,4.41746504597169));
#8618=CARTESIAN_POINT('Ctrl Pts',(4.40334453613178,-0.116666666666667,4.43164967022329));
#8619=CARTESIAN_POINT('Ctrl Pts',(4.52,-0.116666666666667,4.44583293241073));
#8620=CARTESIAN_POINT('Ctrl Pts',(1.72,-0.233333333333333,4.25199152888077));
#8621=CARTESIAN_POINT('Ctrl Pts',(1.83667775476152,-0.233333333333333,4.258706789412));
#8622=CARTESIAN_POINT('Ctrl Pts',(1.95334442142818,-0.233333333333333,4.26537835313849));
#8623=CARTESIAN_POINT('Ctrl Pts',(2.18667775897841,-0.233333333333333,4.27863534717702));
#8624=CARTESIAN_POINT('Ctrl Pts',(2.3033659001308,-0.233333333333333,4.2844087029336));
#8625=CARTESIAN_POINT('Ctrl Pts',(2.53669926986808,-0.233333333333333,4.29912032830593));
#8626=CARTESIAN_POINT('Ctrl Pts',(2.65335374135689,-0.233333333333333,4.30698447055355));
#8627=CARTESIAN_POINT('Ctrl Pts',(2.88668708897979,-0.233333333333333,4.32530608109148));
#8628=CARTESIAN_POINT('Ctrl Pts',(3.00336158467634,-0.233333333333333,4.33640595152445));
#8629=CARTESIAN_POINT('Ctrl Pts',(3.23669494540095,-0.233333333333333,4.3570579735397));
#8630=CARTESIAN_POINT('Ctrl Pts',(3.35349960044982,-0.233333333333333,4.3657968698504));
#8631=CARTESIAN_POINT('Ctrl Pts',(3.58683388703936,-0.233333333333333,4.3904385724624));
#8632=CARTESIAN_POINT('Ctrl Pts',(3.70340197987734,-0.233333333333333,4.40608388323778));
#8633=CARTESIAN_POINT('Ctrl Pts',(3.93673547515811,-0.233333333333333,4.43530598277402));
#8634=CARTESIAN_POINT('Ctrl Pts',(4.05334453183048,-0.233333333333333,4.45074307855624));
#8635=CARTESIAN_POINT('Ctrl Pts',(4.28667786946511,-0.233333333333334,4.4807983894606));
#8636=CARTESIAN_POINT('Ctrl Pts',(4.40334453613178,-0.233333333333333,4.49582604463576));
#8637=CARTESIAN_POINT('Ctrl Pts',(4.52,-0.233333333333333,4.51085225679556));
#8638=CARTESIAN_POINT('Ctrl Pts',(1.72,-0.35,4.31307749828358));
#8639=CARTESIAN_POINT('Ctrl Pts',(1.83667775476152,-0.35,4.31940273428914));
#8640=CARTESIAN_POINT('Ctrl Pts',(1.95334442142818,-0.35,4.32565974977173));
#8641=CARTESIAN_POINT('Ctrl Pts',(2.18667775897841,-0.35,4.33803851640266));
#8642=CARTESIAN_POINT('Ctrl Pts',(2.3033659001308,-0.35,4.34302349399082));
#8643=CARTESIAN_POINT('Ctrl Pts',(2.53669926986808,-0.35,4.35740796427499));
#8644=CARTESIAN_POINT('Ctrl Pts',(2.65335374135689,-0.35,4.3658011700134));
#8645=CARTESIAN_POINT('Ctrl Pts',(2.88668708897979,-0.35,4.38421312938871));
#8646=CARTESIAN_POINT('Ctrl Pts',(3.00336158467634,-0.35,4.39530535308156));
#8647=CARTESIAN_POINT('Ctrl Pts',(3.23669494540095,-0.35,4.41560271222611));
#8648=CARTESIAN_POINT('Ctrl Pts',(3.35349960044982,-0.35,4.42338962621543));
#8649=CARTESIAN_POINT('Ctrl Pts',(3.58683388703936,-0.35,4.44844139654931));
#8650=CARTESIAN_POINT('Ctrl Pts',(3.70340197987734,-0.35,4.4652634315959));
#8651=CARTESIAN_POINT('Ctrl Pts',(3.93673547515811,-0.35,4.49604963350407));
#8652=CARTESIAN_POINT('Ctrl Pts',(4.05334453183048,-0.35,4.51239036016697));
#8653=CARTESIAN_POINT('Ctrl Pts',(4.28667786946511,-0.35,4.54413173294951));
#8654=CARTESIAN_POINT('Ctrl Pts',(4.40334453613178,-0.35,4.56000241904822));
#8655=CARTESIAN_POINT('Ctrl Pts',(4.52,-0.35,4.57587158118038));
#8656=CARTESIAN_POINT('',(1.72,0.,4.12981959007515));
#8657=CARTESIAN_POINT('Ctrl Pts',(1.72,0.,4.12981959007515));
#8658=CARTESIAN_POINT('Ctrl Pts',(1.83667775476152,0.,4.13731489965772));
#8659=CARTESIAN_POINT('Ctrl Pts',(1.95334442142818,0.,4.14481555987202));
#8660=CARTESIAN_POINT('Ctrl Pts',(2.18667775897841,0.,4.15982900872573));
#8661=CARTESIAN_POINT('Ctrl Pts',(2.3033659001308,0.,4.16717912081915));
#8662=CARTESIAN_POINT('Ctrl Pts',(2.53669926986808,0.,4.18254505636781));
#8663=CARTESIAN_POINT('Ctrl Pts',(2.65335374135689,0.,4.18935107163385));
#8664=CARTESIAN_POINT('Ctrl Pts',(2.77333334379254,0.,4.19867909754749));
#8665=CARTESIAN_POINT('Ctrl Pts',(2.77666667730838,0.,4.19893992152282));
#8666=CARTESIAN_POINT('Ctrl Pts',(2.78,0.,4.19920235496078));
#8667=CARTESIAN_POINT('',(1.72,-0.35,4.31307749828358));
#8668=CARTESIAN_POINT('',(1.72,0.,4.12981959007515));
#8669=CARTESIAN_POINT('',(4.52,-0.35,4.57587158118038));
#8670=CARTESIAN_POINT('Ctrl Pts',(1.72,-0.35,4.31307749828358));
#8671=CARTESIAN_POINT('Ctrl Pts',(1.83667775476152,-0.35,4.31940273428914));
#8672=CARTESIAN_POINT('Ctrl Pts',(1.95334442142818,-0.35,4.32565974977173));
#8673=CARTESIAN_POINT('Ctrl Pts',(2.18667775897841,-0.35,4.33803851640266));
#8674=CARTESIAN_POINT('Ctrl Pts',(2.3033659001308,-0.35,4.34302349399083));
#8675=CARTESIAN_POINT('Ctrl Pts',(2.53669926986808,-0.35,4.35740796427499));
#8676=CARTESIAN_POINT('Ctrl Pts',(2.65335374135689,-0.35,4.3658011700134));
#8677=CARTESIAN_POINT('Ctrl Pts',(2.88668708897979,-0.35,4.38421312938871));
#8678=CARTESIAN_POINT('Ctrl Pts',(3.00336158467634,-0.35,4.39530535308156));
#8679=CARTESIAN_POINT('Ctrl Pts',(3.23669494540095,-0.35,4.41560271222611));
#8680=CARTESIAN_POINT('Ctrl Pts',(3.35349960044982,-0.35,4.42338962621543));
#8681=CARTESIAN_POINT('Ctrl Pts',(3.58683388703936,-0.35,4.44844139654931));
#8682=CARTESIAN_POINT('Ctrl Pts',(3.70340197987734,-0.35,4.4652634315959));
#8683=CARTESIAN_POINT('Ctrl Pts',(3.93673547515811,-0.35,4.49604963350407));
#8684=CARTESIAN_POINT('Ctrl Pts',(4.05334453183048,-0.35,4.51239036016697));
#8685=CARTESIAN_POINT('Ctrl Pts',(4.28667786946511,-0.35,4.54413173294951));
#8686=CARTESIAN_POINT('Ctrl Pts',(4.40334453613178,-0.35,4.56000241904822));
#8687=CARTESIAN_POINT('Ctrl Pts',(4.52,-0.35,4.57587158118038));
#8688=CARTESIAN_POINT('',(4.52,0.,4.38081360802591));
#8689=CARTESIAN_POINT('',(4.52,0.,4.38081360802591));
#8690=CARTESIAN_POINT('Ctrl Pts',(3.46,0.,4.26148731413434));
#8691=CARTESIAN_POINT('Ctrl Pts',(3.46333357591494,0.,4.26182557817484));
#8692=CARTESIAN_POINT('Ctrl Pts',(3.46666691247974,0.,4.26216483588326));
#8693=CARTESIAN_POINT('Ctrl Pts',(3.58683388703936,0.,4.27443292428859));
#8694=CARTESIAN_POINT('Ctrl Pts',(3.70340197987734,0.,4.28772478652154));
#8695=CARTESIAN_POINT('Ctrl Pts',(3.93673547515811,0.,4.31381868131393));
#8696=CARTESIAN_POINT('Ctrl Pts',(4.05334453183048,0.,4.32744851533478));
#8697=CARTESIAN_POINT('Ctrl Pts',(4.28667786946511,0.,4.35413170248277));
#8698=CARTESIAN_POINT('Ctrl Pts',(4.40334453613178,0.,4.36747329581083));
#8699=CARTESIAN_POINT('Ctrl Pts',(4.52,0.,4.38081360802591));
#8700=CARTESIAN_POINT('Origin',(3.12,0.,0.));
#8701=CARTESIAN_POINT('',(2.32,-9.79717439317882E-17,0.));
#8702=CARTESIAN_POINT('Origin',(3.12,0.,0.));
#8703=CARTESIAN_POINT('',(2.32,-9.79717439317882E-17,3.02928524));
#8704=CARTESIAN_POINT('',(2.32,-9.79717439317882E-17,0.));
#8705=CARTESIAN_POINT('Origin',(3.12,0.,3.02928524));
#8706=CARTESIAN_POINT('Origin',(3.12,0.,3.02928524));
#8707=CARTESIAN_POINT('Origin',(1.72,1.4,1.8));
#8708=CARTESIAN_POINT('',(1.72,1.4,2.));
#8709=CARTESIAN_POINT('',(4.52,1.4,2.));
#8710=CARTESIAN_POINT('',(0.86,1.4,2.));
#8711=CARTESIAN_POINT('',(1.72,1.4,3.51608547972607));
#8712=CARTESIAN_POINT('',(1.72,1.4,1.8));
#8713=CARTESIAN_POINT('',(4.52,1.4,3.75060072780569));
#8714=CARTESIAN_POINT('Ctrl Pts',(1.72,1.4,3.51608547972607));
#8715=CARTESIAN_POINT('Ctrl Pts',(1.83667775476152,1.4,3.51728007534601));
#8716=CARTESIAN_POINT('Ctrl Pts',(1.95334442142818,1.4,3.5211143193834));
#8717=CARTESIAN_POINT('Ctrl Pts',(2.18667775897841,1.4,3.53406333521204));
#8718=CARTESIAN_POINT('Ctrl Pts',(2.3033659001308,1.4,3.5460288042376));
#8719=CARTESIAN_POINT('Ctrl Pts',(2.53669926986808,1.4,3.56384725015128));
#8720=CARTESIAN_POINT('Ctrl Pts',(2.65335374135689,1.4,3.57243095330927));
#8721=CARTESIAN_POINT('Ctrl Pts',(2.88668708897979,1.4,3.58965775829183));
#8722=CARTESIAN_POINT('Ctrl Pts',(3.00336158467634,1.4,3.59809352279111));
#8723=CARTESIAN_POINT('Ctrl Pts',(3.23669494540095,1.4,3.61514213482006));
#8724=CARTESIAN_POINT('Ctrl Pts',(3.35349960044982,1.4,3.62277759380289));
#8725=CARTESIAN_POINT('Ctrl Pts',(3.58683388703936,1.4,3.64162670313629));
#8726=CARTESIAN_POINT('Ctrl Pts',(3.70340197987734,1.4,3.65068923753368));
#8727=CARTESIAN_POINT('Ctrl Pts',(3.93673547515811,1.4,3.67568217378605));
#8728=CARTESIAN_POINT('Ctrl Pts',(4.05334453183048,1.4,3.69261375167491));
#8729=CARTESIAN_POINT('Ctrl Pts',(4.28667786946511,1.4,3.72175458432235));
#8730=CARTESIAN_POINT('Ctrl Pts',(4.40334453613178,1.4,3.73622723720499));
#8731=CARTESIAN_POINT('Ctrl Pts',(4.52,1.4,3.75060072780569));
#8732=CARTESIAN_POINT('',(4.52,1.4,1.8));
#8733=CARTESIAN_POINT('Origin',(1.72,-0.193393842107965,3.08941272226189));
#8734=CARTESIAN_POINT('',(1.72,-1.4,2.));
#8735=CARTESIAN_POINT('',(1.72,-0.0966969210539826,2.));
#8736=CARTESIAN_POINT('',(1.72,-1.4,4.95227934082542));
#8737=CARTESIAN_POINT('',(1.72,-1.4,4.95227934082542));
#8738=CARTESIAN_POINT('',(1.72,-1.05,4.73779341922603));
#8739=CARTESIAN_POINT('',(1.72,-1.05,4.73779341922603));
#8740=CARTESIAN_POINT('',(1.72,-0.700595499786642,4.52579677052667));
#8741=CARTESIAN_POINT('',(1.72,-0.35,4.31307749828358));
#8742=CARTESIAN_POINT('',(1.72,-0.35,4.31307749828358));
#8743=CARTESIAN_POINT('',(1.72,0.35,3.96513857667734));
#8744=CARTESIAN_POINT('',(1.72,0.35,3.96513857667734));
#8745=CARTESIAN_POINT('',(1.72,0.7,3.8015547409252));
#8746=CARTESIAN_POINT('',(1.72,0.7,3.8015547409252));
#8747=CARTESIAN_POINT('',(1.72,1.05,3.64347926227302));
#8748=CARTESIAN_POINT('',(1.72,1.05,3.64347926227302));
#8749=CARTESIAN_POINT('',(1.72,1.4,3.51608547972607));
#8750=CARTESIAN_POINT('Origin',(4.52,-0.202505626436319,3.24751256829233));
#8751=CARTESIAN_POINT('',(4.52,-1.4,2.));
#8752=CARTESIAN_POINT('',(4.52,-0.10125281321816,2.));
#8753=CARTESIAN_POINT('',(4.52,1.05,3.88711173724752));
#8754=CARTESIAN_POINT('',(4.52,1.4,3.75060072780569));
#8755=CARTESIAN_POINT('',(4.52,0.7,4.03630498729928));
#8756=CARTESIAN_POINT('',(4.52,1.05,3.88711173724752));
#8757=CARTESIAN_POINT('',(4.52,0.35,4.20739626323804));
#8758=CARTESIAN_POINT('',(4.52,0.7,4.03630498729928));
#8759=CARTESIAN_POINT('',(4.52,0.35,4.20739626323804));
#8760=CARTESIAN_POINT('',(4.52,-0.7,4.79317579341582));
#8761=CARTESIAN_POINT('',(4.52,-0.35,4.57587158118038));
#8762=CARTESIAN_POINT('',(4.52,-1.05,5.03642986410057));
#8763=CARTESIAN_POINT('',(4.52,-0.7,4.79317579341582));
#8764=CARTESIAN_POINT('',(4.52,-1.4,5.31223290246416));
#8765=CARTESIAN_POINT('',(4.52,-1.05,5.03642986410057));
#8766=CARTESIAN_POINT('',(4.52,-1.4,5.31223290246416));
#8767=CARTESIAN_POINT('Origin',(1.72,-1.4,4.95227934082542));
#8768=CARTESIAN_POINT('',(0.86,-1.4,2.));
#8769=CARTESIAN_POINT('Ctrl Pts',(1.72,-1.4,4.95227934082542));
#8770=CARTESIAN_POINT('Ctrl Pts',(1.83667775476152,-1.4,4.95979938481368));
#8771=CARTESIAN_POINT('Ctrl Pts',(1.95334442142818,-1.4,4.96767323952443));
#8772=CARTESIAN_POINT('Ctrl Pts',(2.18667775897841,-1.4,4.984130134765));
#8773=CARTESIAN_POINT('Ctrl Pts',(2.3033659001308,-1.4,4.99130699973169));
#8774=CARTESIAN_POINT('Ctrl Pts',(2.53669926986808,-1.4,5.01199964015794));
#8775=CARTESIAN_POINT('Ctrl Pts',(2.65335374135689,-1.4,5.02512186371824));
#8776=CARTESIAN_POINT('Ctrl Pts',(2.88668708897979,-1.4,5.0508520971506));
#8777=CARTESIAN_POINT('Ctrl Pts',(3.00336158467634,-1.4,5.06471415338667));
#8778=CARTESIAN_POINT('Ctrl Pts',(3.23669494540095,-1.4,5.09297811209126));
#8779=CARTESIAN_POINT('Ctrl Pts',(3.35349960044982,-1.4,5.10565572525864));
#8780=CARTESIAN_POINT('Ctrl Pts',(3.58683388703936,-1.4,5.13994946124367));
#8781=CARTESIAN_POINT('Ctrl Pts',(3.70340197987734,-1.4,5.16107632794462));
#8782=CARTESIAN_POINT('Ctrl Pts',(3.93673547515811,-1.4,5.20248111326697));
#8783=CARTESIAN_POINT('Ctrl Pts',(4.05334453183048,-1.4,5.22525740465631));
#8784=CARTESIAN_POINT('Ctrl Pts',(4.28667786946511,-1.4,5.26874619795288));
#8785=CARTESIAN_POINT('Ctrl Pts',(4.40334453613178,-1.4,5.29049059420033));
#8786=CARTESIAN_POINT('Ctrl Pts',(4.52,-1.4,5.31223290246416));
#8787=CARTESIAN_POINT('Ctrl Pts',(1.72,1.4,3.51608547972607));
#8788=CARTESIAN_POINT('Ctrl Pts',(1.83667775476152,1.4,3.51728007534601));
#8789=CARTESIAN_POINT('Ctrl Pts',(1.95334442142818,1.4,3.5211143193834));
#8790=CARTESIAN_POINT('Ctrl Pts',(2.18667775897841,1.4,3.53406333521204));
#8791=CARTESIAN_POINT('Ctrl Pts',(2.3033659001308,1.4,3.5460288042376));
#8792=CARTESIAN_POINT('Ctrl Pts',(2.53669926986808,1.4,3.56384725015128));
#8793=CARTESIAN_POINT('Ctrl Pts',(2.65335374135689,1.4,3.57243095330927));
#8794=CARTESIAN_POINT('Ctrl Pts',(2.88668708897979,1.4,3.58965775829183));
#8795=CARTESIAN_POINT('Ctrl Pts',(3.00336158467634,1.4,3.59809352279111));
#8796=CARTESIAN_POINT('Ctrl Pts',(3.23669494540095,1.4,3.61514213482006));
#8797=CARTESIAN_POINT('Ctrl Pts',(3.35349960044982,1.4,3.62277759380289));
#8798=CARTESIAN_POINT('Ctrl Pts',(3.58683388703936,1.4,3.64162670313629));
#8799=CARTESIAN_POINT('Ctrl Pts',(3.70340197987734,1.4,3.65068923753368));
#8800=CARTESIAN_POINT('Ctrl Pts',(3.93673547515811,1.4,3.67568217378605));
#8801=CARTESIAN_POINT('Ctrl Pts',(4.05334453183048,1.4,3.69261375167491));
#8802=CARTESIAN_POINT('Ctrl Pts',(4.28667786946511,1.4,3.72175458432235));
#8803=CARTESIAN_POINT('Ctrl Pts',(4.40334453613178,1.4,3.73622723720499));
#8804=CARTESIAN_POINT('Ctrl Pts',(4.52,1.4,3.75060072780569));
#8805=CARTESIAN_POINT('Ctrl Pts',(1.72,1.28333333333333,3.55855007390838));
#8806=CARTESIAN_POINT('Ctrl Pts',(1.83667775476152,1.28333333333333,3.56148101630387));
#8807=CARTESIAN_POINT('Ctrl Pts',(1.95334442142818,1.28333333333333,3.56640715923383));
#8808=CARTESIAN_POINT('Ctrl Pts',(2.18667775897841,1.28333333333333,3.58025116215813));
#8809=CARTESIAN_POINT('Ctrl Pts',(2.3033659001308,1.28333333333333,3.59130589414317));
#8810=CARTESIAN_POINT('Ctrl Pts',(2.53669926986808,1.28333333333333,3.60886772898144));
#8811=CARTESIAN_POINT('Ctrl Pts',(2.65335374135689,1.28333333333333,3.61743133574256));
#8812=CARTESIAN_POINT('Ctrl Pts',(2.88668708897979,1.28333333333333,3.63459874275482));
#8813=CARTESIAN_POINT('Ctrl Pts',(3.00336158467634,1.28333333333333,3.64306421143619));
#8814=CARTESIAN_POINT('Ctrl Pts',(3.23669494540095,1.28333333333333,3.66011282346514));
#8815=CARTESIAN_POINT('Ctrl Pts',(3.35349960044982,1.28333333333333,3.66761023967676));
#8816=CARTESIAN_POINT('Ctrl Pts',(3.58683388703936,1.28333333333333,3.68673582970605));
#8817=CARTESIAN_POINT('Ctrl Pts',(3.70340197987734,1.28333333333333,3.69639233054454));
#8818=CARTESIAN_POINT('Ctrl Pts',(3.93673547515811,1.28333333333333,3.72158420806406));
#8819=CARTESIAN_POINT('Ctrl Pts',(4.05334453183048,1.28333333333333,3.73822981197457));
#8820=CARTESIAN_POINT('Ctrl Pts',(4.28667786946511,1.28333333333333,3.76727102176046));
#8821=CARTESIAN_POINT('Ctrl Pts',(4.40334453613178,1.28333333333333,3.78172281336406));
#8822=CARTESIAN_POINT('Ctrl Pts',(4.52,1.28333333333333,3.79610439761963));
#8823=CARTESIAN_POINT('Ctrl Pts',(1.72,1.16666666666667,3.6010146680907));
#8824=CARTESIAN_POINT('Ctrl Pts',(1.83667775476152,1.16666666666667,3.60568195726173));
#8825=CARTESIAN_POINT('Ctrl Pts',(1.95334442142818,1.16666666666667,3.61169999908425));
#8826=CARTESIAN_POINT('Ctrl Pts',(2.18667775897841,1.16666666666667,3.62643898910423));
#8827=CARTESIAN_POINT('Ctrl Pts',(2.3033659001308,1.16666666666667,3.63658298404873));
#8828=CARTESIAN_POINT('Ctrl Pts',(2.53669926986808,1.16666666666667,3.6538882078116));
#8829=CARTESIAN_POINT('Ctrl Pts',(2.65335374135689,1.16666666666667,3.66243171817585));
#8830=CARTESIAN_POINT('Ctrl Pts',(2.88668708897979,1.16666666666667,3.67953972721781));
#8831=CARTESIAN_POINT('Ctrl Pts',(3.00336158467634,1.16666666666667,3.68803490008127));
#8832=CARTESIAN_POINT('Ctrl Pts',(3.23669494540095,1.16666666666667,3.70508351211022));
#8833=CARTESIAN_POINT('Ctrl Pts',(3.35349960044982,1.16666666666667,3.71244288555062));
#8834=CARTESIAN_POINT('Ctrl Pts',(3.58683388703936,1.16666666666667,3.73184495627581));
#8835=CARTESIAN_POINT('Ctrl Pts',(3.70340197987734,1.16666666666667,3.74209542355539));
#8836=CARTESIAN_POINT('Ctrl Pts',(3.93673547515811,1.16666666666667,3.76748624234206));
#8837=CARTESIAN_POINT('Ctrl Pts',(4.05334453183048,1.16666666666667,3.78384587227424));
#8838=CARTESIAN_POINT('Ctrl Pts',(4.28667786946511,1.16666666666667,3.81278745919857));
#8839=CARTESIAN_POINT('Ctrl Pts',(4.40334453613178,1.16666666666667,3.82721838952313));
#8840=CARTESIAN_POINT('Ctrl Pts',(4.52,1.16666666666667,3.84160806743357));
#8841=CARTESIAN_POINT('Ctrl Pts',(1.72,1.05,3.64347926227302));
#8842=CARTESIAN_POINT('Ctrl Pts',(1.83667775476152,1.05,3.64988289821958));
#8843=CARTESIAN_POINT('Ctrl Pts',(1.95334442142818,1.05,3.65699283893468));
#8844=CARTESIAN_POINT('Ctrl Pts',(2.18667775897841,1.05,3.67262681605033));
#8845=CARTESIAN_POINT('Ctrl Pts',(2.3033659001308,1.05,3.6818600739543));
#8846=CARTESIAN_POINT('Ctrl Pts',(2.53669926986808,1.05,3.69890868664176));
#8847=CARTESIAN_POINT('Ctrl Pts',(2.65335374135689,1.05,3.70743210060913));
#8848=CARTESIAN_POINT('Ctrl Pts',(2.88668708897979,1.05,3.72448071168079));
#8849=CARTESIAN_POINT('Ctrl Pts',(3.00336158467634,1.05,3.73300558872635));
#8850=CARTESIAN_POINT('Ctrl Pts',(3.23669494540095,1.05,3.75005420075529));
#8851=CARTESIAN_POINT('Ctrl Pts',(3.35349960044982,1.05,3.75727553142449));
#8852=CARTESIAN_POINT('Ctrl Pts',(3.58683388703936,1.05,3.77695408284557));
#8853=CARTESIAN_POINT('Ctrl Pts',(3.70340197987734,1.05,3.78779851656624));
#8854=CARTESIAN_POINT('Ctrl Pts',(3.93673547515811,1.05,3.81338827662006));
#8855=CARTESIAN_POINT('Ctrl Pts',(4.05334453183048,1.05,3.82946193257391));
#8856=CARTESIAN_POINT('Ctrl Pts',(4.28667786946511,1.05,3.85830389663668));
#8857=CARTESIAN_POINT('Ctrl Pts',(4.40334453613178,1.05,3.8727139656822));
#8858=CARTESIAN_POINT('Ctrl Pts',(4.52,1.05,3.88711173724752));
#8859=CARTESIAN_POINT('Ctrl Pts',(1.72,1.05,3.64347926227302));
#8860=CARTESIAN_POINT('Ctrl Pts',(1.83667775476152,1.05,3.64988289821958));
#8861=CARTESIAN_POINT('Ctrl Pts',(1.95334442142818,1.05,3.65699283893468));
#8862=CARTESIAN_POINT('Ctrl Pts',(2.18667775897841,1.05,3.67262681605033));
#8863=CARTESIAN_POINT('Ctrl Pts',(2.3033659001308,1.05,3.6818600739543));
#8864=CARTESIAN_POINT('Ctrl Pts',(2.53669926986808,1.05,3.69890868664176));
#8865=CARTESIAN_POINT('Ctrl Pts',(2.65335374135689,1.05,3.70743210060913));
#8866=CARTESIAN_POINT('Ctrl Pts',(2.88668708897979,1.05,3.72448071168079));
#8867=CARTESIAN_POINT('Ctrl Pts',(3.00336158467634,1.05,3.73300558872635));
#8868=CARTESIAN_POINT('Ctrl Pts',(3.23669494540095,1.05,3.75005420075529));
#8869=CARTESIAN_POINT('Ctrl Pts',(3.35349960044982,1.05,3.75727553142449));
#8870=CARTESIAN_POINT('Ctrl Pts',(3.58683388703936,1.05,3.77695408284557));
#8871=CARTESIAN_POINT('Ctrl Pts',(3.70340197987734,1.05,3.78779851656624));
#8872=CARTESIAN_POINT('Ctrl Pts',(3.93673547515811,1.05,3.81338827662006));
#8873=CARTESIAN_POINT('Ctrl Pts',(4.05334453183048,1.05,3.82946193257391));
#8874=CARTESIAN_POINT('Ctrl Pts',(4.28667786946511,1.05,3.85830389663668));
#8875=CARTESIAN_POINT('Ctrl Pts',(4.40334453613178,1.05,3.8727139656822));
#8876=CARTESIAN_POINT('Ctrl Pts',(4.52,1.05,3.88711173724752));
#8877=CARTESIAN_POINT('Ctrl Pts',(1.72,1.05,3.64347926227302));
#8878=CARTESIAN_POINT('Ctrl Pts',(1.83667775476152,1.05,3.64988289821958));
#8879=CARTESIAN_POINT('Ctrl Pts',(1.95334437807556,1.05,3.6569928357671));
#8880=CARTESIAN_POINT('Ctrl Pts',(2.1866770402632,1.05,3.67262676353706));
#8881=CARTESIAN_POINT('Ctrl Pts',(2.30336716632136,1.05,3.68186016646911));
#8882=CARTESIAN_POINT('Ctrl Pts',(2.65343152807913,1.05,3.70743778413267));
#8883=CARTESIAN_POINT('Ctrl Pts',(2.88675734876896,1.05,3.72448584524542));
#8884=CARTESIAN_POINT('Ctrl Pts',(3.23669639773547,1.05,3.7500543068708));
#8885=CARTESIAN_POINT('Ctrl Pts',(3.35349911835902,1.05,3.75727549620029));
#8886=CARTESIAN_POINT('Ctrl Pts',(3.58683390817759,1.05,3.77695408439004));
#8887=CARTESIAN_POINT('Ctrl Pts',(3.70340185557754,1.05,3.78779850748421));
#8888=CARTESIAN_POINT('Ctrl Pts',(3.93673541883422,1.05,3.81338827250473));
#8889=CARTESIAN_POINT('Ctrl Pts',(4.05334448235706,1.05,3.82946192895911));
#8890=CARTESIAN_POINT('Ctrl Pts',(4.28667784419629,1.05,3.8583038947904));
#8891=CARTESIAN_POINT('Ctrl Pts',(4.40334453613178,1.05,3.8727139656822));
#8892=CARTESIAN_POINT('Ctrl Pts',(4.52,1.05,3.88711173724752));
#8893=CARTESIAN_POINT('Ctrl Pts',(1.72,0.933333333333333,3.69617108849041));
#8894=CARTESIAN_POINT('Ctrl Pts',(1.83667775476152,0.933333333333333,3.70274990132724));
#8895=CARTESIAN_POINT('Ctrl Pts',(1.95334437807556,0.933333333333333,3.70990208543513));
#8896=CARTESIAN_POINT('Ctrl Pts',(2.1866770402632,0.933333333333334,3.72535466869824));
#8897=CARTESIAN_POINT('Ctrl Pts',(2.30336716632136,0.933333333333334,3.73423136332652));
#8898=CARTESIAN_POINT('Ctrl Pts',(2.65343152807913,0.933333333333334,3.75913790968324));
#8899=CARTESIAN_POINT('Ctrl Pts',(2.88675734876896,0.933333333333333,3.77573866856417));
#8900=CARTESIAN_POINT('Ctrl Pts',(3.23669639773547,0.933333333333334,3.80063625384077));
#8901=CARTESIAN_POINT('Ctrl Pts',(3.35349911835902,0.933333333333333,3.80735958356311));
#8902=CARTESIAN_POINT('Ctrl Pts',(3.58683390817759,0.933333333333333,3.82713953545257));
#8903=CARTESIAN_POINT('Ctrl Pts',(3.70340185557754,0.933333333333333,3.83890973961916));
#8904=CARTESIAN_POINT('Ctrl Pts',(3.93673541883422,0.933333333333333,3.8645060442623));
#8905=CARTESIAN_POINT('Ctrl Pts',(4.05334448235706,0.933333333333333,3.87984452744715));
#8906=CARTESIAN_POINT('Ctrl Pts',(4.28667784419629,0.933333333333333,3.90822531904114));
#8907=CARTESIAN_POINT('Ctrl Pts',(4.40334453613178,0.933333333333333,3.9224950737625));
#8908=CARTESIAN_POINT('Ctrl Pts',(4.52,0.933333333333333,3.93684282059811));
#8909=CARTESIAN_POINT('Ctrl Pts',(1.72,0.816666666666667,3.7488629147078));
#8910=CARTESIAN_POINT('Ctrl Pts',(1.83667775476152,0.816666666666667,3.75561689660316));
#8911=CARTESIAN_POINT('Ctrl Pts',(1.95334437807556,0.816666666666667,3.76281134675262));
#8912=CARTESIAN_POINT('Ctrl Pts',(2.1866770402632,0.816666666666667,3.77808256116957));
#8913=CARTESIAN_POINT('Ctrl Pts',(2.30336716632136,0.816666666666667,3.78660258580276));
#8914=CARTESIAN_POINT('Ctrl Pts',(2.65343152807913,0.816666666666667,3.81083798768621));
#8915=CARTESIAN_POINT('Ctrl Pts',(2.88675734876896,0.816666666666667,3.82699144961729));
#8916=CARTESIAN_POINT('Ctrl Pts',(3.23669639773547,0.816666666666667,3.85121822120232));
#8917=CARTESIAN_POINT('Ctrl Pts',(3.35349911835902,0.816666666666667,3.85744365953488));
#8918=CARTESIAN_POINT('Ctrl Pts',(3.58683390817759,0.816666666666667,3.8773249952699));
#8919=CARTESIAN_POINT('Ctrl Pts',(3.70340185557754,0.816666666666666,3.8900209681479));
#8920=CARTESIAN_POINT('Ctrl Pts',(3.93673541883422,0.816666666666666,3.91562381906444));
#8921=CARTESIAN_POINT('Ctrl Pts',(4.05334448235706,0.816666666666666,3.9302271248439));
#8922=CARTESIAN_POINT('Ctrl Pts',(4.28667784419629,0.816666666666666,3.95814674436864));
#8923=CARTESIAN_POINT('Ctrl Pts',(4.40334453613178,0.816666666666667,3.9722761812032));
#8924=CARTESIAN_POINT('Ctrl Pts',(4.52,0.816666666666667,3.98657390394869));
#8925=CARTESIAN_POINT('Ctrl Pts',(1.72,0.7,3.8015547409252));
#8926=CARTESIAN_POINT('Ctrl Pts',(1.83667775476152,0.7,3.80848389971082));
#8927=CARTESIAN_POINT('Ctrl Pts',(1.95334437807556,0.7,3.81572059642066));
#8928=CARTESIAN_POINT('Ctrl Pts',(2.1866770402632,0.7,3.83081046633075));
#8929=CARTESIAN_POINT('Ctrl Pts',(2.30336716632136,0.7,3.83897378266018));
#8930=CARTESIAN_POINT('Ctrl Pts',(2.65343152807913,0.7,3.86253811323677));
#8931=CARTESIAN_POINT('Ctrl Pts',(2.88675734876896,0.7,3.87824427293604));
#8932=CARTESIAN_POINT('Ctrl Pts',(3.23669639773547,0.7,3.90180016817229));
#8933=CARTESIAN_POINT('Ctrl Pts',(3.35349911835902,0.7,3.9075277468977));
#8934=CARTESIAN_POINT('Ctrl Pts',(3.58683390817759,0.7,3.92751044633243));
#8935=CARTESIAN_POINT('Ctrl Pts',(3.70340185557754,0.7,3.94113220028284));
#8936=CARTESIAN_POINT('Ctrl Pts',(3.93673541883422,0.699999999999999,3.96674159082201));
#8937=CARTESIAN_POINT('Ctrl Pts',(4.05334448235706,0.7,3.98060972333194));
#8938=CARTESIAN_POINT('Ctrl Pts',(4.28667784419629,0.7,4.00806816861938));
#8939=CARTESIAN_POINT('Ctrl Pts',(4.40334453613178,0.7,4.0220572892835));
#8940=CARTESIAN_POINT('Ctrl Pts',(4.52,0.7,4.03630498729928));
#8941=CARTESIAN_POINT('Ctrl Pts',(1.72,0.7,3.8015547409252));
#8942=CARTESIAN_POINT('Ctrl Pts',(1.83667775476152,0.7,3.80848389971082));
#8943=CARTESIAN_POINT('Ctrl Pts',(1.95334442142818,0.7,3.81572059933891));
#8944=CARTESIAN_POINT('Ctrl Pts',(2.18667775897841,0.7,3.83081051471054));
#8945=CARTESIAN_POINT('Ctrl Pts',(2.3033659001308,0.7,3.83897369742747));
#8946=CARTESIAN_POINT('Ctrl Pts',(2.53669926986808,0.7,3.85468036528544));
#8947=CARTESIAN_POINT('Ctrl Pts',(2.65335374135689,0.7,3.86253287707955));
#8948=CARTESIAN_POINT('Ctrl Pts',(2.88668708897979,0.7,3.8782395434489));
#8949=CARTESIAN_POINT('Ctrl Pts',(3.00336158467634,0.7,3.88609340315815));
#8950=CARTESIAN_POINT('Ctrl Pts',(3.23669494540095,0.7,3.90180007040943));
#8951=CARTESIAN_POINT('Ctrl Pts',(3.35349960044982,0.7,3.90752777934929));
#8952=CARTESIAN_POINT('Ctrl Pts',(3.58683388703936,0.7,3.92751044490953));
#8953=CARTESIAN_POINT('Ctrl Pts',(3.70340197987734,0.7,3.94113220865));
#8954=CARTESIAN_POINT('Ctrl Pts',(3.93673547515811,0.7,3.96674159461342));
#8955=CARTESIAN_POINT('Ctrl Pts',(4.05334453183048,0.7,3.98060972666221));
#8956=CARTESIAN_POINT('Ctrl Pts',(4.28667786946511,0.7,4.00806817032033));
#8957=CARTESIAN_POINT('Ctrl Pts',(4.40334453613178,0.7,4.0220572892835));
#8958=CARTESIAN_POINT('Ctrl Pts',(4.52,0.7,4.03630498729928));
#8959=CARTESIAN_POINT('Ctrl Pts',(1.72,0.7,3.8015547409252));
#8960=CARTESIAN_POINT('Ctrl Pts',(1.83667775476152,0.7,3.80848389971082));
#8961=CARTESIAN_POINT('Ctrl Pts',(1.95334442142818,0.7,3.81572059933891));
#8962=CARTESIAN_POINT('Ctrl Pts',(2.18667775897841,0.7,3.83081051471054));
#8963=CARTESIAN_POINT('Ctrl Pts',(2.3033659001308,0.7,3.83897369742747));
#8964=CARTESIAN_POINT('Ctrl Pts',(2.53669926986808,0.7,3.85468036528544));
#8965=CARTESIAN_POINT('Ctrl Pts',(2.65335374135689,0.7,3.86253287707955));
#8966=CARTESIAN_POINT('Ctrl Pts',(2.88668708897979,0.7,3.8782395434489));
#8967=CARTESIAN_POINT('Ctrl Pts',(3.00336158467634,0.7,3.88609340315815));
#8968=CARTESIAN_POINT('Ctrl Pts',(3.23669494540095,0.7,3.90180007040944));
#8969=CARTESIAN_POINT('Ctrl Pts',(3.35349960044982,0.7,3.90752777934929));
#8970=CARTESIAN_POINT('Ctrl Pts',(3.58683388703936,0.7,3.92751044490953));
#8971=CARTESIAN_POINT('Ctrl Pts',(3.70340197987734,0.7,3.94113220865));
#8972=CARTESIAN_POINT('Ctrl Pts',(3.93673547515811,0.7,3.96674159461342));
#8973=CARTESIAN_POINT('Ctrl Pts',(4.05334453183048,0.7,3.98060972666221));
#8974=CARTESIAN_POINT('Ctrl Pts',(4.28667786946511,0.7,4.00806817032033));
#8975=CARTESIAN_POINT('Ctrl Pts',(4.40334453613178,0.7,4.0220572892835));
#8976=CARTESIAN_POINT('Ctrl Pts',(4.52,0.7,4.03630498729928));
#8977=CARTESIAN_POINT('Ctrl Pts',(1.72,0.583333333333333,3.85608268617591));
#8978=CARTESIAN_POINT('Ctrl Pts',(1.83667775476152,0.583330069258633,3.86316524307591));
#8979=CARTESIAN_POINT('Ctrl Pts',(1.95334442142818,0.583330069258633,3.87048992956607));
#8980=CARTESIAN_POINT('Ctrl Pts',(2.18667775897841,0.583336598028651,3.88562500044965));
#8981=CARTESIAN_POINT('Ctrl Pts',(2.3033659001308,0.583349657449845,3.89365846868294));
#8982=CARTESIAN_POINT('Ctrl Pts',(2.53669926986808,0.583356191109899,3.90932225636822));
#8983=CARTESIAN_POINT('Ctrl Pts',(2.65335374135689,0.58335618665953,3.9171946849878));
#8984=CARTESIAN_POINT('Ctrl Pts',(2.88668708897979,0.583349658933095,3.93290441039062));
#8985=CARTESIAN_POINT('Ctrl Pts',(3.00336158467634,0.583336599130037,3.94030761040725));
#8986=CARTESIAN_POINT('Ctrl Pts',(3.23669494540095,0.583330065953825,3.95693112022547));
#8987=CARTESIAN_POINT('Ctrl Pts',(3.35349960044982,0.583327749098436,3.96442314983344));
#8988=CARTESIAN_POINT('Ctrl Pts',(3.58683388703936,0.583338933553347,3.98544694048967));
#8989=CARTESIAN_POINT('Ctrl Pts',(3.70340197987734,0.583366969538743,3.99887745461726));
#8990=CARTESIAN_POINT('Ctrl Pts',(3.93673547515811,0.583366995968912,4.02457461845133));
#8991=CARTESIAN_POINT('Ctrl Pts',(4.05334453183048,0.583338942107206,4.038414095599));
#8992=CARTESIAN_POINT('Ctrl Pts',(4.28667786946511,0.58332772348241,4.06561967900362));
#8993=CARTESIAN_POINT('Ctrl Pts',(4.40334453613178,0.58332772348241,4.07939295608842));
#8994=CARTESIAN_POINT('Ctrl Pts',(4.52,0.583333333333333,4.0933354126122));
#8995=CARTESIAN_POINT('Ctrl Pts',(1.72,0.466666666666667,3.91061063142662));
#8996=CARTESIAN_POINT('Ctrl Pts',(1.83667775476152,0.466660138517266,3.91784658644099));
#8997=CARTESIAN_POINT('Ctrl Pts',(1.95334442142818,0.466660138517266,3.92525925979322));
#8998=CARTESIAN_POINT('Ctrl Pts',(2.18667775897841,0.466673196057302,3.94043948618876));
#8999=CARTESIAN_POINT('Ctrl Pts',(2.3033659001308,0.46669931489969,3.94834323993842));
#9000=CARTESIAN_POINT('Ctrl Pts',(2.53669926986808,0.466712382219798,3.963964147451));
#9001=CARTESIAN_POINT('Ctrl Pts',(2.65335374135689,0.46671237331906,3.97185649289606));
#9002=CARTESIAN_POINT('Ctrl Pts',(2.88668708897979,0.466699317866191,3.98756927733235));
#9003=CARTESIAN_POINT('Ctrl Pts',(3.00336158467634,0.466673198260075,3.99452181765635));
#9004=CARTESIAN_POINT('Ctrl Pts',(3.23669494540095,0.466660131907651,4.0120621700415));
#9005=CARTESIAN_POINT('Ctrl Pts',(3.35349960044982,0.466655498196871,4.02131852031759));
#9006=CARTESIAN_POINT('Ctrl Pts',(3.58683388703936,0.466677867106695,4.04338343606982));
#9007=CARTESIAN_POINT('Ctrl Pts',(3.70340197987734,0.466733939077485,4.05662270058451));
#9008=CARTESIAN_POINT('Ctrl Pts',(3.93673547515811,0.466733991937823,4.08240764228925));
#9009=CARTESIAN_POINT('Ctrl Pts',(4.05334453183048,0.466677884214413,4.09621846453578));
#9010=CARTESIAN_POINT('Ctrl Pts',(4.28667786946511,0.46665544696482,4.12317118768691));
#9011=CARTESIAN_POINT('Ctrl Pts',(4.40334453613178,0.46665544696482,4.13672862289334));
#9012=CARTESIAN_POINT('Ctrl Pts',(4.52,0.466666666666667,4.15036583792512));
#9013=CARTESIAN_POINT('Ctrl Pts',(1.72,0.35,3.96513857667734));
#9014=CARTESIAN_POINT('Ctrl Pts',(1.83667775476152,0.3499902077759,3.97252792980608));
#9015=CARTESIAN_POINT('Ctrl Pts',(1.95334442142818,0.349990207775899,3.98002859002037));
#9016=CARTESIAN_POINT('Ctrl Pts',(2.18667775897841,0.350009794085953,3.99525397192787));
#9017=CARTESIAN_POINT('Ctrl Pts',(2.3033659001308,0.350048972349536,4.0030280111939));
#9018=CARTESIAN_POINT('Ctrl Pts',(2.53669926986808,0.350068573329697,4.01860603853377));
#9019=CARTESIAN_POINT('Ctrl Pts',(2.65335374135689,0.35006855997859,4.02651830080432));
#9020=CARTESIAN_POINT('Ctrl Pts',(2.88668708897979,0.350048976799286,4.04223414427407));
#9021=CARTESIAN_POINT('Ctrl Pts',(3.00336158467634,0.350009797390112,4.04873602490545));
#9022=CARTESIAN_POINT('Ctrl Pts',(3.23669494540095,0.349990197861476,4.06719321985753));
#9023=CARTESIAN_POINT('Ctrl Pts',(3.35349960044982,0.349983247295307,4.07821389080173));
#9024=CARTESIAN_POINT('Ctrl Pts',(3.58683388703936,0.350016800660042,4.10131993164997));
#9025=CARTESIAN_POINT('Ctrl Pts',(3.70340197987734,0.350100908616228,4.11436794655177));
#9026=CARTESIAN_POINT('Ctrl Pts',(3.93673547515811,0.350100987906735,4.14024066612717));
#9027=CARTESIAN_POINT('Ctrl Pts',(4.05334453183048,0.350016826321619,4.15402283347257));
#9028=CARTESIAN_POINT('Ctrl Pts',(4.28667786946511,0.34998317044723,4.1807226963702));
#9029=CARTESIAN_POINT('Ctrl Pts',(4.40334453613178,0.34998317044723,4.19406428969826));
#9030=CARTESIAN_POINT('Ctrl Pts',(4.52,0.35,4.20739626323804));
#9031=CARTESIAN_POINT('Ctrl Pts',(1.72,0.35,3.96513857667734));
#9032=CARTESIAN_POINT('Ctrl Pts',(1.83667775476152,0.349990207775899,3.97252792980608));
#9033=CARTESIAN_POINT('Ctrl Pts',(1.95334442142818,0.349990207775899,3.98002859002037));
#9034=CARTESIAN_POINT('Ctrl Pts',(2.18667775897841,0.350009794085953,3.99525397192787));
#9035=CARTESIAN_POINT('Ctrl Pts',(2.3033659001308,0.350048972349536,4.00302801119389));
#9036=CARTESIAN_POINT('Ctrl Pts',(2.53669926986808,0.350068573329697,4.01860603853377));
#9037=CARTESIAN_POINT('Ctrl Pts',(2.65335374135689,0.35006855997859,4.02651830080432));
#9038=CARTESIAN_POINT('Ctrl Pts',(2.88668708897979,0.350048976799286,4.04223414427406));
#9039=CARTESIAN_POINT('Ctrl Pts',(3.00336158467634,0.350009797390112,4.04873602490545));
#9040=CARTESIAN_POINT('Ctrl Pts',(3.23669494540095,0.349990197861476,4.06719321985753));
#9041=CARTESIAN_POINT('Ctrl Pts',(3.35349960044982,0.349983247295307,4.07821389080173));
#9042=CARTESIAN_POINT('Ctrl Pts',(3.58683388703936,0.350016800660042,4.10131993164997));
#9043=CARTESIAN_POINT('Ctrl Pts',(3.70340197987734,0.350100908616228,4.11436794655177));
#9044=CARTESIAN_POINT('Ctrl Pts',(3.93673547515811,0.350100987906735,4.14024066612717));
#9045=CARTESIAN_POINT('Ctrl Pts',(4.05334453183048,0.35001682632162,4.15402283347257));
#9046=CARTESIAN_POINT('Ctrl Pts',(4.28667786946511,0.34998317044723,4.1807226963702));
#9047=CARTESIAN_POINT('Ctrl Pts',(4.40334453613178,0.34998317044723,4.19406428969826));
#9048=CARTESIAN_POINT('Ctrl Pts',(4.52,0.35,4.20739626323804));
#9049=CARTESIAN_POINT('Ctrl Pts',(1.72,0.35,3.96513857667734));
#9050=CARTESIAN_POINT('Ctrl Pts',(1.83667775476152,0.349990207775899,3.97252792980608));
#9051=CARTESIAN_POINT('Ctrl Pts',(1.95334442142819,0.3499902077759,3.98002859002038));
#9052=CARTESIAN_POINT('Ctrl Pts',(2.18667775897841,0.350009794085953,3.99525397192787));
#9053=CARTESIAN_POINT('Ctrl Pts',(2.3033659001308,0.350048972349536,4.0030280111939));
#9054=CARTESIAN_POINT('Ctrl Pts',(2.53669926986808,0.350068573329698,4.01860603853377));
#9055=CARTESIAN_POINT('Ctrl Pts',(2.65335374135689,0.35006855997859,4.02651830080432));
#9056=CARTESIAN_POINT('Ctrl Pts',(2.88668708897979,0.350048976799286,4.04223414427407));
#9057=CARTESIAN_POINT('Ctrl Pts',(3.00336158467634,0.350009797390113,4.04873602490545));
#9058=CARTESIAN_POINT('Ctrl Pts',(3.23669494540095,0.349990197861476,4.06719321985753));
#9059=CARTESIAN_POINT('Ctrl Pts',(3.35349960044983,0.349983247295308,4.07821389080173));
#9060=CARTESIAN_POINT('Ctrl Pts',(3.58683388703937,0.350016800660043,4.10131993164997));
#9061=CARTESIAN_POINT('Ctrl Pts',(3.70340197987735,0.350100908616228,4.11436794655177));
#9062=CARTESIAN_POINT('Ctrl Pts',(3.93673547515811,0.350100987906736,4.14024066612717));
#9063=CARTESIAN_POINT('Ctrl Pts',(4.05334453183048,0.35001682632162,4.15402283347257));
#9064=CARTESIAN_POINT('Ctrl Pts',(4.28667786946511,0.34998317044723,4.1807226963702));
#9065=CARTESIAN_POINT('Ctrl Pts',(4.40334453613178,0.34998317044723,4.19406428969826));
#9066=CARTESIAN_POINT('Ctrl Pts',(4.52,0.35,4.20739626323804));
#9067=CARTESIAN_POINT('Ctrl Pts',(1.72,0.233333333333333,4.02003224780994));
#9068=CARTESIAN_POINT('Ctrl Pts',(1.83667775476152,0.233320277034533,4.0274599789883));
#9069=CARTESIAN_POINT('Ctrl Pts',(1.95334442142819,0.233320277034533,4.0349606392026));
#9070=CARTESIAN_POINT('Ctrl Pts',(2.18667775897841,0.233346392114605,4.05010925771381));
#9071=CARTESIAN_POINT('Ctrl Pts',(2.3033659001308,0.233398629799381,4.05772974806916));
#9072=CARTESIAN_POINT('Ctrl Pts',(2.53669926986808,0.233424764439597,4.07323095451712));
#9073=CARTESIAN_POINT('Ctrl Pts',(2.65335374135689,0.233424746638121,4.08077447195724));
#9074=CARTESIAN_POINT('Ctrl Pts',(2.88668708897979,0.233398635732381,4.0973047899584));
#9075=CARTESIAN_POINT('Ctrl Pts',(3.00336158467634,0.23334639652015,4.10535667189477));
#9076=CARTESIAN_POINT('Ctrl Pts',(3.23669494540095,0.233320263815301,4.12478804095639));
#9077=CARTESIAN_POINT('Ctrl Pts',(3.35349960044983,0.233322164863538,4.13567971290794));
#9078=CARTESIAN_POINT('Ctrl Pts',(3.58683388703937,0.233344533773362,4.15902426252951));
#9079=CARTESIAN_POINT('Ctrl Pts',(3.70340197987735,0.233400605744152,4.17215355987503));
#9080=CARTESIAN_POINT('Ctrl Pts',(3.93673547515811,0.233400658604491,4.19810000452276));
#9081=CARTESIAN_POINT('Ctrl Pts',(4.05334453183048,0.23334455088108,4.21183139409331));
#9082=CARTESIAN_POINT('Ctrl Pts',(4.28667786946511,0.233322113631487,4.23852569840773));
#9083=CARTESIAN_POINT('Ctrl Pts',(4.40334453613178,0.233322113631486,4.25186729173578));
#9084=CARTESIAN_POINT('Ctrl Pts',(4.52,0.233333333333333,4.26520204483399));
#9085=CARTESIAN_POINT('Ctrl Pts',(1.72,0.116666666666667,4.07492591894254));
#9086=CARTESIAN_POINT('Ctrl Pts',(1.83667775476152,0.116663402591966,4.08238590970718));
#9087=CARTESIAN_POINT('Ctrl Pts',(1.95334442142819,0.116663402591967,4.08988656992147));
#9088=CARTESIAN_POINT('Ctrl Pts',(2.18667775897841,0.116669931361984,4.10497066312645));
#9089=CARTESIAN_POINT('Ctrl Pts',(2.3033659001308,0.116682990783178,4.1124620842774));
#9090=CARTESIAN_POINT('Ctrl Pts',(2.53669926986808,0.116689524443232,4.1278987170898));
#9091=CARTESIAN_POINT('Ctrl Pts',(2.65335374135689,0.116689519992864,4.13507348135734));
#9092=CARTESIAN_POINT('Ctrl Pts',(2.88668708897979,0.116682992266429,4.15240603775604));
#9093=CARTESIAN_POINT('Ctrl Pts',(3.00336158467634,0.116669932463371,4.16198344057531));
#9094=CARTESIAN_POINT('Ctrl Pts',(3.23669494540095,0.116663399287158,4.18237673739709));
#9095=CARTESIAN_POINT('Ctrl Pts',(3.35349960044983,0.116661082431769,4.19314553501415));
#9096=CARTESIAN_POINT('Ctrl Pts',(3.58683388703937,0.116672266886681,4.21672859340905));
#9097=CARTESIAN_POINT('Ctrl Pts',(3.70340197987735,0.116700302872076,4.22993917319829));
#9098=CARTESIAN_POINT('Ctrl Pts',(3.93673547515811,0.116700329302245,4.25595934291834));
#9099=CARTESIAN_POINT('Ctrl Pts',(4.05334453183048,0.11667227544054,4.26963995471404));
#9100=CARTESIAN_POINT('Ctrl Pts',(4.28667786946511,0.116661056815743,4.29632870044525));
#9101=CARTESIAN_POINT('Ctrl Pts',(4.40334453613178,0.116661056815743,4.30967029377331));
#9102=CARTESIAN_POINT('Ctrl Pts',(4.52,0.116666666666667,4.32300782642995));
#9103=CARTESIAN_POINT('Ctrl Pts',(1.72,5.55111512312578E-17,4.12981959007515));
#9104=CARTESIAN_POINT('Ctrl Pts',(1.83667775476152,1.75758051964379E-16,
4.13731489965772));
#9105=CARTESIAN_POINT('Ctrl Pts',(1.95334442142819,1.94261769041465E-16,
4.14481555987202));
#9106=CARTESIAN_POINT('Ctrl Pts',(2.18667775897841,2.77670090775467E-17,
4.15982900872573));
#9107=CARTESIAN_POINT('Ctrl Pts',(2.3033659001308,-4.8096231414005E-16,
4.16717912081915));
#9108=CARTESIAN_POINT('Ctrl Pts',(2.53669926986808,-4.0719550249315E-16,
4.18254505636781));
#9109=CARTESIAN_POINT('Ctrl Pts',(2.65335374135689,2.86741247682382E-16,
4.18935107163385));
#9110=CARTESIAN_POINT('Ctrl Pts',(2.88668708897979,3.79408782720241E-16,
4.20749198449703));
#9111=CARTESIAN_POINT('Ctrl Pts',(3.00336158467634,-1.10981962629297E-16,
4.21860714841023));
#9112=CARTESIAN_POINT('Ctrl Pts',(3.23669494540095,-2.22111868392928E-16,
4.23996849616687));
#9113=CARTESIAN_POINT('Ctrl Pts',(3.35349960044983,-6.46443047243803E-17,
4.25061135712036));
#9114=CARTESIAN_POINT('Ctrl Pts',(3.58683388703937,6.48293518740544E-17,
4.27443292428859));
#9115=CARTESIAN_POINT('Ctrl Pts',(3.70340197987735,2.12721932273643E-16,
4.28772478652154));
#9116=CARTESIAN_POINT('Ctrl Pts',(3.93673547515811,2.31378267885676E-16,
4.31381868131393));
#9117=CARTESIAN_POINT('Ctrl Pts',(4.05334453183048,9.25185857264969E-17,
4.32744851533478));
#9118=CARTESIAN_POINT('Ctrl Pts',(4.28667786946511,1.84966102154919E-17,
4.35413170248277));
#9119=CARTESIAN_POINT('Ctrl Pts',(4.40334453613178,-7.10686159408955E-21,
4.36747329581083));
#9120=CARTESIAN_POINT('Ctrl Pts',(4.52,0.,4.38081360802591));
#9121=CARTESIAN_POINT('Ctrl Pts',(1.72,-0.35,4.31307749828358));
#9122=CARTESIAN_POINT('Ctrl Pts',(1.83667775476152,-0.35,4.31940273428914));
#9123=CARTESIAN_POINT('Ctrl Pts',(1.95334442142818,-0.35,4.32565974977172));
#9124=CARTESIAN_POINT('Ctrl Pts',(2.1866777589784,-0.35,4.33803851640266));
#9125=CARTESIAN_POINT('Ctrl Pts',(2.3033659001308,-0.35,4.34302349399082));
#9126=CARTESIAN_POINT('Ctrl Pts',(2.53669926986808,-0.35,4.35740796427499));
#9127=CARTESIAN_POINT('Ctrl Pts',(2.65335374135689,-0.349999999999999,4.36580117001339));
#9128=CARTESIAN_POINT('Ctrl Pts',(2.88668708897979,-0.349999999999999,4.38421312938871));
#9129=CARTESIAN_POINT('Ctrl Pts',(3.00336158467634,-0.35,4.39530535308156));
#9130=CARTESIAN_POINT('Ctrl Pts',(3.23669494540095,-0.35,4.4156027122261));
#9131=CARTESIAN_POINT('Ctrl Pts',(3.35349960044982,-0.35,4.42338962621543));
#9132=CARTESIAN_POINT('Ctrl Pts',(3.58683388703936,-0.35,4.44844139654931));
#9133=CARTESIAN_POINT('Ctrl Pts',(3.70340197987734,-0.35,4.4652634315959));
#9134=CARTESIAN_POINT('Ctrl Pts',(3.93673547515811,-0.35,4.49604963350407));
#9135=CARTESIAN_POINT('Ctrl Pts',(4.05334453183048,-0.35,4.51239036016696));
#9136=CARTESIAN_POINT('Ctrl Pts',(4.28667786946511,-0.35,4.54413173294951));
#9137=CARTESIAN_POINT('Ctrl Pts',(4.40334453613178,-0.35,4.56000241904822));
#9138=CARTESIAN_POINT('Ctrl Pts',(4.52,-0.35,4.57587158118038));
#9139=CARTESIAN_POINT('Ctrl Pts',(1.72,-0.466865166595547,4.38398392236461));
#9140=CARTESIAN_POINT('Ctrl Pts',(1.83667775476152,-0.466732845887886,4.39103207857456));
#9141=CARTESIAN_POINT('Ctrl Pts',(1.95334442142818,-0.466666679244925,4.39778473844975));
#9142=CARTESIAN_POINT('Ctrl Pts',(2.1866777589784,-0.466666654086016,4.41070029326883));
#9143=CARTESIAN_POINT('Ctrl Pts',(2.3033659001308,-0.466832074033897,4.41543465875783));
#9144=CARTESIAN_POINT('Ctrl Pts',(2.53669926986808,-0.466898277647863,4.43002991706335));
#9145=CARTESIAN_POINT('Ctrl Pts',(2.65335374135689,-0.46689823255361,4.43876285289825));
#9146=CARTESIAN_POINT('Ctrl Pts',(2.88668708897979,-0.466832089063223,4.45730334294583));
#9147=CARTESIAN_POINT('Ctrl Pts',(3.00336158467634,-0.4666997580033,4.46858967256294));
#9148=CARTESIAN_POINT('Ctrl Pts',(3.23669494540095,-0.466633559291956,4.48812200669049));
#9149=CARTESIAN_POINT('Ctrl Pts',(3.35349960044982,-0.466666666666667,4.49440206356466));
#9150=CARTESIAN_POINT('Ctrl Pts',(3.58683388703936,-0.466666666666666,4.51888789004326));
#9151=CARTESIAN_POINT('Ctrl Pts',(3.70340197987734,-0.466666666666667,4.53641812530146));
#9152=CARTESIAN_POINT('Ctrl Pts',(3.93673547515811,-0.466666666666666,4.56731832859671));
#9153=CARTESIAN_POINT('Ctrl Pts',(4.05334453183048,-0.466666666666667,4.5832577223437));
#9154=CARTESIAN_POINT('Ctrl Pts',(4.28667786946511,-0.466666666666666,4.61540669106183));
#9155=CARTESIAN_POINT('Ctrl Pts',(4.40334453613178,-0.466666666666667,4.63173190943822));
#9156=CARTESIAN_POINT('Ctrl Pts',(4.52,-0.466666666666667,4.64830631859219));
#9157=CARTESIAN_POINT('Ctrl Pts',(1.72,-0.583730333191095,4.45489034644564));
#9158=CARTESIAN_POINT('Ctrl Pts',(1.83667775476152,-0.583399543999602,4.46262037720633));
#9159=CARTESIAN_POINT('Ctrl Pts',(1.95334442142818,-0.58326721071368,4.46986868147413));
#9160=CARTESIAN_POINT('Ctrl Pts',(2.1866777589784,-0.583399468525265,4.48340312359289));
#9161=CARTESIAN_POINT('Ctrl Pts',(2.3033659001308,-0.583994962802254,4.48805081068683));
#9162=CARTESIAN_POINT('Ctrl Pts',(2.53669926986808,-0.584259777258121,4.50293959412735));
#9163=CARTESIAN_POINT('Ctrl Pts',(2.65335374135689,-0.584259596881109,4.51201364605459));
#9164=CARTESIAN_POINT('Ctrl Pts',(2.88668708897979,-0.583995022919558,4.53060058118966));
#9165=CARTESIAN_POINT('Ctrl Pts',(3.00336158467634,-0.583465698679868,4.54191534783809));
#9166=CARTESIAN_POINT('Ctrl Pts',(3.23669494540095,-0.583200903834492,4.56059992531759));
#9167=CARTESIAN_POINT('Ctrl Pts',(3.35349960044982,-0.583333333333333,4.56541450091389));
#9168=CARTESIAN_POINT('Ctrl Pts',(3.58683388703936,-0.583333333333333,4.58933438353722));
#9169=CARTESIAN_POINT('Ctrl Pts',(3.70340197987734,-0.583333333333333,4.60757281900701));
#9170=CARTESIAN_POINT('Ctrl Pts',(3.93673547515811,-0.583333333333333,4.63858702368935));
#9171=CARTESIAN_POINT('Ctrl Pts',(4.05334453183048,-0.583333333333333,4.65412508452043));
#9172=CARTESIAN_POINT('Ctrl Pts',(4.28667786946511,-0.583333333333333,4.68668164917415));
#9173=CARTESIAN_POINT('Ctrl Pts',(4.40334453613178,-0.583333333333333,4.70346139982821));
#9174=CARTESIAN_POINT('Ctrl Pts',(4.52,-0.583333333333333,4.72074105600401));
#9175=CARTESIAN_POINT('Ctrl Pts',(1.72,-0.700595499786642,4.52579677052667));
#9176=CARTESIAN_POINT('Ctrl Pts',(1.83667775476152,-0.700198537663657,4.53429076714539));
#9177=CARTESIAN_POINT('Ctrl Pts',(1.95334442142818,-0.700000037734776,4.5420347158058));
#9178=CARTESIAN_POINT('Ctrl Pts',(2.1866777589784,-0.699999962258048,4.55602384700116));
#9179=CARTESIAN_POINT('Ctrl Pts',(2.3033659001308,-0.700496222101691,4.56025698829185));
#9180=CARTESIAN_POINT('Ctrl Pts',(2.53669926986808,-0.70069483294359,4.57527382264008));
#9181=CARTESIAN_POINT('Ctrl Pts',(2.65335374135689,-0.700694697660831,4.58468621866797));
#9182=CARTESIAN_POINT('Ctrl Pts',(2.88668708897979,-0.700496267189669,4.60348377006006));
#9183=CARTESIAN_POINT('Ctrl Pts',(3.00336158467634,-0.7000992740099,4.61515831152572));
#9184=CARTESIAN_POINT('Ctrl Pts',(3.23669494540095,-0.699900677875869,4.63316059561927));
#9185=CARTESIAN_POINT('Ctrl Pts',(3.35349960044982,-0.699999999999999,4.63642693826313));
#9186=CARTESIAN_POINT('Ctrl Pts',(3.58683388703936,-0.699999999999999,4.65978087703117));
#9187=CARTESIAN_POINT('Ctrl Pts',(3.70340197987734,-0.699999999999999,4.67872751271257));
#9188=CARTESIAN_POINT('Ctrl Pts',(3.93673547515811,-0.699999999999999,4.709855718782));
#9189=CARTESIAN_POINT('Ctrl Pts',(4.05334453183048,-0.7,4.72499244669716));
#9190=CARTESIAN_POINT('Ctrl Pts',(4.28667786946511,-0.7,4.75795660728647));
#9191=CARTESIAN_POINT('Ctrl Pts',(4.40334453613178,-0.7,4.77519089021821));
#9192=CARTESIAN_POINT('Ctrl Pts',(4.52,-0.7,4.79317579341582));
#9193=CARTESIAN_POINT('',(2.77,-0.700595499786642,4.59408334969909));
#9194=CARTESIAN_POINT('Ctrl Pts',(1.72,-0.700595499786642,4.52579677052667));
#9195=CARTESIAN_POINT('Ctrl Pts',(1.83667775476152,-0.700198537663657,4.53429076714539));
#9196=CARTESIAN_POINT('Ctrl Pts',(1.95334442142818,-0.700000037734776,4.5420347158058));
#9197=CARTESIAN_POINT('Ctrl Pts',(2.18667775897841,-0.699999962258049,4.55602384700116));
#9198=CARTESIAN_POINT('Ctrl Pts',(2.3033659001308,-0.700496222101691,4.56025698829185));
#9199=CARTESIAN_POINT('Ctrl Pts',(2.53669926986808,-0.700694832943591,4.57527382264008));
#9200=CARTESIAN_POINT('Ctrl Pts',(2.65335374135689,-0.700694697660832,4.58468621866798));
#9201=CARTESIAN_POINT('Ctrl Pts',(2.77,-0.700595499786642,4.59408334969909));
#9202=CARTESIAN_POINT('Ctrl Pts',(2.77,-0.700595499786642,4.59408334969909));
#9203=CARTESIAN_POINT('Ctrl Pts',(2.88668708897979,-0.700496267189669,4.60348377006007));
#9204=CARTESIAN_POINT('Ctrl Pts',(3.00336158467634,-0.700099274009901,4.61515831152572));
#9205=CARTESIAN_POINT('Ctrl Pts',(3.23669494540095,-0.69990067787587,4.63316059561927));
#9206=CARTESIAN_POINT('Ctrl Pts',(3.35349960044982,-0.7,4.63642693826313));
#9207=CARTESIAN_POINT('Ctrl Pts',(3.58683388703936,-0.7,4.65978087703117));
#9208=CARTESIAN_POINT('Ctrl Pts',(3.70340197987734,-0.7,4.67872751271257));
#9209=CARTESIAN_POINT('Ctrl Pts',(3.93673547515811,-0.7,4.709855718782));
#9210=CARTESIAN_POINT('Ctrl Pts',(4.05334453183048,-0.7,4.72499244669716));
#9211=CARTESIAN_POINT('Ctrl Pts',(4.28667786946511,-0.7,4.75795660728647));
#9212=CARTESIAN_POINT('Ctrl Pts',(4.40334453613178,-0.7,4.77519089021821));
#9213=CARTESIAN_POINT('Ctrl Pts',(4.52,-0.7,4.79317579341582));
#9214=CARTESIAN_POINT('Ctrl Pts',(1.72,-0.700595499786642,4.52579677052667));
#9215=CARTESIAN_POINT('Ctrl Pts',(1.83667775476152,-0.700198537663657,4.53429076714539));
#9216=CARTESIAN_POINT('Ctrl Pts',(1.95334442142819,-0.700000037734777,4.5420347158058));
#9217=CARTESIAN_POINT('Ctrl Pts',(2.18667775897841,-0.699999962258049,4.55602384700116));
#9218=CARTESIAN_POINT('Ctrl Pts',(2.3033659001308,-0.700496222101692,4.56025698829185));
#9219=CARTESIAN_POINT('Ctrl Pts',(2.53669926986809,-0.700694832943592,4.57527382264008));
#9220=CARTESIAN_POINT('Ctrl Pts',(2.65335374135689,-0.700694697660832,4.58468621866798));
#9221=CARTESIAN_POINT('Ctrl Pts',(2.88668708897979,-0.70049626718967,4.60348377006007));
#9222=CARTESIAN_POINT('Ctrl Pts',(3.00336158467634,-0.700099274009901,4.61515831152573));
#9223=CARTESIAN_POINT('Ctrl Pts',(3.23669494540095,-0.69990067787587,4.63316059561927));
#9224=CARTESIAN_POINT('Ctrl Pts',(3.35349960044982,-0.7,4.63642693826313));
#9225=CARTESIAN_POINT('Ctrl Pts',(3.58683388703936,-0.7,4.65978087703117));
#9226=CARTESIAN_POINT('Ctrl Pts',(3.70340197987734,-0.7,4.67872751271257));
#9227=CARTESIAN_POINT('Ctrl Pts',(3.93673547515811,-0.7,4.709855718782));
#9228=CARTESIAN_POINT('Ctrl Pts',(4.05334453183048,-0.7,4.72499244669716));
#9229=CARTESIAN_POINT('Ctrl Pts',(4.28667786946511,-0.7,4.75795660728648));
#9230=CARTESIAN_POINT('Ctrl Pts',(4.40334453613178,-0.7,4.77519089021821));
#9231=CARTESIAN_POINT('Ctrl Pts',(4.52,-0.7,4.79317579341582));
#9232=CARTESIAN_POINT('Ctrl Pts',(1.72,-0.817063666524428,4.59646232009312));
#9233=CARTESIAN_POINT('Ctrl Pts',(1.83667775476152,-0.816799025109105,4.60524838480664));
#9234=CARTESIAN_POINT('Ctrl Pts',(1.95334442142819,-0.816666691823185,4.61327207560918));
#9235=CARTESIAN_POINT('Ctrl Pts',(2.18667775897841,-0.816666641505367,4.6277960900289));
#9236=CARTESIAN_POINT('Ctrl Pts',(2.3033659001308,-0.816997481401128,4.63231502765575));
#9237=CARTESIAN_POINT('Ctrl Pts',(2.53669926986809,-0.817129888629062,4.64775627216705));
#9238=CARTESIAN_POINT('Ctrl Pts',(2.65335374135689,-0.817129798440555,4.65771851505015));
#9239=CARTESIAN_POINT('Ctrl Pts',(2.88668708897979,-0.81699751145978,4.6760071092456));
#9240=CARTESIAN_POINT('Ctrl Pts',(3.00336158467634,-0.816732849339935,4.6854980942092));
#9241=CARTESIAN_POINT('Ctrl Pts',(3.23669494540095,-0.816600451917247,4.70430585539017));
#9242=CARTESIAN_POINT('Ctrl Pts',(3.35349960044982,-0.816666666666667,4.71043523445472));
#9243=CARTESIAN_POINT('Ctrl Pts',(3.58683388703936,-0.816666666666667,4.73617086120944));
#9244=CARTESIAN_POINT('Ctrl Pts',(3.70340197987734,-0.816666666666667,4.75577064635742));
#9245=CARTESIAN_POINT('Ctrl Pts',(3.93673547515811,-0.816666666666666,4.78857837217));
#9246=CARTESIAN_POINT('Ctrl Pts',(4.05334453183048,-0.816666666666668,4.80469433762384));
#9247=CARTESIAN_POINT('Ctrl Pts',(4.28667786946511,-0.816666666666667,4.83872602497128));
#9248=CARTESIAN_POINT('Ctrl Pts',(4.40334453613178,-0.816666666666667,4.8562433369586));
#9249=CARTESIAN_POINT('Ctrl Pts',(4.52,-0.816666666666667,4.87426048364407));
#9250=CARTESIAN_POINT('Ctrl Pts',(1.72,-0.933531833262214,4.66712786965958));
#9251=CARTESIAN_POINT('Ctrl Pts',(1.83667775476152,-0.933399512554552,4.67620600246788));
#9252=CARTESIAN_POINT('Ctrl Pts',(1.95334442142819,-0.933333345911593,4.68450943541255));
#9253=CARTESIAN_POINT('Ctrl Pts',(2.18667775897841,-0.933333320752683,4.69956833305663));
#9254=CARTESIAN_POINT('Ctrl Pts',(2.3033659001308,-0.933498740700565,4.70437306701964));
#9255=CARTESIAN_POINT('Ctrl Pts',(2.53669926986809,-0.933564944314531,4.72023872169401));
#9256=CARTESIAN_POINT('Ctrl Pts',(2.65335374135689,-0.933564899220278,4.73075081143232));
#9257=CARTESIAN_POINT('Ctrl Pts',(2.88668708897979,-0.93349875572989,4.74853044843112));
#9258=CARTESIAN_POINT('Ctrl Pts',(3.00336158467634,-0.933366424669968,4.75583787689267));
#9259=CARTESIAN_POINT('Ctrl Pts',(3.23669494540095,-0.933300225958623,4.77545111516107));
#9260=CARTESIAN_POINT('Ctrl Pts',(3.35349960044982,-0.933333333333333,4.7844435306463));
#9261=CARTESIAN_POINT('Ctrl Pts',(3.58683388703936,-0.933333333333334,4.8125608453877));
#9262=CARTESIAN_POINT('Ctrl Pts',(3.70340197987734,-0.933333333333334,4.83281378000226));
#9263=CARTESIAN_POINT('Ctrl Pts',(3.93673547515811,-0.933333333333334,4.86730102555799));
#9264=CARTESIAN_POINT('Ctrl Pts',(4.05334453183048,-0.933333333333334,4.88439622855052));
#9265=CARTESIAN_POINT('Ctrl Pts',(4.28667786946511,-0.933333333333334,4.91949544265608));
#9266=CARTESIAN_POINT('Ctrl Pts',(4.40334453613178,-0.933333333333333,4.93729578369898));
#9267=CARTESIAN_POINT('Ctrl Pts',(4.52,-0.933333333333333,4.95534517387232));
#9268=CARTESIAN_POINT('Ctrl Pts',(1.72,-1.05,4.73779341922603));
#9269=CARTESIAN_POINT('Ctrl Pts',(1.83667775476152,-1.05,4.74716362012912));
#9270=CARTESIAN_POINT('Ctrl Pts',(1.95334442142819,-1.05,4.75574679521593));
#9271=CARTESIAN_POINT('Ctrl Pts',(2.18667775897841,-1.05,4.77134057608436));
#9272=CARTESIAN_POINT('Ctrl Pts',(2.3033659001308,-1.05,4.77643110638354));
#9273=CARTESIAN_POINT('Ctrl Pts',(2.53669926986809,-1.05,4.79272117122098));
#9274=CARTESIAN_POINT('Ctrl Pts',(2.65335374135689,-1.05,4.80378310781448));
#9275=CARTESIAN_POINT('Ctrl Pts',(2.88668708897979,-1.05,4.82105378761665));
#9276=CARTESIAN_POINT('Ctrl Pts',(3.00336158467634,-1.05,4.82617765957614));
#9277=CARTESIAN_POINT('Ctrl Pts',(3.23669494540095,-1.05,4.84659637493196));
#9278=CARTESIAN_POINT('Ctrl Pts',(3.35349960044982,-1.05,4.85845182683789));
#9279=CARTESIAN_POINT('Ctrl Pts',(3.58683388703936,-1.05,4.88895082956597));
#9280=CARTESIAN_POINT('Ctrl Pts',(3.70340197987734,-1.05,4.9098569136471));
#9281=CARTESIAN_POINT('Ctrl Pts',(3.93673547515811,-1.05,4.94602367894598));
#9282=CARTESIAN_POINT('Ctrl Pts',(4.05334453183048,-1.05,4.9640981194772));
#9283=CARTESIAN_POINT('Ctrl Pts',(4.28667786946511,-1.05,5.00026486034088));
#9284=CARTESIAN_POINT('Ctrl Pts',(4.40334453613178,-1.05,5.01834823043937));
#9285=CARTESIAN_POINT('Ctrl Pts',(4.52,-1.05,5.03642986410057));
#9286=CARTESIAN_POINT('Ctrl Pts',(1.72,-1.05,4.73779341922603));
#9287=CARTESIAN_POINT('Ctrl Pts',(1.83667775476152,-1.05,4.74716362012912));
#9288=CARTESIAN_POINT('Ctrl Pts',(1.95334442142818,-1.05,4.75574679521592));
#9289=CARTESIAN_POINT('Ctrl Pts',(2.18667775897841,-1.05,4.77134057608436));
#9290=CARTESIAN_POINT('Ctrl Pts',(2.3033659001308,-1.05,4.77643110638354));
#9291=CARTESIAN_POINT('Ctrl Pts',(2.53669926986808,-1.05,4.79272117122098));
#9292=CARTESIAN_POINT('Ctrl Pts',(2.65335374135689,-1.05,4.80378310781448));
#9293=CARTESIAN_POINT('Ctrl Pts',(2.88668708897979,-1.05,4.82105378761664));
#9294=CARTESIAN_POINT('Ctrl Pts',(3.00336158467634,-1.05,4.82617765957614));
#9295=CARTESIAN_POINT('Ctrl Pts',(3.23669494540095,-1.05,4.84659637493197));
#9296=CARTESIAN_POINT('Ctrl Pts',(3.35349960044982,-1.05,4.85845182683789));
#9297=CARTESIAN_POINT('Ctrl Pts',(3.58683388703936,-1.05,4.88895082956597));
#9298=CARTESIAN_POINT('Ctrl Pts',(3.70340197987734,-1.05,4.9098569136471));
#9299=CARTESIAN_POINT('Ctrl Pts',(3.93673547515811,-1.05,4.94602367894598));
#9300=CARTESIAN_POINT('Ctrl Pts',(4.05334453183048,-1.05,4.9640981194772));
#9301=CARTESIAN_POINT('Ctrl Pts',(4.28667786946511,-1.05,5.00026486034088));
#9302=CARTESIAN_POINT('Ctrl Pts',(4.40334453613178,-1.05,5.01834823043937));
#9303=CARTESIAN_POINT('Ctrl Pts',(4.52,-1.05,5.03642986410057));
#9304=CARTESIAN_POINT('Ctrl Pts',(1.72,-1.05,4.73779341922603));
#9305=CARTESIAN_POINT('Ctrl Pts',(1.83667775476152,-1.05,4.74716362012912));
#9306=CARTESIAN_POINT('Ctrl Pts',(1.95334442142818,-1.05,4.75574679521592));
#9307=CARTESIAN_POINT('Ctrl Pts',(2.18667775897841,-1.05,4.77134057608436));
#9308=CARTESIAN_POINT('Ctrl Pts',(2.3033659001308,-1.05,4.77643110638354));
#9309=CARTESIAN_POINT('Ctrl Pts',(2.53669926986808,-1.05,4.79272117122097));
#9310=CARTESIAN_POINT('Ctrl Pts',(2.65335374135689,-1.05,4.80378310781448));
#9311=CARTESIAN_POINT('Ctrl Pts',(2.88668708897979,-1.05,4.82105378761664));
#9312=CARTESIAN_POINT('Ctrl Pts',(3.00336158467634,-1.05,4.82617765957614));
#9313=CARTESIAN_POINT('Ctrl Pts',(3.23669494540095,-1.05,4.84659637493196));
#9314=CARTESIAN_POINT('Ctrl Pts',(3.35349960044982,-1.05,4.85845182683789));
#9315=CARTESIAN_POINT('Ctrl Pts',(3.58683388703936,-1.05,4.88895082956596));
#9316=CARTESIAN_POINT('Ctrl Pts',(3.70340197987734,-1.05,4.9098569136471));
#9317=CARTESIAN_POINT('Ctrl Pts',(3.93673547515811,-1.05,4.94602367894598));
#9318=CARTESIAN_POINT('Ctrl Pts',(4.05334453183048,-1.05,4.9640981194772));
#9319=CARTESIAN_POINT('Ctrl Pts',(4.28667786946511,-1.05,5.00026486034088));
#9320=CARTESIAN_POINT('Ctrl Pts',(4.40334453613178,-1.05,5.01834823043937));
#9321=CARTESIAN_POINT('Ctrl Pts',(4.52,-1.05,5.03642986410057));
#9322=CARTESIAN_POINT('Ctrl Pts',(1.72,-1.16666666666667,4.80928872642583));
#9323=CARTESIAN_POINT('Ctrl Pts',(1.83667775476152,-1.16666666666667,4.81804220835731));
#9324=CARTESIAN_POINT('Ctrl Pts',(1.95334442142818,-1.16666666666667,4.82638894331876));
#9325=CARTESIAN_POINT('Ctrl Pts',(2.18667775897841,-1.16666666666667,4.84227042897791));
#9326=CARTESIAN_POINT('Ctrl Pts',(2.3033659001308,-1.16666666666667,4.84805640416626));
#9327=CARTESIAN_POINT('Ctrl Pts',(2.53669926986808,-1.16666666666667,4.86581399419996));
#9328=CARTESIAN_POINT('Ctrl Pts',(2.65335374135689,-1.16666666666667,4.87756269311573));
#9329=CARTESIAN_POINT('Ctrl Pts',(2.88668708897979,-1.16666666666667,4.89765322412796));
#9330=CARTESIAN_POINT('Ctrl Pts',(3.00336158467634,-1.16666666666667,4.90568982417965));
#9331=CARTESIAN_POINT('Ctrl Pts',(3.23669494540095,-1.16666666666667,4.92872362065173));
#9332=CARTESIAN_POINT('Ctrl Pts',(3.35349960044982,-1.16666666666667,4.94085312631147));
#9333=CARTESIAN_POINT('Ctrl Pts',(3.58683388703936,-1.16666666666667,4.9726170401252));
#9334=CARTESIAN_POINT('Ctrl Pts',(3.70340197987734,-1.16666666666667,4.99359671841294));
#9335=CARTESIAN_POINT('Ctrl Pts',(3.93673547515811,-1.16666666666667,5.03150949038631));
#9336=CARTESIAN_POINT('Ctrl Pts',(4.05334453183048,-1.16666666666667,5.0511512145369));
#9337=CARTESIAN_POINT('Ctrl Pts',(4.28667786946511,-1.16666666666667,5.08975863954488));
#9338=CARTESIAN_POINT('Ctrl Pts',(4.40334453613178,-1.16666666666667,5.10906235169302));
#9339=CARTESIAN_POINT('Ctrl Pts',(4.52,-1.16666666666667,5.12836421022177));
#9340=CARTESIAN_POINT('Ctrl Pts',(1.72,-1.28333333333333,4.88078403362562));
#9341=CARTESIAN_POINT('Ctrl Pts',(1.83667775476152,-1.28333333333333,4.8889207965855));
#9342=CARTESIAN_POINT('Ctrl Pts',(1.95334442142818,-1.28333333333333,4.8970310914216));
#9343=CARTESIAN_POINT('Ctrl Pts',(2.18667775897841,-1.28333333333333,4.91320028187145));
#9344=CARTESIAN_POINT('Ctrl Pts',(2.3033659001308,-1.28333333333333,4.91968170194897));
#9345=CARTESIAN_POINT('Ctrl Pts',(2.53669926986808,-1.28333333333333,4.93890681717895));
#9346=CARTESIAN_POINT('Ctrl Pts',(2.65335374135689,-1.28333333333333,4.95134227841698));
#9347=CARTESIAN_POINT('Ctrl Pts',(2.88668708897979,-1.28333333333333,4.97425266063928));
#9348=CARTESIAN_POINT('Ctrl Pts',(3.00336158467634,-1.28333333333333,4.98520198878316));
#9349=CARTESIAN_POINT('Ctrl Pts',(3.23669494540095,-1.28333333333333,5.01085086637149));
#9350=CARTESIAN_POINT('Ctrl Pts',(3.35349960044982,-1.28333333333333,5.02325442578506));
#9351=CARTESIAN_POINT('Ctrl Pts',(3.58683388703936,-1.28333333333333,5.05628325068443));
#9352=CARTESIAN_POINT('Ctrl Pts',(3.70340197987734,-1.28333333333333,5.07733652317878));
#9353=CARTESIAN_POINT('Ctrl Pts',(3.93673547515811,-1.28333333333333,5.11699530182664));
#9354=CARTESIAN_POINT('Ctrl Pts',(4.05334453183048,-1.28333333333333,5.1382043095966));
#9355=CARTESIAN_POINT('Ctrl Pts',(4.28667786946511,-1.28333333333333,5.17925241874888));
#9356=CARTESIAN_POINT('Ctrl Pts',(4.40334453613178,-1.28333333333333,5.19977647294668));
#9357=CARTESIAN_POINT('Ctrl Pts',(4.52,-1.28333333333333,5.22029855634297));
#9358=CARTESIAN_POINT('Ctrl Pts',(1.72,-1.4,4.95227934082542));
#9359=CARTESIAN_POINT('Ctrl Pts',(1.83667775476152,-1.4,4.95979938481368));
#9360=CARTESIAN_POINT('Ctrl Pts',(1.95334442142818,-1.4,4.96767323952443));
#9361=CARTESIAN_POINT('Ctrl Pts',(2.18667775897841,-1.4,4.984130134765));
#9362=CARTESIAN_POINT('Ctrl Pts',(2.3033659001308,-1.4,4.99130699973169));
#9363=CARTESIAN_POINT('Ctrl Pts',(2.53669926986808,-1.4,5.01199964015794));
#9364=CARTESIAN_POINT('Ctrl Pts',(2.65335374135689,-1.4,5.02512186371824));
#9365=CARTESIAN_POINT('Ctrl Pts',(2.88668708897979,-1.4,5.0508520971506));
#9366=CARTESIAN_POINT('Ctrl Pts',(3.00336158467634,-1.4,5.06471415338667));
#9367=CARTESIAN_POINT('Ctrl Pts',(3.23669494540095,-1.4,5.09297811209126));
#9368=CARTESIAN_POINT('Ctrl Pts',(3.35349960044982,-1.4,5.10565572525864));
#9369=CARTESIAN_POINT('Ctrl Pts',(3.58683388703936,-1.4,5.13994946124367));
#9370=CARTESIAN_POINT('Ctrl Pts',(3.70340197987734,-1.4,5.16107632794462));
#9371=CARTESIAN_POINT('Ctrl Pts',(3.93673547515811,-1.4,5.20248111326697));
#9372=CARTESIAN_POINT('Ctrl Pts',(4.05334453183048,-1.4,5.22525740465631));
#9373=CARTESIAN_POINT('Ctrl Pts',(4.28667786946511,-1.4,5.26874619795288));
#9374=CARTESIAN_POINT('Ctrl Pts',(4.40334453613178,-1.4,5.29049059420033));
#9375=CARTESIAN_POINT('Ctrl Pts',(4.52,-1.4,5.31223290246416));
#9376=CARTESIAN_POINT('Origin',(-11.1,1.6,0.));
#9377=CARTESIAN_POINT('',(-11.1,2.,0.));
#9378=CARTESIAN_POINT('',(-11.5,1.6,0.));
#9379=CARTESIAN_POINT('Origin',(-11.1,1.6,0.));
#9380=CARTESIAN_POINT('',(-11.5,1.6,2.));
#9381=CARTESIAN_POINT('',(-11.5,1.6,0.));
#9382=CARTESIAN_POINT('',(-11.1,2.,2.));
#9383=CARTESIAN_POINT('Origin',(-11.1,1.6,2.));
#9384=CARTESIAN_POINT('',(-11.1,2.,0.));
#9385=CARTESIAN_POINT('Origin',(11.1,2.,0.));
#9386=CARTESIAN_POINT('',(11.1,2.,0.));
#9387=CARTESIAN_POINT('',(11.1,2.,0.));
#9388=CARTESIAN_POINT('',(11.1,2.,2.));
#9389=CARTESIAN_POINT('',(11.1,2.,2.));
#9390=CARTESIAN_POINT('',(11.1,2.,0.));
#9391=CARTESIAN_POINT('Origin',(11.1,1.6,0.));
#9392=CARTESIAN_POINT('',(11.5,1.6,0.));
#9393=CARTESIAN_POINT('Origin',(11.1,1.6,0.));
#9394=CARTESIAN_POINT('',(11.5,1.6,2.));
#9395=CARTESIAN_POINT('Origin',(11.1,1.6,2.));
#9396=CARTESIAN_POINT('',(11.5,1.6,0.));
#9397=CARTESIAN_POINT('Origin',(11.5,-1.6,0.));
#9398=CARTESIAN_POINT('',(11.5,-1.6,0.));
#9399=CARTESIAN_POINT('',(11.5,-1.6,0.));
#9400=CARTESIAN_POINT('',(11.5,-1.6,2.));
#9401=CARTESIAN_POINT('',(11.5,-1.6,2.));
#9402=CARTESIAN_POINT('',(11.5,-1.6,0.));
#9403=CARTESIAN_POINT('Origin',(11.1,-1.6,0.));
#9404=CARTESIAN_POINT('',(11.1,-2.,0.));
#9405=CARTESIAN_POINT('Origin',(11.1,-1.6,0.));
#9406=CARTESIAN_POINT('',(11.1,-2.,2.));
#9407=CARTESIAN_POINT('Origin',(11.1,-1.6,2.));
#9408=CARTESIAN_POINT('',(11.1,-2.,0.));
#9409=CARTESIAN_POINT('Origin',(-11.1,-2.,0.));
#9410=CARTESIAN_POINT('',(-11.1,-2.,0.));
#9411=CARTESIAN_POINT('',(-11.1,-2.,0.));
#9412=CARTESIAN_POINT('',(-11.1,-2.,2.));
#9413=CARTESIAN_POINT('',(-11.1,-2.,2.));
#9414=CARTESIAN_POINT('',(-11.1,-2.,0.));
#9415=CARTESIAN_POINT('Origin',(-11.1,-1.6,0.));
#9416=CARTESIAN_POINT('',(-11.5,-1.6,0.));
#9417=CARTESIAN_POINT('Origin',(-11.1,-1.6,0.));
#9418=CARTESIAN_POINT('',(-11.5,-1.6,2.));
#9419=CARTESIAN_POINT('Origin',(-11.1,-1.6,2.));
#9420=CARTESIAN_POINT('',(-11.5,-1.6,0.));
#9421=CARTESIAN_POINT('Origin',(-11.5,1.6,0.));
#9422=CARTESIAN_POINT('',(-11.5,1.6,0.));
#9423=CARTESIAN_POINT('',(-11.5,1.6,2.));
#9424=CARTESIAN_POINT('Origin',(0.,0.,2.));
#9425=CARTESIAN_POINT('Origin',(0.,0.,0.));
#9426=CARTESIAN_POINT('',(0.,0.,0.));
#9427=CARTESIAN_POINT('Origin',(10.42,-0.585,0.));
#9428=CARTESIAN_POINT('',(10.42,-0.585,0.));
#9429=CARTESIAN_POINT('',(9.98,-0.585,0.));
#9430=CARTESIAN_POINT('',(5.21,-0.585,0.));
#9431=CARTESIAN_POINT('',(10.42,-0.585,1.52));
#9432=CARTESIAN_POINT('',(10.42,-0.585,0.));
#9433=CARTESIAN_POINT('',(9.98,-0.585,1.52));
#9434=CARTESIAN_POINT('',(10.42,-0.585,1.52));
#9435=CARTESIAN_POINT('',(9.98,-0.585,0.));
#9436=CARTESIAN_POINT('Origin',(10.42,-1.415,0.));
#9437=CARTESIAN_POINT('',(10.42,-1.415,0.));
#9438=CARTESIAN_POINT('',(10.42,-0.7075,0.));
#9439=CARTESIAN_POINT('',(10.42,-1.415,1.52));
#9440=CARTESIAN_POINT('',(10.42,-1.415,0.));
#9441=CARTESIAN_POINT('',(10.42,-1.415,1.52));
#9442=CARTESIAN_POINT('',(10.42,-1.,1.27));
#9443=CARTESIAN_POINT('Origin',(10.42,-1.,1.));
#9444=CARTESIAN_POINT('Origin',(9.98,-1.415,0.));
#9445=CARTESIAN_POINT('',(9.98,-1.415,0.));
#9446=CARTESIAN_POINT('',(4.99,-1.415,0.));
#9447=CARTESIAN_POINT('',(9.98,-1.415,1.52));
#9448=CARTESIAN_POINT('',(9.98,-1.415,0.));
#9449=CARTESIAN_POINT('',(9.98,-1.415,1.52));
#9450=CARTESIAN_POINT('Origin',(9.98,-0.585,0.));
#9451=CARTESIAN_POINT('',(9.98,-0.2925,0.));
#9452=CARTESIAN_POINT('',(9.98,-0.585,1.52));
#9453=CARTESIAN_POINT('',(9.98,-1.,1.27));
#9454=CARTESIAN_POINT('Origin',(9.98,-1.,1.));
#9455=CARTESIAN_POINT('Origin',(10.2,-1.,1.52));
#9456=CARTESIAN_POINT('Origin',(10.42,1.415,0.));
#9457=CARTESIAN_POINT('',(10.42,1.415,0.));
#9458=CARTESIAN_POINT('',(9.98,1.415,0.));
#9459=CARTESIAN_POINT('',(5.21,1.415,0.));
#9460=CARTESIAN_POINT('',(10.42,1.415,1.52));
#9461=CARTESIAN_POINT('',(10.42,1.415,0.));
#9462=CARTESIAN_POINT('',(9.98,1.415,1.52));
#9463=CARTESIAN_POINT('',(10.42,1.415,1.52));
#9464=CARTESIAN_POINT('',(9.98,1.415,0.));
#9465=CARTESIAN_POINT('Origin',(10.42,0.585,0.));
#9466=CARTESIAN_POINT('',(10.42,0.585,0.));
#9467=CARTESIAN_POINT('',(10.42,0.2925,0.));
#9468=CARTESIAN_POINT('',(10.42,0.585,1.52));
#9469=CARTESIAN_POINT('',(10.42,0.585,0.));
#9470=CARTESIAN_POINT('',(10.42,0.585,1.52));
#9471=CARTESIAN_POINT('',(10.42,1.,1.27));
#9472=CARTESIAN_POINT('Origin',(10.42,1.,1.));
#9473=CARTESIAN_POINT('Origin',(9.98,0.585,0.));
#9474=CARTESIAN_POINT('',(9.98,0.585,0.));
#9475=CARTESIAN_POINT('',(4.99,0.585,0.));
#9476=CARTESIAN_POINT('',(9.98,0.585,1.52));
#9477=CARTESIAN_POINT('',(9.98,0.585,0.));
#9478=CARTESIAN_POINT('',(9.98,0.585,1.52));
#9479=CARTESIAN_POINT('Origin',(9.98,1.415,0.));
#9480=CARTESIAN_POINT('',(9.98,0.7075,0.));
#9481=CARTESIAN_POINT('',(9.98,1.415,1.52));
#9482=CARTESIAN_POINT('',(9.98,1.,1.27));
#9483=CARTESIAN_POINT('Origin',(9.98,1.,1.));
#9484=CARTESIAN_POINT('Origin',(10.2,1.,1.52));
#9485=CARTESIAN_POINT('Origin',(11.5,-1.,1.));
#9486=CARTESIAN_POINT('',(9.5,-1.,1.27));
#9487=CARTESIAN_POINT('Origin',(9.5,-1.,1.));
#9488=CARTESIAN_POINT('',(11.5,-1.,1.27));
#9489=CARTESIAN_POINT('Origin',(11.5,1.,1.));
#9490=CARTESIAN_POINT('',(9.5,1.,1.27));
#9491=CARTESIAN_POINT('Origin',(9.5,1.,1.));
#9492=CARTESIAN_POINT('',(11.5,1.,1.27));
#9493=CARTESIAN_POINT('Origin',(9.5,-1.,1.));
#9494=CARTESIAN_POINT('Origin',(11.5,-1.,1.));
#9495=CARTESIAN_POINT('',(11.5,-1.,1.27));
#9496=CARTESIAN_POINT('',(11.5,-1.,1.27));
#9497=CARTESIAN_POINT('Origin',(11.5,-1.,1.));
#9498=CARTESIAN_POINT('Origin',(9.5,1.,1.));
#9499=CARTESIAN_POINT('Origin',(11.5,1.,1.));
#9500=CARTESIAN_POINT('',(11.5,1.,1.27));
#9501=CARTESIAN_POINT('',(11.5,1.,1.27));
#9502=CARTESIAN_POINT('Origin',(11.5,1.,1.));
#9503=CARTESIAN_POINT('Origin',(-9.98,-0.585,0.));
#9504=CARTESIAN_POINT('',(-9.98,-0.585,0.));
#9505=CARTESIAN_POINT('',(-10.42,-0.585,0.));
#9506=CARTESIAN_POINT('',(-4.99,-0.585,0.));
#9507=CARTESIAN_POINT('',(-9.98,-0.585,1.52));
#9508=CARTESIAN_POINT('',(-9.98,-0.585,0.));
#9509=CARTESIAN_POINT('',(-10.42,-0.585,1.52));
#9510=CARTESIAN_POINT('',(-9.98,-0.585,1.52));
#9511=CARTESIAN_POINT('',(-10.42,-0.585,0.));
#9512=CARTESIAN_POINT('Origin',(-9.98,-1.415,0.));
#9513=CARTESIAN_POINT('',(-9.98,-1.415,0.));
#9514=CARTESIAN_POINT('',(-9.98,-0.7075,0.));
#9515=CARTESIAN_POINT('',(-9.98,-1.415,1.52));
#9516=CARTESIAN_POINT('',(-9.98,-1.415,0.));
#9517=CARTESIAN_POINT('',(-9.98,-1.415,1.52));
#9518=CARTESIAN_POINT('',(-9.98,-1.,1.27));
#9519=CARTESIAN_POINT('Origin',(-9.98,-1.,1.));
#9520=CARTESIAN_POINT('Origin',(-10.42,-1.415,0.));
#9521=CARTESIAN_POINT('',(-10.42,-1.415,0.));
#9522=CARTESIAN_POINT('',(-5.21,-1.415,0.));
#9523=CARTESIAN_POINT('',(-10.42,-1.415,1.52));
#9524=CARTESIAN_POINT('',(-10.42,-1.415,0.));
#9525=CARTESIAN_POINT('',(-10.42,-1.415,1.52));
#9526=CARTESIAN_POINT('Origin',(-10.42,-0.585,0.));
#9527=CARTESIAN_POINT('',(-10.42,-0.2925,0.));
#9528=CARTESIAN_POINT('',(-10.42,-0.585,1.52));
#9529=CARTESIAN_POINT('',(-10.42,-1.,1.27));
#9530=CARTESIAN_POINT('Origin',(-10.42,-1.,1.));
#9531=CARTESIAN_POINT('Origin',(-10.2,-1.,1.52));
#9532=CARTESIAN_POINT('Origin',(-9.98,1.415,0.));
#9533=CARTESIAN_POINT('',(-9.98,1.415,0.));
#9534=CARTESIAN_POINT('',(-10.42,1.415,0.));
#9535=CARTESIAN_POINT('',(-4.99,1.415,0.));
#9536=CARTESIAN_POINT('',(-9.98,1.415,1.52));
#9537=CARTESIAN_POINT('',(-9.98,1.415,0.));
#9538=CARTESIAN_POINT('',(-10.42,1.415,1.52));
#9539=CARTESIAN_POINT('',(-9.98,1.415,1.52));
#9540=CARTESIAN_POINT('',(-10.42,1.415,0.));
#9541=CARTESIAN_POINT('Origin',(-9.98,0.585,0.));
#9542=CARTESIAN_POINT('',(-9.98,0.585,0.));
#9543=CARTESIAN_POINT('',(-9.98,0.2925,0.));
#9544=CARTESIAN_POINT('',(-9.98,0.585,1.52));
#9545=CARTESIAN_POINT('',(-9.98,0.585,0.));
#9546=CARTESIAN_POINT('',(-9.98,0.585,1.52));
#9547=CARTESIAN_POINT('',(-9.98,1.,1.27));
#9548=CARTESIAN_POINT('Origin',(-9.98,1.,1.));
#9549=CARTESIAN_POINT('Origin',(-10.42,0.585,0.));
#9550=CARTESIAN_POINT('',(-10.42,0.585,0.));
#9551=CARTESIAN_POINT('',(-5.21,0.585,0.));
#9552=CARTESIAN_POINT('',(-10.42,0.585,1.52));
#9553=CARTESIAN_POINT('',(-10.42,0.585,0.));
#9554=CARTESIAN_POINT('',(-10.42,0.585,1.52));
#9555=CARTESIAN_POINT('Origin',(-10.42,1.415,0.));
#9556=CARTESIAN_POINT('',(-10.42,0.7075,0.));
#9557=CARTESIAN_POINT('',(-10.42,1.415,1.52));
#9558=CARTESIAN_POINT('',(-10.42,1.,1.27));
#9559=CARTESIAN_POINT('Origin',(-10.42,1.,1.));
#9560=CARTESIAN_POINT('Origin',(-10.2,1.,1.52));
#9561=CARTESIAN_POINT('Origin',(-11.5,-1.,1.));
#9562=CARTESIAN_POINT('',(-11.5,-1.,1.27));
#9563=CARTESIAN_POINT('Origin',(-11.5,-1.,1.));
#9564=CARTESIAN_POINT('',(-11.5,-1.,1.27));
#9565=CARTESIAN_POINT('Origin',(-11.5,1.,1.));
#9566=CARTESIAN_POINT('',(-11.5,1.,1.27));
#9567=CARTESIAN_POINT('Origin',(-11.5,1.,1.));
#9568=CARTESIAN_POINT('',(-11.5,1.,1.27));
#9569=CARTESIAN_POINT('Origin',(-11.5,-1.,1.));
#9570=CARTESIAN_POINT('',(-9.5,-1.,1.27));
#9571=CARTESIAN_POINT('',(-11.5,-1.,1.27));
#9572=CARTESIAN_POINT('Origin',(-9.5,-1.,1.));
#9573=CARTESIAN_POINT('Origin',(-9.5,-1.,1.));
#9574=CARTESIAN_POINT('Origin',(-11.5,1.,1.));
#9575=CARTESIAN_POINT('',(-9.5,1.,1.27));
#9576=CARTESIAN_POINT('',(-11.5,1.,1.27));
#9577=CARTESIAN_POINT('Origin',(-9.5,1.,1.));
#9578=CARTESIAN_POINT('Origin',(-9.5,1.,1.));
#9579=CARTESIAN_POINT('Origin',(-3.225,0.,0.));
#9580=CARTESIAN_POINT('',(-3.565,-4.163799117101E-17,2.25108596));
#9581=CARTESIAN_POINT('Origin',(-3.225,0.,2.25108596));
#9582=CARTESIAN_POINT('',(-3.565,-2.05455222281974E-10,3.48376891820055));
#9583=CARTESIAN_POINT('',(-3.565,-4.163799117101E-17,0.));
#9584=CARTESIAN_POINT('',(-2.885,0.,3.41835108500667));
#9585=CARTESIAN_POINT('Ctrl Pts',(-2.885,0.,3.41835108500667));
#9586=CARTESIAN_POINT('Ctrl Pts',(-2.885,-0.0371315841729764,3.41546777888887));
#9587=CARTESIAN_POINT('Ctrl Pts',(-2.89108243254244,-0.0740525381190177,
3.41319509052893));
#9588=CARTESIAN_POINT('Ctrl Pts',(-2.91581393962332,-0.146909120792753,
3.41009535401615));
#9589=CARTESIAN_POINT('Ctrl Pts',(-2.93508119842497,-0.182010503383458,
3.40940780351606));
#9590=CARTESIAN_POINT('Ctrl Pts',(-2.98078245955322,-0.238871294467224,
3.40985175332273));
#9591=CARTESIAN_POINT('Ctrl Pts',(-3.00524393005836,-0.261547396899232,
3.41069202362737));
#9592=CARTESIAN_POINT('Ctrl Pts',(-3.05010724286768,-0.292342619385706,
3.41298597958774));
#9593=CARTESIAN_POINT('Ctrl Pts',(-3.06870993440905,-0.302694837878773,
3.41410533582262));
#9594=CARTESIAN_POINT('Ctrl Pts',(-3.09969621057778,-0.316319759221144,
3.41621350077888));
#9595=CARTESIAN_POINT('Ctrl Pts',(-3.11151715232605,-0.320750120085605,
3.41706964947273));
#9596=CARTESIAN_POINT('Ctrl Pts',(-3.13558698609085,-0.328274740266086,
3.41891604316055));
#9597=CARTESIAN_POINT('Ctrl Pts',(-3.14781708065937,-0.331363148390975,
3.41990486920166));
#9598=CARTESIAN_POINT('Ctrl Pts',(-3.17190700420679,-0.336041241334571,
3.42195373752724));
#9599=CARTESIAN_POINT('Ctrl Pts',(-3.18373592818089,-0.337697543632324,
3.42300595412215));
#9600=CARTESIAN_POINT('Ctrl Pts',(-3.21646424697275,-0.340536025245086,
3.42605002577922));
#9601=CARTESIAN_POINT('Ctrl Pts',(-3.23741423669283,-0.340414454474288,
3.42815696657521));
#9602=CARTESIAN_POINT('Ctrl Pts',(-3.27023831061152,-0.337194105372599,
3.43161950504385));
#9603=CARTESIAN_POINT('Ctrl Pts',(-3.28220415375453,-0.335371297780367,
3.43292011487706));
#9604=CARTESIAN_POINT('Ctrl Pts',(-3.30779251086757,-0.330064446680503,
3.43578759997295));
#9605=CARTESIAN_POINT('Ctrl Pts',(-3.32134755218889,-0.326364988102926,
3.43736094304142));
#9606=CARTESIAN_POINT('Ctrl Pts',(-3.3675742967343,-0.310618226458141,3.44292512520244));
#9607=CARTESIAN_POINT('Ctrl Pts',(-3.3985912288763,-0.294408015593394,3.44701615422002));
#9608=CARTESIAN_POINT('Ctrl Pts',(-3.45571653414736,-0.252343403796724,
3.45539435892074));
#9609=CARTESIAN_POINT('Ctrl Pts',(-3.48123452584543,-0.226390543812692,
3.45963436423959));
#9610=CARTESIAN_POINT('Ctrl Pts',(-3.52821554759307,-0.160252126802603,
3.46878722525038));
#9611=CARTESIAN_POINT('Ctrl Pts',(-3.54675022687935,-0.118767046256518,
3.47353406453441));
#9612=CARTESIAN_POINT('Ctrl Pts',(-3.56220055953544,-0.0502868124509539,
3.47992112406417));
#9613=CARTESIAN_POINT('Ctrl Pts',(-3.56499999996956,-0.0251904581763356,
3.48198469612814));
#9614=CARTESIAN_POINT('Ctrl Pts',(-3.565,-4.10910576398305E-10,3.48376891820055));
#9615=CARTESIAN_POINT('',(-2.89588878229238,0.0853569351547103,3.42633487750097));
#9616=CARTESIAN_POINT('Ctrl Pts',(-2.89588878229238,0.0853569351547104,
3.42633487750097));
#9617=CARTESIAN_POINT('Ctrl Pts',(-2.89404137773108,0.0782338869376526,
3.42557782228619));
#9618=CARTESIAN_POINT('Ctrl Pts',(-2.89242577843338,0.0710652820242476,
3.42483961573138));
#9619=CARTESIAN_POINT('Ctrl Pts',(-2.89104440672389,0.0638372572960005,
3.42411921462837));
#9620=CARTESIAN_POINT('Ctrl Pts',(-2.88971314938815,0.0568714559289855,
3.4234249487429));
#9621=CARTESIAN_POINT('Ctrl Pts',(-2.88859943133481,0.0498502631384235,
3.42274720292282));
#9622=CARTESIAN_POINT('Ctrl Pts',(-2.8877056636769,0.0428080679819533,3.42208896424471));
#9623=CARTESIAN_POINT('Ctrl Pts',(-2.88652188348934,0.0334807992791505,
3.42121713821818));
#9624=CARTESIAN_POINT('Ctrl Pts',(-2.88572548930151,0.0241104890119907,
3.42037918114821));
#9625=CARTESIAN_POINT('Ctrl Pts',(-2.88531852489821,0.0147137686535211,
3.41957673910238));
#9626=CARTESIAN_POINT('Ctrl Pts',(-2.88510630630018,0.0098136869646879,
3.41915829187557));
#9627=CARTESIAN_POINT('Ctrl Pts',(-2.885,0.0049077516928384,3.41874961383464));
#9628=CARTESIAN_POINT('Ctrl Pts',(-2.885,-4.16333634234434E-17,3.41835108500667));
#9629=CARTESIAN_POINT('',(-2.93212912534893,0.172703939680353,3.43691937610837));
#9630=CARTESIAN_POINT('Ctrl Pts',(-2.93212912534893,0.172703939680353,3.43691937610837));
#9631=CARTESIAN_POINT('Ctrl Pts',(-2.93089307894934,0.17060785553296,3.4366305522029));
#9632=CARTESIAN_POINT('Ctrl Pts',(-2.92967968400417,0.168415895821806,3.43633604882933));
#9633=CARTESIAN_POINT('Ctrl Pts',(-2.92848913965942,0.166209745331828,3.43604253513917));
#9634=CARTESIAN_POINT('Ctrl Pts',(-2.92717815482536,0.163780411349628,3.43571932836565));
#9635=CARTESIAN_POINT('Ctrl Pts',(-2.92589487777941,0.161332983404587,3.43539724960659));
#9636=CARTESIAN_POINT('Ctrl Pts',(-2.9246395722209,0.158911208621481,3.43507989307503));
#9637=CARTESIAN_POINT('Ctrl Pts',(-2.92315985381263,0.15605648954298,3.43470580224228));
#9638=CARTESIAN_POINT('Ctrl Pts',(-2.92171900186616,0.153236838834204,3.43433822615613));
#9639=CARTESIAN_POINT('Ctrl Pts',(-2.92031744512323,0.150449470671421,3.43397699851739));
#9640=CARTESIAN_POINT('Ctrl Pts',(-2.91871247425105,0.147257559438509,3.43356334431371));
#9641=CARTESIAN_POINT('Ctrl Pts',(-2.9171590324167,0.144106524890796,3.43315789673875));
#9642=CARTESIAN_POINT('Ctrl Pts',(-2.91565775983428,0.140920540751629,3.43275457803684));
#9643=CARTESIAN_POINT('Ctrl Pts',(-2.91435885538436,0.138164020034338,3.43240562577941));
#9644=CARTESIAN_POINT('Ctrl Pts',(-2.91309900340855,0.135379376797857,3.43205810772193));
#9645=CARTESIAN_POINT('Ctrl Pts',(-2.91187861754592,0.132495282348144,3.43170627872844));
#9646=CARTESIAN_POINT('Ctrl Pts',(-2.90864297569885,0.124848605196126,3.43077346505923));
#9647=CARTESIAN_POINT('Ctrl Pts',(-2.90568884814441,0.117145194919045,3.4298629029784));
#9648=CARTESIAN_POINT('Ctrl Pts',(-2.90302194523891,0.109294064889167,3.42896787474651));
#9649=CARTESIAN_POINT('Ctrl Pts',(-2.90158563941164,0.105065705547973,3.42848584210018));
#9650=CARTESIAN_POINT('Ctrl Pts',(-2.9002326460268,0.100792509911439,3.42800815292164));
#9651=CARTESIAN_POINT('Ctrl Pts',(-2.89896387758177,0.096482450107199,3.42753555859589));
#9652=CARTESIAN_POINT('Ctrl Pts',(-2.89787682306193,0.0927896801542887,
3.42713064956788));
#9653=CARTESIAN_POINT('Ctrl Pts',(-2.89685159572388,0.0890692603488271,
3.4267294326214));
#9654=CARTESIAN_POINT('Ctrl Pts',(-2.89588878229238,0.0853569351547105,
3.42633487750097));
#9655=CARTESIAN_POINT('',(-2.97289014775884,0.228124138141805,3.44530644715139));
#9656=CARTESIAN_POINT('Ctrl Pts',(-2.97289014775884,0.228124138141805,3.44530644715139));
#9657=CARTESIAN_POINT('Ctrl Pts',(-2.96781561520895,0.22251605272933,3.44436896229325));
#9658=CARTESIAN_POINT('Ctrl Pts',(-2.9629299235742,0.216746721454406,3.4434362449645));
#9659=CARTESIAN_POINT('Ctrl Pts',(-2.95824126346258,0.210811531097304,3.44250812874306));
#9660=CARTESIAN_POINT('Ctrl Pts',(-2.95568422511166,0.207574676857119,3.44200196520895));
#9661=CARTESIAN_POINT('Ctrl Pts',(-2.95318578167875,0.204289139223106,3.44149722771826));
#9662=CARTESIAN_POINT('Ctrl Pts',(-2.95074721508674,0.200961215082219,3.44099450546207));
#9663=CARTESIAN_POINT('Ctrl Pts',(-2.94624302180913,0.194814319773754,3.44006594430886));
#9664=CARTESIAN_POINT('Ctrl Pts',(-2.94194676671243,0.18852291868424,3.43914460020811));
#9665=CARTESIAN_POINT('Ctrl Pts',(-2.93786579794643,0.182085221093027,3.43823107139033));
#9666=CARTESIAN_POINT('Ctrl Pts',(-2.93590353875748,0.178989771953755,3.43779181776701));
#9667=CARTESIAN_POINT('Ctrl Pts',(-2.93399104925272,0.175861385209669,3.43735444726247));
#9668=CARTESIAN_POINT('Ctrl Pts',(-2.93212912534893,0.172703939680353,3.43691937610837));
#9669=CARTESIAN_POINT('',(-3.40095629615992,0.290928482348638,3.49189394259466));
#9670=CARTESIAN_POINT('Ctrl Pts',(-3.40095629615992,0.290928482348638,3.49189394259467));
#9671=CARTESIAN_POINT('Ctrl Pts',(-3.37775350242467,0.304961751326837,3.49089977583796));
#9672=CARTESIAN_POINT('Ctrl Pts',(-3.34619040374175,0.320254501086105,3.48904153036481));
#9673=CARTESIAN_POINT('Ctrl Pts',(-3.29040569485917,0.334074881216975,3.48470284955831));
#9674=CARTESIAN_POINT('Ctrl Pts',(-3.27378125894816,0.336902976734791,3.48329917504629));
#9675=CARTESIAN_POINT('Ctrl Pts',(-3.24842934698672,0.33930169847043,3.48098984728818));
#9676=CARTESIAN_POINT('Ctrl Pts',(-3.239806958878,0.339787036698883,3.48017522444211));
#9677=CARTESIAN_POINT('Ctrl Pts',(-3.22828729133073,0.339996404511092,3.47904706782582));
#9678=CARTESIAN_POINT('Ctrl Pts',(-3.22539683913089,0.340012049235981,3.47876037005929));
#9679=CARTESIAN_POINT('Ctrl Pts',(-3.22016100677225,0.339973658598,3.47823632688391));
#9680=CARTESIAN_POINT('Ctrl Pts',(-3.21781532683603,0.339932174636216,3.47799989500469));
#9681=CARTESIAN_POINT('Ctrl Pts',(-3.21388271735962,0.339821907516699,3.47760071724572));
#9682=CARTESIAN_POINT('Ctrl Pts',(-3.21229541284347,0.339766266427586,3.47743883512825));
#9683=CARTESIAN_POINT('Ctrl Pts',(-3.20917456684091,0.339634970489981,3.4771190473822));
#9684=CARTESIAN_POINT('Ctrl Pts',(-3.20764102620795,0.339560043479236,3.47696119191054));
#9685=CARTESIAN_POINT('Ctrl Pts',(-3.20395183787203,0.339354738872072,3.47657971449772));
#9686=CARTESIAN_POINT('Ctrl Pts',(-3.20179688634798,0.339214207099669,3.47635546089647));
#9687=CARTESIAN_POINT('Ctrl Pts',(-3.19480896324726,0.338691607921039,3.47562362541185));
#9688=CARTESIAN_POINT('Ctrl Pts',(-3.1899833067669,0.338226732500881,3.47511102616282));
#9689=CARTESIAN_POINT('Ctrl Pts',(-3.14347295012507,0.3327403897185,3.47009982996325));
#9690=CARTESIAN_POINT('Ctrl Pts',(-3.10308333905273,0.320145658859771,3.46519739100614));
#9691=CARTESIAN_POINT('Ctrl Pts',(-3.03546762573154,0.284381734601945,3.45583179933097));
#9692=CARTESIAN_POINT('Ctrl Pts',(-3.00755223092778,0.263649918111917,3.45149302535215));
#9693=CARTESIAN_POINT('Ctrl Pts',(-2.9797143738989,0.235499898012386,3.44655532678609));
#9694=CARTESIAN_POINT('Ctrl Pts',(-2.97626122834278,0.231849665106347,3.44592991673954));
#9695=CARTESIAN_POINT('Ctrl Pts',(-2.97289014775884,0.228124138141805,3.44530644715139));
#9696=CARTESIAN_POINT('',(-3.51461130053119,0.17811595830984,3.49362430349758));
#9697=CARTESIAN_POINT('Ctrl Pts',(-3.51461130053119,0.17811595830984,3.49362430349757));
#9698=CARTESIAN_POINT('Ctrl Pts',(-3.50312885671281,0.196786073660944,3.49402532303141));
#9699=CARTESIAN_POINT('Ctrl Pts',(-3.48986974591035,0.214299914232108,3.49416393733361));
#9700=CARTESIAN_POINT('Ctrl Pts',(-3.45799539051872,0.248885272550124,3.49390819293177));
#9701=CARTESIAN_POINT('Ctrl Pts',(-3.43898407031773,0.265407065831008,3.49343662053891));
#9702=CARTESIAN_POINT('Ctrl Pts',(-3.41265735483211,0.283606009331968,3.49241169122611));
#9703=CARTESIAN_POINT('Ctrl Pts',(-3.40686143958872,0.287356995783844,3.49216554902936));
#9704=CARTESIAN_POINT('Ctrl Pts',(-3.40095629615992,0.290928482348638,3.49189394259466));
#9705=CARTESIAN_POINT('',(-3.55294857107643,0.0897203139145698,3.49011245396382));
#9706=CARTESIAN_POINT('Ctrl Pts',(-3.55294857107643,0.0897203139145698,
3.49011245396382));
#9707=CARTESIAN_POINT('Ctrl Pts',(-3.54618762389736,0.114433145042315,3.49150744758648));
#9708=CARTESIAN_POINT('Ctrl Pts',(-3.53665157563145,0.138315681000027,3.49253126932337));
#9709=CARTESIAN_POINT('Ctrl Pts',(-3.52138025370321,0.166740928956106,3.49335812519025));
#9710=CARTESIAN_POINT('Ctrl Pts',(-3.51807860792436,0.172478218642903,3.49350320924129));
#9711=CARTESIAN_POINT('Ctrl Pts',(-3.51461130053119,0.17811595830984,3.49362430349758));
#9712=CARTESIAN_POINT('',(-3.56497233345508,0.00433733617671408,3.48407330564771));
#9713=CARTESIAN_POINT('Ctrl Pts',(-3.56497233345508,0.00433733617671377,
3.48407330564771));
#9714=CARTESIAN_POINT('Ctrl Pts',(-3.56478082998098,0.019347904945207,3.48534548831587));
#9715=CARTESIAN_POINT('Ctrl Pts',(-3.56359482917074,0.0343346822735099,
3.48650752536162));
#9716=CARTESIAN_POINT('Ctrl Pts',(-3.56142340067532,0.0491872572274357,
3.48754935273635));
#9717=CARTESIAN_POINT('Ctrl Pts',(-3.56037172895888,0.056380693727028,3.48805393319374));
#9718=CARTESIAN_POINT('Ctrl Pts',(-3.55908880707777,0.0635429564988098,
3.48853037659384));
#9719=CARTESIAN_POINT('Ctrl Pts',(-3.55757513922535,0.0706666595307792,
3.48897815196599));
#9720=CARTESIAN_POINT('Ctrl Pts',(-3.55621672595508,0.0770596953058777,
3.48937999970733));
#9721=CARTESIAN_POINT('Ctrl Pts',(-3.5546739754861,0.0834135603378921,3.48975822691428));
#9722=CARTESIAN_POINT('Ctrl Pts',(-3.55294857107643,0.0897203139145699,
3.49011245396382));
#9723=CARTESIAN_POINT('Ctrl Pts',(-3.565,-4.10914826470821E-10,3.48376891820055));
#9724=CARTESIAN_POINT('Ctrl Pts',(-3.56500001207487,0.00144566183309478,
3.48387131465236));
#9725=CARTESIAN_POINT('Ctrl Pts',(-3.56499077932658,0.00289149805775861,
3.48397278078467));
#9726=CARTESIAN_POINT('Ctrl Pts',(-3.56497233345508,0.00433733617671377,
3.48407330564771));
#9727=CARTESIAN_POINT('Ctrl Pts',(-4.625,0.,3.62456461601385));
#9728=CARTESIAN_POINT('Ctrl Pts',(-4.51302422669514,-0.177219794535775,
3.59358257678819));
#9729=CARTESIAN_POINT('Ctrl Pts',(-4.39635756002848,-0.293907202957828,
3.56737972907775));
#9730=CARTESIAN_POINT('Ctrl Pts',(-4.16237353283762,-0.40217716375477,3.52607374572959));
#9731=CARTESIAN_POINT('Ctrl Pts',(-4.03681603232928,-0.400836761904459,
3.50891329943797));
#9732=CARTESIAN_POINT('Ctrl Pts',(-3.80251266649415,-0.294311568922317,
3.48742363760737));
#9733=CARTESIAN_POINT('Ctrl Pts',(-3.69668623628833,-0.0560153846152632,
3.49333660931501));
#9734=CARTESIAN_POINT('Ctrl Pts',(-3.46261488467304,0.0517338332755534,
3.4769026865554));
#9735=CARTESIAN_POINT('Ctrl Pts',(-3.34253195722868,-6.13664319071557E-18,
3.4624050206276));
#9736=CARTESIAN_POINT('Ctrl Pts',(-3.10917369156742,-2.3090324582575E-18,
3.43993117067261));
#9737=CARTESIAN_POINT('Ctrl Pts',(-2.98838000918899,-2.45312964433797E-18,
3.42840930492717));
#9738=CARTESIAN_POINT('Ctrl Pts',(-2.75462886232064,-1.52396769725937E-18,
3.40566812241572));
#9739=CARTESIAN_POINT('Ctrl Pts',(-2.641912450732,-1.13058131508805E-18,
3.39326785507123));
#9740=CARTESIAN_POINT('Ctrl Pts',(-2.40857706350418,-7.18786717173108E-19,
3.37265673923468));
#9741=CARTESIAN_POINT('Ctrl Pts',(-2.29529387408979,-4.51653659486125E-19,
3.3636063163762));
#9742=CARTESIAN_POINT('Ctrl Pts',(-2.06155904198652,-2.35749408327438E-19,
3.34788765743404));
#9743=CARTESIAN_POINT('Ctrl Pts',(-1.94489237531985,0.,3.34119396749572));
#9744=CARTESIAN_POINT('Ctrl Pts',(-1.825,0.,3.33543548791196));
#9745=CARTESIAN_POINT('Ctrl Pts',(-4.625,-0.116666666666667,3.61493690772535));
#9746=CARTESIAN_POINT('Ctrl Pts',(-4.51302422669514,-0.293872097380809,
3.58345934860799));
#9747=CARTESIAN_POINT('Ctrl Pts',(-4.39635756002848,-0.410552591884399,
3.55698866851701));
#9748=CARTESIAN_POINT('Ctrl Pts',(-4.16237353283762,-0.518823586089236,
3.51560528366042));
#9749=CARTESIAN_POINT('Ctrl Pts',(-4.03681603232928,-0.51749226416849,3.49863358217549));
#9750=CARTESIAN_POINT('Ctrl Pts',(-3.80251266649415,-0.410990465480177,
3.47782505012121));
#9751=CARTESIAN_POINT('Ctrl Pts',(-3.69668623628833,-0.172735476733364,
3.48478109165378));
#9752=CARTESIAN_POINT('Ctrl Pts',(-3.46261488467304,-0.0649834999065549,
3.46886156048801));
#9753=CARTESIAN_POINT('Ctrl Pts',(-3.34253195722868,-0.11667526852628,3.45426036059427));
#9754=CARTESIAN_POINT('Ctrl Pts',(-3.10917369156742,-0.116658189639072,
3.43150903876435));
#9755=CARTESIAN_POINT('Ctrl Pts',(-2.98838000918899,-0.0988993274102716,
3.42125094192285));
#9756=CARTESIAN_POINT('Ctrl Pts',(-2.75462886232064,-0.135529558415622,
3.39448958654428));
#9757=CARTESIAN_POINT('Ctrl Pts',(-2.641912450732,-0.233497005488168,3.37233429975381));
#9758=CARTESIAN_POINT('Ctrl Pts',(-2.40857706350418,-0.233170346476338,
3.35162280033825));
#9759=CARTESIAN_POINT('Ctrl Pts',(-2.29529387408979,-0.135540047750166,
3.35224221936678));
#9760=CARTESIAN_POINT('Ctrl Pts',(-2.06155904198652,-0.0988666229477642,
3.34013106818262));
#9761=CARTESIAN_POINT('Ctrl Pts',(-1.94489237531985,-0.0988669392418698,
3.33343735246849));
#9762=CARTESIAN_POINT('Ctrl Pts',(-1.825,-0.116666666666667,3.32592795205777));
#9763=CARTESIAN_POINT('Ctrl Pts',(-4.625,-0.233333333333333,3.60530919943685));
#9764=CARTESIAN_POINT('Ctrl Pts',(-4.51302422669514,-0.410524400225843,
3.57333612042778));
#9765=CARTESIAN_POINT('Ctrl Pts',(-4.39635756002848,-0.527197980810971,
3.54659760795627));
#9766=CARTESIAN_POINT('Ctrl Pts',(-4.16237353283762,-0.635470008423702,
3.50513682159124));
#9767=CARTESIAN_POINT('Ctrl Pts',(-4.03681603232928,-0.63414776643252,3.48835386491301));
#9768=CARTESIAN_POINT('Ctrl Pts',(-3.80251266649415,-0.527669362038037,
3.46822646263505));
#9769=CARTESIAN_POINT('Ctrl Pts',(-3.69668623628833,-0.289455568851464,
3.47622557399255));
#9770=CARTESIAN_POINT('Ctrl Pts',(-3.46261488467304,-0.181700833088663,
3.46082043442063));
#9771=CARTESIAN_POINT('Ctrl Pts',(-3.34253195722868,-0.23335053705256,3.44611570056095));
#9772=CARTESIAN_POINT('Ctrl Pts',(-3.10917369156742,-0.233316379278145,
3.4230869068561));
#9773=CARTESIAN_POINT('Ctrl Pts',(-2.98838000918899,-0.197798654820543,
3.41409257891853));
#9774=CARTESIAN_POINT('Ctrl Pts',(-2.75462886232064,-0.271059116831244,
3.38331105067283));
#9775=CARTESIAN_POINT('Ctrl Pts',(-2.641912450732,-0.466994010976336,3.3514007444364));
#9776=CARTESIAN_POINT('Ctrl Pts',(-2.40857706350418,-0.466340692952676,
3.33058886144182));
#9777=CARTESIAN_POINT('Ctrl Pts',(-2.29529387408979,-0.271080095500332,
3.34087812235736));
#9778=CARTESIAN_POINT('Ctrl Pts',(-2.06155904198652,-0.197733245895529,
3.3323744789312));
#9779=CARTESIAN_POINT('Ctrl Pts',(-1.94489237531985,-0.197733878483739,
3.32568073744127));
#9780=CARTESIAN_POINT('Ctrl Pts',(-1.825,-0.233333333333333,3.31642041620358));
#9781=CARTESIAN_POINT('Ctrl Pts',(-4.625,-0.35,3.59568149114835));
#9782=CARTESIAN_POINT('Ctrl Pts',(-4.51302422669514,-0.527176703070876,
3.56321289224758));
#9783=CARTESIAN_POINT('Ctrl Pts',(-4.39635756002848,-0.643843369737543,
3.53620654739553));
#9784=CARTESIAN_POINT('Ctrl Pts',(-4.16237353283762,-0.752116430758168,
3.49466835952207));
#9785=CARTESIAN_POINT('Ctrl Pts',(-4.03681603232928,-0.750803268696551,
3.47807414765052));
#9786=CARTESIAN_POINT('Ctrl Pts',(-3.80251266649415,-0.644348258595897,
3.4586278751489));
#9787=CARTESIAN_POINT('Ctrl Pts',(-3.69668623628833,-0.406175660969564,
3.46767005633132));
#9788=CARTESIAN_POINT('Ctrl Pts',(-3.46261488467304,-0.298418166270771,
3.45277930835324));
#9789=CARTESIAN_POINT('Ctrl Pts',(-3.34253195722868,-0.350025805578839,
3.43797104052763));
#9790=CARTESIAN_POINT('Ctrl Pts',(-3.10917369156742,-0.349974568917217,
3.41466477494784));
#9791=CARTESIAN_POINT('Ctrl Pts',(-2.98838000918899,-0.296697982230814,
3.40693421591421));
#9792=CARTESIAN_POINT('Ctrl Pts',(-2.75462886232064,-0.406588675246866,
3.37213251480139));
#9793=CARTESIAN_POINT('Ctrl Pts',(-2.641912450732,-0.700491016464503,3.33046718911898));
#9794=CARTESIAN_POINT('Ctrl Pts',(-2.40857706350418,-0.699511039429014,
3.3095549225454));
#9795=CARTESIAN_POINT('Ctrl Pts',(-2.29529387408979,-0.406620143250497,
3.32951402534794));
#9796=CARTESIAN_POINT('Ctrl Pts',(-2.06155904198652,-0.296599868843293,
3.32461788967978));
#9797=CARTESIAN_POINT('Ctrl Pts',(-1.94489237531985,-0.296600817725609,
3.31792412241404));
#9798=CARTESIAN_POINT('Ctrl Pts',(-1.825,-0.35,3.30691288034939));
#9799=CARTESIAN_POINT('',(-4.275,-0.350062225266159,3.54595607288253));
#9800=CARTESIAN_POINT('Ctrl Pts',(-4.275,-0.350062225266159,3.54595607288253));
#9801=CARTESIAN_POINT('Ctrl Pts',(-4.16237353283762,-0.40217716375477,3.52607374572959));
#9802=CARTESIAN_POINT('Ctrl Pts',(-4.03681603232928,-0.400836761904459,
3.50891329943797));
#9803=CARTESIAN_POINT('Ctrl Pts',(-3.80251266649415,-0.294311568922318,
3.48742363760737));
#9804=CARTESIAN_POINT('Ctrl Pts',(-3.69668623628833,-0.0560153846152632,
3.49333660931502));
#9805=CARTESIAN_POINT('Ctrl Pts',(-3.57166413727354,0.00153558561219174,
3.48455892890143));
#9806=CARTESIAN_POINT('Ctrl Pts',(-3.56832149241791,0.00298001141568303,
3.48431889994881));
#9807=CARTESIAN_POINT('Ctrl Pts',(-3.56497233345508,0.00433733617671408,
3.48407330564771));
#9808=CARTESIAN_POINT('',(-4.625,0.,3.62456461601385));
#9809=CARTESIAN_POINT('Ctrl Pts',(-4.625,0.,3.62456461601385));
#9810=CARTESIAN_POINT('Ctrl Pts',(-4.51302422669514,-0.177219794535775,
3.59358257678819));
#9811=CARTESIAN_POINT('Ctrl Pts',(-4.39635756002848,-0.293907202957828,
3.56737972907775));
#9812=CARTESIAN_POINT('Ctrl Pts',(-4.275,-0.350062225266159,3.54595607288253));
#9813=CARTESIAN_POINT('',(-4.625,-0.35,3.59568149114835));
#9814=CARTESIAN_POINT('',(-4.625,0.,3.62456461601385));
#9815=CARTESIAN_POINT('',(-1.825,-0.35,3.30691288034939));
#9816=CARTESIAN_POINT('Ctrl Pts',(-4.625,-0.35,3.59568149114835));
#9817=CARTESIAN_POINT('Ctrl Pts',(-4.51302422669514,-0.527176703070877,
3.56321289224758));
#9818=CARTESIAN_POINT('Ctrl Pts',(-4.39635756002848,-0.643843369737543,
3.53620654739553));
#9819=CARTESIAN_POINT('Ctrl Pts',(-4.16237353283762,-0.752116430758168,
3.49466835952207));
#9820=CARTESIAN_POINT('Ctrl Pts',(-4.03681603232928,-0.750803268696552,
3.47807414765052));
#9821=CARTESIAN_POINT('Ctrl Pts',(-3.80251266649415,-0.644348258595897,
3.4586278751489));
#9822=CARTESIAN_POINT('Ctrl Pts',(-3.69668623628833,-0.406175660969565,
3.46767005633132));
#9823=CARTESIAN_POINT('Ctrl Pts',(-3.46261488467304,-0.298418166270771,
3.45277930835325));
#9824=CARTESIAN_POINT('Ctrl Pts',(-3.34253195722868,-0.350025805578839,
3.43797104052763));
#9825=CARTESIAN_POINT('Ctrl Pts',(-3.10917369156742,-0.349974568917217,
3.41466477494784));
#9826=CARTESIAN_POINT('Ctrl Pts',(-2.98838000918899,-0.296697982230814,
3.40693421591421));
#9827=CARTESIAN_POINT('Ctrl Pts',(-2.75462886232064,-0.406588675246866,
3.37213251480139));
#9828=CARTESIAN_POINT('Ctrl Pts',(-2.641912450732,-0.700491016464503,3.33046718911898));
#9829=CARTESIAN_POINT('Ctrl Pts',(-2.40857706350418,-0.699511039429014,
3.3095549225454));
#9830=CARTESIAN_POINT('Ctrl Pts',(-2.29529387408979,-0.406620143250497,
3.32951402534794));
#9831=CARTESIAN_POINT('Ctrl Pts',(-2.06155904198652,-0.296599868843293,
3.32461788967978));
#9832=CARTESIAN_POINT('Ctrl Pts',(-1.94489237531985,-0.296600817725609,
3.31792412241404));
#9833=CARTESIAN_POINT('Ctrl Pts',(-1.825,-0.35,3.30691288034939));
#9834=CARTESIAN_POINT('',(-1.825,0.,3.33543548791196));
#9835=CARTESIAN_POINT('',(-1.825,0.,3.33543548791196));
#9836=CARTESIAN_POINT('Ctrl Pts',(-2.885,0.,3.41835108500667));
#9837=CARTESIAN_POINT('Ctrl Pts',(-2.88166049141681,0.,3.41802657808252));
#9838=CARTESIAN_POINT('Ctrl Pts',(-2.87832705380225,0.,3.41770247256333));
#9839=CARTESIAN_POINT('Ctrl Pts',(-2.75462886232064,0.,3.40566812241572));
#9840=CARTESIAN_POINT('Ctrl Pts',(-2.641912450732,0.,3.39326785507123));
#9841=CARTESIAN_POINT('Ctrl Pts',(-2.40857706350418,0.,3.37265673923468));
#9842=CARTESIAN_POINT('Ctrl Pts',(-2.29529387408979,0.,3.3636063163762));
#9843=CARTESIAN_POINT('Ctrl Pts',(-2.06155904198652,0.,3.34788765743403));
#9844=CARTESIAN_POINT('Ctrl Pts',(-1.94489237531985,0.,3.34119396749572));
#9845=CARTESIAN_POINT('Ctrl Pts',(-1.825,0.,3.33543548791196));
#9846=CARTESIAN_POINT('Ctrl Pts',(-4.625,0.175010056953476,3.63998561832685));
#9847=CARTESIAN_POINT('Ctrl Pts',(-4.51302422669514,0.086416614395581,3.61704527068268));
#9848=CARTESIAN_POINT('Ctrl Pts',(-4.39635756002848,0.0280799287444224,
3.59613700401203));
#9849=CARTESIAN_POINT('Ctrl Pts',(-4.16237353283762,-0.0260597129005685,
3.55974268340788));
#9850=CARTESIAN_POINT('Ctrl Pts',(-4.03681603232928,-0.0127081690872868,
3.54366090538758));
#9851=CARTESIAN_POINT('Ctrl Pts',(-3.80251266649415,0.0139209889030882,
3.51494528867218));
#9852=CARTESIAN_POINT('Ctrl Pts',(-3.69668623628834,0.073505925674768,3.50477897391076));
#9853=CARTESIAN_POINT('Ctrl Pts',(-3.56768122592802,0.0883540019150852,
3.49160487721441));
#9854=CARTESIAN_POINT('Ctrl Pts',(-3.56032980612506,0.0890866562326843,
3.49085829762139));
#9855=CARTESIAN_POINT('Ctrl Pts',(-3.55294857107643,0.0897203139145699,
3.49011245396382));
#9856=CARTESIAN_POINT('Ctrl Pts',(-4.625,0.116673371302317,3.63484528422251));
#9857=CARTESIAN_POINT('Ctrl Pts',(-4.51302422669514,-0.0014621885815374,
3.60922437271785));
#9858=CARTESIAN_POINT('Ctrl Pts',(-4.39635756002848,-0.0792491151563277,
3.5865512457006));
#9859=CARTESIAN_POINT('Ctrl Pts',(-4.16237353283762,-0.151432196518636,
3.54851970418178));
#9860=CARTESIAN_POINT('Ctrl Pts',(-4.03681603232928,-0.142084853542995,
3.53207832801759));
#9861=CARTESIAN_POINT('Ctrl Pts',(-3.80251266649415,-0.0888226637255997,
3.50577145105079));
#9862=CARTESIAN_POINT('Ctrl Pts',(-3.69668623628834,0.0303349715902583,
3.50096509883168));
#9863=CARTESIAN_POINT('Ctrl Pts',(-3.56768122592802,0.0600290610429621,
3.48916330784667));
#9864=CARTESIAN_POINT('Ctrl Pts',(-3.56032980612506,0.0614942678813823,
3.48848496876569));
#9865=CARTESIAN_POINT('Ctrl Pts',(-3.55294857107643,0.0627614952032094,
3.4877986806222));
#9866=CARTESIAN_POINT('Ctrl Pts',(-4.625,0.0583366856511586,3.62970495011818));
#9867=CARTESIAN_POINT('Ctrl Pts',(-4.51302422669514,-0.0893409915586563,
3.60140347475302));
#9868=CARTESIAN_POINT('Ctrl Pts',(-4.39635756002848,-0.186578159057078,
3.57696548738918));
#9869=CARTESIAN_POINT('Ctrl Pts',(-4.16237353283762,-0.276804680136703,
3.53729672495569));
#9870=CARTESIAN_POINT('Ctrl Pts',(-4.03681603232928,-0.271460564298735,
3.52049583475451));
#9871=CARTESIAN_POINT('Ctrl Pts',(-3.80251266649415,-0.191567382980516,
3.49659752129564));
#9872=CARTESIAN_POINT('Ctrl Pts',(-3.69668623628834,-0.0128416145185862,
3.49715073084693));
#9873=CARTESIAN_POINT('Ctrl Pts',(-3.56768122592802,0.0316973504868402,
3.48672115410859));
#9874=CARTESIAN_POINT('Ctrl Pts',(-3.56032980612506,0.0338950537101046,
3.48611105114746));
#9875=CARTESIAN_POINT('Ctrl Pts',(-3.55294857107643,0.0357958021210191,
3.48548431484249));
#9876=CARTESIAN_POINT('Ctrl Pts',(-4.625,0.,3.62456461601385));
#9877=CARTESIAN_POINT('Ctrl Pts',(-4.51302422669514,-0.177219794535775,
3.59358257678819));
#9878=CARTESIAN_POINT('Ctrl Pts',(-4.39635756002848,-0.293907202957828,
3.56737972907775));
#9879=CARTESIAN_POINT('Ctrl Pts',(-4.16237353283762,-0.40217716375477,3.52607374572959));
#9880=CARTESIAN_POINT('Ctrl Pts',(-4.03681603232928,-0.400836761904459,
3.50891329943798));
#9881=CARTESIAN_POINT('Ctrl Pts',(-3.80251266649415,-0.294311568922317,
3.48742363760737));
#9882=CARTESIAN_POINT('Ctrl Pts',(-3.69668623628834,-0.0560153846152632,
3.49333660931502));
#9883=CARTESIAN_POINT('Ctrl Pts',(-3.56768122592802,0.00336902477271773,
3.48427929255568));
#9884=CARTESIAN_POINT('Ctrl Pts',(-3.56032980612506,0.00629925244881477,
3.4837374279105));
#9885=CARTESIAN_POINT('Ctrl Pts',(-3.55294857107643,0.0088335462242437,
3.48317024528182));
#9886=CARTESIAN_POINT('',(-4.625,0.175010056953476,3.63998561832685));
#9887=CARTESIAN_POINT('Ctrl Pts',(-4.625,0.175010056953476,3.63998561832685));
#9888=CARTESIAN_POINT('Ctrl Pts',(-4.51302422669514,0.086416614395581,3.61704527068268));
#9889=CARTESIAN_POINT('Ctrl Pts',(-4.39635756002848,0.0280799287444224,
3.59613700401203));
#9890=CARTESIAN_POINT('Ctrl Pts',(-4.16237353283762,-0.0260597129005685,
3.55974268340788));
#9891=CARTESIAN_POINT('Ctrl Pts',(-4.03681603232928,-0.0127081690872868,
3.54366090538758));
#9892=CARTESIAN_POINT('Ctrl Pts',(-3.80251266649415,0.0139209889030881,
3.51494528867218));
#9893=CARTESIAN_POINT('Ctrl Pts',(-3.69668623628833,0.0735059256747679,
3.50477897391075));
#9894=CARTESIAN_POINT('Ctrl Pts',(-3.56768122592802,0.0883540019150852,
3.49160487721441));
#9895=CARTESIAN_POINT('Ctrl Pts',(-3.56032980612506,0.0890866562326843,
3.49085829762139));
#9896=CARTESIAN_POINT('Ctrl Pts',(-3.55294857107643,0.0897203139145698,
3.49011245396382));
#9897=CARTESIAN_POINT('',(-4.625,0.35,3.65540484830394));
#9898=CARTESIAN_POINT('Ctrl Pts',(-4.625,0.262510056664497,3.6476956763739));
#9899=CARTESIAN_POINT('Ctrl Pts',(-4.51302422669514,0.188685020855844,3.62605676492176));
#9900=CARTESIAN_POINT('Ctrl Pts',(-4.39635756002848,0.140072981603159,3.60600550873093));
#9901=CARTESIAN_POINT('Ctrl Pts',(-4.16237353283762,0.0949583448116467,
3.57040667417195));
#9902=CARTESIAN_POINT('Ctrl Pts',(-4.03681603232928,0.108202090229733,3.55433775464159));
#9903=CARTESIAN_POINT('Ctrl Pts',(-3.80251266649414,0.125954308927254,3.52479362652767));
#9904=CARTESIAN_POINT('Ctrl Pts',(-3.69668623628833,0.165676362062811,3.51285684007433));
#9905=CARTESIAN_POINT('Ctrl Pts',(-3.55509297231427,0.176540653551229,3.4977926233484));
#9906=CARTESIAN_POINT('Ctrl Pts',(-3.53494441936944,0.177526978247143,3.49569919465734));
#9907=CARTESIAN_POINT('Ctrl Pts',(-3.51461130053119,0.17811595830984,3.49362430349758));
#9908=CARTESIAN_POINT('Ctrl Pts',(-4.625,0.233346742219329,3.64512595239722));
#9909=CARTESIAN_POINT('Ctrl Pts',(-4.51302422669514,0.154597207250968,3.62305307935794));
#9910=CARTESIAN_POINT('Ctrl Pts',(-4.39635756002848,0.102742501823734,3.60271605454972));
#9911=CARTESIAN_POINT('Ctrl Pts',(-4.16237353283762,0.054618493095767,3.56685196660178));
#9912=CARTESIAN_POINT('Ctrl Pts',(-4.03681603232928,0.0678986704573932,
3.55077880489026));
#9913=CARTESIAN_POINT('Ctrl Pts',(-3.80251266649414,0.0886098689191988,
3.52151084724251));
#9914=CARTESIAN_POINT('Ctrl Pts',(-3.69668623628833,0.133128546375555,3.51001594201129));
#9915=CARTESIAN_POINT('Ctrl Pts',(-3.55509297231427,0.147926508224295,3.49532579066494));
#9916=CARTESIAN_POINT('Ctrl Pts',(-3.53494441936944,0.149524549198319,3.49329090915968));
#9917=CARTESIAN_POINT('Ctrl Pts',(-3.51461130053119,0.150754718663513,3.49127762503521));
#9918=CARTESIAN_POINT('Ctrl Pts',(-4.625,0.204176723523816,3.64255563767587));
#9919=CARTESIAN_POINT('Ctrl Pts',(-4.51302422669514,0.120506083215669,3.62004910209571));
#9920=CARTESIAN_POINT('Ctrl Pts',(-4.39635756002848,0.0654109463640011,
3.599426505585));
#9921=CARTESIAN_POINT('Ctrl Pts',(-4.16237353283762,0.01427963967017,3.5632973469959));
#9922=CARTESIAN_POINT('Ctrl Pts',(-4.03681603232928,0.0275952506850533,
3.54721985513892));
#9923=CARTESIAN_POINT('Ctrl Pts',(-3.80251266649414,0.0512654289111434,
3.51822806795734));
#9924=CARTESIAN_POINT('Ctrl Pts',(-3.69668623628833,0.104229404470782,3.50747159596528));
#9925=CARTESIAN_POINT('Ctrl Pts',(-3.55509297231427,0.118715465070462,3.49281044411999));
#9926=CARTESIAN_POINT('Ctrl Pts',(-3.53494441936944,0.120030595406499,3.49076139564929));
#9927=CARTESIAN_POINT('Ctrl Pts',(-3.51461130053119,0.120815920513923,3.48872144662657));
#9928=CARTESIAN_POINT('Ctrl Pts',(-4.625,0.175010056953476,3.63998561832685));
#9929=CARTESIAN_POINT('Ctrl Pts',(-4.51302422669514,0.0864166143955811,
3.61704527068268));
#9930=CARTESIAN_POINT('Ctrl Pts',(-4.39635756002848,0.0280799287444225,
3.59613700401203));
#9931=CARTESIAN_POINT('Ctrl Pts',(-4.16237353283762,-0.0260597129005684,
3.55974268340788));
#9932=CARTESIAN_POINT('Ctrl Pts',(-4.03681603232928,-0.0127081690872868,
3.54366090538758));
#9933=CARTESIAN_POINT('Ctrl Pts',(-3.80251266649414,0.0139209889030881,
3.51494528867218));
#9934=CARTESIAN_POINT('Ctrl Pts',(-3.69668623628833,0.0735059256747678,
3.50477897391075));
#9935=CARTESIAN_POINT('Ctrl Pts',(-3.55509297231427,0.089802870830078,3.49031935450578));
#9936=CARTESIAN_POINT('Ctrl Pts',(-3.53494441936944,0.0912824039861772,
3.48829249614527));
#9937=CARTESIAN_POINT('Ctrl Pts',(-3.51461130053119,0.0921659016159651,
3.48627001819107));
#9938=CARTESIAN_POINT('',(-4.625,0.262510056664497,3.6476956763739));
#9939=CARTESIAN_POINT('Ctrl Pts',(-4.625,0.262510056664497,3.6476956763739));
#9940=CARTESIAN_POINT('Ctrl Pts',(-4.51302422669514,0.188685020855844,3.62605676492176));
#9941=CARTESIAN_POINT('Ctrl Pts',(-4.39635756002848,0.140072981603159,3.60600550873093));
#9942=CARTESIAN_POINT('Ctrl Pts',(-4.16237353283762,0.0949583448116467,
3.57040667417195));
#9943=CARTESIAN_POINT('Ctrl Pts',(-4.03681603232928,0.108202090229733,3.55433775464159));
#9944=CARTESIAN_POINT('Ctrl Pts',(-3.80251266649415,0.125954308927254,3.52479362652767));
#9945=CARTESIAN_POINT('Ctrl Pts',(-3.69668623628833,0.165676362062811,3.51285684007433));
#9946=CARTESIAN_POINT('Ctrl Pts',(-3.55509297231427,0.176540653551229,3.4977926233484));
#9947=CARTESIAN_POINT('Ctrl Pts',(-3.53494441936945,0.177526978247143,3.49569919465734));
#9948=CARTESIAN_POINT('Ctrl Pts',(-3.51461130053119,0.17811595830984,3.49362430349758));
#9949=CARTESIAN_POINT('',(-4.625,0.35,3.65540484830394));
#9950=CARTESIAN_POINT('Ctrl Pts',(-4.625,0.35,3.65540484830394));
#9951=CARTESIAN_POINT('Ctrl Pts',(-4.51302422669514,0.35,3.64027126368154));
#9952=CARTESIAN_POINT('Ctrl Pts',(-4.39635756002848,0.35,3.62450370235551));
#9953=CARTESIAN_POINT('Ctrl Pts',(-4.16237353283762,0.35,3.59288063808656));
#9954=CARTESIAN_POINT('Ctrl Pts',(-4.03681603232928,0.35,3.57568945669842));
#9955=CARTESIAN_POINT('Ctrl Pts',(-3.80251266649415,0.35,3.54448846070983));
#9956=CARTESIAN_POINT('Ctrl Pts',(-3.69668623628833,0.371887949319566,3.53079004133731));
#9957=CARTESIAN_POINT('Ctrl Pts',(-3.51849705565543,0.339836701175557,3.50770575994508));
#9958=CARTESIAN_POINT('Ctrl Pts',(-3.46004833964743,0.315284733256524,3.49971058271396));
#9959=CARTESIAN_POINT('Ctrl Pts',(-3.40095629615992,0.290928482348638,3.49189394259466));
#9960=CARTESIAN_POINT('Ctrl Pts',(-4.625,0.320836685554832,3.65283512432726));
#9961=CARTESIAN_POINT('Ctrl Pts',(-4.51302422669514,0.296228340285281,3.63553309742828));
#9962=CARTESIAN_POINT('Ctrl Pts',(-4.39635756002848,0.280024327201053,3.61833763781398));
#9963=CARTESIAN_POINT('Ctrl Pts',(-4.16237353283762,0.264986114937216,3.58538931678169));
#9964=CARTESIAN_POINT('Ctrl Pts',(-4.03681603232928,0.269400696743245,3.56857222267948));
#9965=CARTESIAN_POINT('Ctrl Pts',(-3.80251266649415,0.275318102975751,3.53792351598244));
#9966=CARTESIAN_POINT('Ctrl Pts',(-3.69668623628833,0.303150753567314,3.52481230758299));
#9967=CARTESIAN_POINT('Ctrl Pts',(-3.51849705565543,0.286340673107706,3.50310355846574));
#9968=CARTESIAN_POINT('Ctrl Pts',(-3.46004833964743,0.269964712105472,3.4958354227175));
#9969=CARTESIAN_POINT('Ctrl Pts',(-3.40095629615992,0.253361969440198,3.48870668043861));
#9970=CARTESIAN_POINT('Ctrl Pts',(-4.625,0.291673371109665,3.65026540035058));
#9971=CARTESIAN_POINT('Ctrl Pts',(-4.51302422669514,0.22277283446072,3.62906045048559));
#9972=CARTESIAN_POINT('Ctrl Pts',(-4.39635756002848,0.177403461382583,3.60929496291214));
#9973=CARTESIAN_POINT('Ctrl Pts',(-4.16237353283762,0.135298196527526,3.57396138174213));
#9974=CARTESIAN_POINT('Ctrl Pts',(-4.03681603232928,0.148505510002073,3.55789670439293));
#9975=CARTESIAN_POINT('Ctrl Pts',(-3.80251266649415,0.16329874893531,3.52807640581284));
#9976=CARTESIAN_POINT('Ctrl Pts',(-3.69668623628833,0.198224177750067,3.51569773813737));
#9977=CARTESIAN_POINT('Ctrl Pts',(-3.51849705565543,0.206946073590527,3.49626930798786));
#9978=CARTESIAN_POINT('Ctrl Pts',(-3.46004833964743,0.204879738031028,3.49025799980691));
#9979=CARTESIAN_POINT('Ctrl Pts',(-3.40095629615992,0.201936582798903,3.48432604204414));
#9980=CARTESIAN_POINT('Ctrl Pts',(-4.625,0.262510056664497,3.6476956763739));
#9981=CARTESIAN_POINT('Ctrl Pts',(-4.51302422669514,0.188685020855844,3.62605676492176));
#9982=CARTESIAN_POINT('Ctrl Pts',(-4.39635756002848,0.140072981603159,3.60600550873093));
#9983=CARTESIAN_POINT('Ctrl Pts',(-4.16237353283762,0.0949583448116467,
3.57040667417195));
#9984=CARTESIAN_POINT('Ctrl Pts',(-4.03681603232928,0.108202090229733,3.55433775464159));
#9985=CARTESIAN_POINT('Ctrl Pts',(-3.80251266649415,0.125954308927254,3.52479362652767));
#9986=CARTESIAN_POINT('Ctrl Pts',(-3.69668623628833,0.165676362062811,3.51285684007433));
#9987=CARTESIAN_POINT('Ctrl Pts',(-3.51849705565543,0.179348616972005,3.49389915550706));
#9988=CARTESIAN_POINT('Ctrl Pts',(-3.46004833964743,0.179324669803366,3.48808510272457));
#9989=CARTESIAN_POINT('Ctrl Pts',(-3.40095629615992,0.178228943623318,3.4823321561265));
#9990=CARTESIAN_POINT('',(-4.625,0.35,3.65540484830394));
#9991=CARTESIAN_POINT('Ctrl Pts',(-4.625,0.35,3.65540484830394));
#9992=CARTESIAN_POINT('Ctrl Pts',(-4.51302422669514,0.35,3.64027126368154));
#9993=CARTESIAN_POINT('Ctrl Pts',(-4.39635756002848,0.35,3.62450370235551));
#9994=CARTESIAN_POINT('Ctrl Pts',(-4.16237353283762,0.35,3.59288063808656));
#9995=CARTESIAN_POINT('Ctrl Pts',(-4.03681603232928,0.35,3.57568945669842));
#9996=CARTESIAN_POINT('Ctrl Pts',(-3.80251266649415,0.35,3.54448846070983));
#9997=CARTESIAN_POINT('Ctrl Pts',(-3.69668623628833,0.371887949319566,3.53079004133731));
#9998=CARTESIAN_POINT('Ctrl Pts',(-3.51849705565543,0.339836701175557,3.50770575994508));
#9999=CARTESIAN_POINT('Ctrl Pts',(-3.46004833964743,0.315284733256524,3.49971058271396));
#10000=CARTESIAN_POINT('Ctrl Pts',(-3.40095629615992,0.290928482348638,
3.49189394259466));
#10001=CARTESIAN_POINT('',(-4.625,0.35,3.65540484830394));
#10002=CARTESIAN_POINT('Origin',(-3.225,0.,0.));
#10003=CARTESIAN_POINT('',(-4.025,-9.79717439317883E-17,0.));
#10004=CARTESIAN_POINT('Origin',(-3.225,0.,0.));
#10005=CARTESIAN_POINT('',(-4.025,-9.79717439317883E-17,2.25108596));
#10006=CARTESIAN_POINT('',(-4.025,-9.79717439317883E-17,0.));
#10007=CARTESIAN_POINT('Origin',(-3.225,0.,2.25108596));
#10008=CARTESIAN_POINT('Origin',(-3.225,0.,2.25108596));
#10009=CARTESIAN_POINT('Origin',(-4.625,1.4,1.8));
#10010=CARTESIAN_POINT('',(-4.625,1.4,2.));
#10011=CARTESIAN_POINT('',(-1.825,1.4,2.));
#10012=CARTESIAN_POINT('',(-2.3125,1.4,2.));
#10013=CARTESIAN_POINT('',(-4.625,1.4,3.75967687704279));
#10014=CARTESIAN_POINT('',(-4.625,1.4,1.8));
#10015=CARTESIAN_POINT('',(-1.825,1.4,3.46550474052248));
#10016=CARTESIAN_POINT('Ctrl Pts',(-4.625,1.4,3.75967687704279));
#10017=CARTESIAN_POINT('Ctrl Pts',(-4.51302422669514,1.4,3.74062008975764));
#10018=CARTESIAN_POINT('Ctrl Pts',(-4.39635756002848,1.4,3.72208230181952));
#10019=CARTESIAN_POINT('Ctrl Pts',(-4.16237353283762,1.4,3.68734108982863));
#10020=CARTESIAN_POINT('Ctrl Pts',(-4.03681603232928,1.4,3.66915540873869));
#10021=CARTESIAN_POINT('Ctrl Pts',(-3.80251266649415,1.4,3.6399908222909));
#10022=CARTESIAN_POINT('Ctrl Pts',(-3.69668623628833,1.4,3.63093601313093));
#10023=CARTESIAN_POINT('Ctrl Pts',(-3.46261488467304,1.4,3.60602193715972));
#10024=CARTESIAN_POINT('Ctrl Pts',(-3.34253195722868,1.4,3.59324055594178));
#10025=CARTESIAN_POINT('Ctrl Pts',(-3.10917369156742,1.4,3.5684023793812));
#10026=CARTESIAN_POINT('Ctrl Pts',(-2.98838000918899,1.4,3.55551597163142));
#10027=CARTESIAN_POINT('Ctrl Pts',(-2.75462886232064,1.4,3.53069653936608));
#10028=CARTESIAN_POINT('Ctrl Pts',(-2.641912450732,1.4,3.51626336866579));
#10029=CARTESIAN_POINT('Ctrl Pts',(-2.40857706350418,1.4,3.49661188724826));
#10030=CARTESIAN_POINT('Ctrl Pts',(-2.29529387408979,1.4,3.49146060262478));
#10031=CARTESIAN_POINT('Ctrl Pts',(-2.06155904198652,1.4,3.4778584306069));
#10032=CARTESIAN_POINT('Ctrl Pts',(-1.94489237531985,1.4,3.47153997268795));
#10033=CARTESIAN_POINT('Ctrl Pts',(-1.825,1.4,3.46550474052248));
#10034=CARTESIAN_POINT('',(-1.825,1.4,1.8));
#10035=CARTESIAN_POINT('Origin',(-4.625,0.0371992030385563,2.71913027171151));
#10036=CARTESIAN_POINT('',(-4.625,-1.4,2.));
#10037=CARTESIAN_POINT('',(-4.625,0.0185996015192781,2.));
#10038=CARTESIAN_POINT('',(-4.625,-1.4,3.5141674592095));
#10039=CARTESIAN_POINT('',(-4.625,-1.4,3.5141674592095));
#10040=CARTESIAN_POINT('',(-4.625,-1.22501119006516,3.52756721800089));
#10041=CARTESIAN_POINT('',(-4.625,-1.05,3.54096869054957));
#10042=CARTESIAN_POINT('',(-4.625,-1.05,3.54096869054957));
#10043=CARTESIAN_POINT('',(-4.625,-1.05,3.54096869054957));
#10044=CARTESIAN_POINT('',(-4.625,-0.35,3.59568149114835));
#10045=CARTESIAN_POINT('',(-4.625,0.466673938906442,3.66738562765353));
#10046=CARTESIAN_POINT('',(-4.625,0.7,3.69134494608119));
#10047=CARTESIAN_POINT('',(-4.625,0.7,3.69134494608119));
#10048=CARTESIAN_POINT('',(-4.625,0.7,3.69134494608119));
#10049=CARTESIAN_POINT('',(-4.625,1.05,3.72807378895892));
#10050=CARTESIAN_POINT('',(-4.625,1.05,3.72807378895892));
#10051=CARTESIAN_POINT('',(-4.625,1.22512390299479,3.74388652076445));
#10052=CARTESIAN_POINT('',(-4.625,1.4,3.75967687704279));
#10053=CARTESIAN_POINT('',(-4.625,1.4,3.75967687704279));
#10054=CARTESIAN_POINT('Origin',(-1.825,0.0395922878635587,2.572933180537));
#10055=CARTESIAN_POINT('',(-1.825,-1.4,2.));
#10056=CARTESIAN_POINT('',(-1.825,0.0197961439317793,2.));
#10057=CARTESIAN_POINT('',(-1.825,1.04988665003531,3.4329484015195));
#10058=CARTESIAN_POINT('',(-1.825,1.4,3.46550474052248));
#10059=CARTESIAN_POINT('',(-1.825,0.7,3.4004131428888));
#10060=CARTESIAN_POINT('',(-1.825,1.4,3.46550474052248));
#10061=CARTESIAN_POINT('',(-1.825,0.35,3.36682499334469));
#10062=CARTESIAN_POINT('',(-1.825,0.7,3.4004131428888));
#10063=CARTESIAN_POINT('',(-1.825,0.320842892406533,3.36421005852409));
#10064=CARTESIAN_POINT('',(-1.825,0.35,3.36682499334469));
#10065=CARTESIAN_POINT('',(-1.825,0.306262975469244,3.36290246886149));
#10066=CARTESIAN_POINT('',(-1.825,0.35,3.36682499334469));
#10067=CARTESIAN_POINT('',(-1.825,0.291681382669403,3.36159472890032));
#10068=CARTESIAN_POINT('',(-1.825,0.35,3.36682499334469));
#10069=CARTESIAN_POINT('',(-1.825,0.23337747820629,3.3563657839692));
#10070=CARTESIAN_POINT('',(-1.825,0.35,3.36682499334469));
#10071=CARTESIAN_POINT('',(-1.825,0.35,3.36682499334469));
#10072=CARTESIAN_POINT('',(-1.825,-0.7,3.2783200319409));
#10073=CARTESIAN_POINT('',(-1.825,-0.35,3.30691288034939));
#10074=CARTESIAN_POINT('',(-1.825,-1.05,3.24968930838533));
#10075=CARTESIAN_POINT('',(-1.825,-0.7,3.2783200319409));
#10076=CARTESIAN_POINT('',(-1.825,-1.4,3.22021272839749));
#10077=CARTESIAN_POINT('',(-1.825,-1.05,3.24968930838533));
#10078=CARTESIAN_POINT('',(-1.825,-1.4,3.22021272839749));
#10079=CARTESIAN_POINT('Origin',(-4.625,-1.4,3.5141674592095));
#10080=CARTESIAN_POINT('',(-2.3125,-1.4,2.));
#10081=CARTESIAN_POINT('Ctrl Pts',(-4.625,-1.4,3.5141674592095));
#10082=CARTESIAN_POINT('Ctrl Pts',(-4.51302422669514,-1.4,3.49326639473375));
#10083=CARTESIAN_POINT('Ctrl Pts',(-4.39635756002848,-1.4,3.47409639915015));
#10084=CARTESIAN_POINT('Ctrl Pts',(-4.16237353283762,-1.4,3.44047319268334));
#10085=CARTESIAN_POINT('Ctrl Pts',(-4.03681603232928,-1.4,3.42586227087343));
#10086=CARTESIAN_POINT('Ctrl Pts',(-3.80251266649415,-1.4,3.39802481339753));
#10087=CARTESIAN_POINT('Ctrl Pts',(-3.69668623628833,-1.4,3.38740598574381));
#10088=CARTESIAN_POINT('Ctrl Pts',(-3.46261488467304,-1.4,3.36159973227616));
#10089=CARTESIAN_POINT('Ctrl Pts',(-3.34253195722868,-1.4,3.3483606475211));
#10090=CARTESIAN_POINT('Ctrl Pts',(-3.10917369156742,-1.4,3.32263301143549));
#10091=CARTESIAN_POINT('Ctrl Pts',(-2.98838000918899,-1.4,3.30895694816237));
#10092=CARTESIAN_POINT('Ctrl Pts',(-2.75462886232064,-1.4,3.28392534613748));
#10093=CARTESIAN_POINT('Ctrl Pts',(-2.641912450732,-1.4,3.26999446066774));
#10094=CARTESIAN_POINT('Ctrl Pts',(-2.40857706350418,-1.4,3.25121086187972));
#10095=CARTESIAN_POINT('Ctrl Pts',(-2.29529387408979,-1.4,3.247335402371));
#10096=CARTESIAN_POINT('Ctrl Pts',(-2.06155904198652,-1.4,3.23385550395715));
#10097=CARTESIAN_POINT('Ctrl Pts',(-1.94489237531985,-1.4,3.22712713231994));
#10098=CARTESIAN_POINT('Ctrl Pts',(-1.825,-1.4,3.22021272839749));
#10099=CARTESIAN_POINT('Ctrl Pts',(-4.625,1.4,3.75967687704279));
#10100=CARTESIAN_POINT('Ctrl Pts',(-4.51302422669514,1.4,3.74062008975764));
#10101=CARTESIAN_POINT('Ctrl Pts',(-4.39635756002848,1.4,3.72208230181952));
#10102=CARTESIAN_POINT('Ctrl Pts',(-4.16237353283762,1.4,3.68734108982863));
#10103=CARTESIAN_POINT('Ctrl Pts',(-4.03681603232928,1.4,3.66915540873869));
#10104=CARTESIAN_POINT('Ctrl Pts',(-3.80251266649415,1.4,3.6399908222909));
#10105=CARTESIAN_POINT('Ctrl Pts',(-3.69668623628833,1.4,3.63093601313093));
#10106=CARTESIAN_POINT('Ctrl Pts',(-3.46261488467304,1.4,3.60602193715972));
#10107=CARTESIAN_POINT('Ctrl Pts',(-3.34253195722868,1.4,3.59324055594178));
#10108=CARTESIAN_POINT('Ctrl Pts',(-3.10917369156742,1.4,3.5684023793812));
#10109=CARTESIAN_POINT('Ctrl Pts',(-2.98838000918899,1.4,3.55551597163142));
#10110=CARTESIAN_POINT('Ctrl Pts',(-2.75462886232064,1.4,3.53069653936608));
#10111=CARTESIAN_POINT('Ctrl Pts',(-2.641912450732,1.4,3.51626336866579));
#10112=CARTESIAN_POINT('Ctrl Pts',(-2.40857706350418,1.4,3.49661188724826));
#10113=CARTESIAN_POINT('Ctrl Pts',(-2.29529387408979,1.4,3.49146060262478));
#10114=CARTESIAN_POINT('Ctrl Pts',(-2.06155904198652,1.4,3.4778584306069));
#10115=CARTESIAN_POINT('Ctrl Pts',(-1.94489237531985,1.4,3.47153997268795));
#10116=CARTESIAN_POINT('Ctrl Pts',(-1.825,1.4,3.46550474052248));
#10117=CARTESIAN_POINT('Ctrl Pts',(-4.625,1.34170796766493,3.75441342495001));
#10118=CARTESIAN_POINT('Ctrl Pts',(-4.51302422669514,1.34170796766493,3.73502049128417));
#10119=CARTESIAN_POINT('Ctrl Pts',(-4.39635756002848,1.34170796766493,3.71629248526928));
#10120=CARTESIAN_POINT('Ctrl Pts',(-4.16237353283762,1.34170796766493,3.6814658801689));
#10121=CARTESIAN_POINT('Ctrl Pts',(-4.03681603232928,1.34594457425655,3.66396593205464));
#10122=CARTESIAN_POINT('Ctrl Pts',(-3.80251266649415,1.33706703528958,3.63398227781891));
#10123=CARTESIAN_POINT('Ctrl Pts',(-3.69668623628833,1.3226887809228,3.62337690639044));
#10124=CARTESIAN_POINT('Ctrl Pts',(-3.46261488467304,1.30315469866114,3.59650569213095));
#10125=CARTESIAN_POINT('Ctrl Pts',(-3.34253195722868,1.28812650981037,3.58227074195487));
#10126=CARTESIAN_POINT('Ctrl Pts',(-3.10917369156742,1.2785346981307,3.55649203524953));
#10127=CARTESIAN_POINT('Ctrl Pts',(-2.98838000918899,1.28333522634302,3.54392995544512));
#10128=CARTESIAN_POINT('Ctrl Pts',(-2.75462886232064,1.28333132359872,3.51941194782831));
#10129=CARTESIAN_POINT('Ctrl Pts',(-2.641912450732,1.28328746687277,3.50568245431271));
#10130=CARTESIAN_POINT('Ctrl Pts',(-2.40857706350418,1.28326920476838,3.48622448591034));
#10131=CARTESIAN_POINT('Ctrl Pts',(-2.29529387408979,1.28327518163178,3.48066641553442));
#10132=CARTESIAN_POINT('Ctrl Pts',(-2.06155904198652,1.28328127310038,3.46694857792785));
#10133=CARTESIAN_POINT('Ctrl Pts',(-1.94489237531985,1.28328701754946,3.46063065417371));
#10134=CARTESIAN_POINT('Ctrl Pts',(-1.825,1.28329555001177,3.45465262752149));
#10135=CARTESIAN_POINT('Ctrl Pts',(-4.625,1.28341593532986,3.74914997285723));
#10136=CARTESIAN_POINT('Ctrl Pts',(-4.51302422669514,1.28341593532986,3.72942089281069));
#10137=CARTESIAN_POINT('Ctrl Pts',(-4.39635756002848,1.28341593532986,3.71050266871904));
#10138=CARTESIAN_POINT('Ctrl Pts',(-4.16237353283762,1.28341593532986,3.67559067050917));
#10139=CARTESIAN_POINT('Ctrl Pts',(-4.03681603232928,1.29189737285183,3.65877726181246));
#10140=CARTESIAN_POINT('Ctrl Pts',(-3.80251266649415,1.27412506134048,3.62797284994128));
#10141=CARTESIAN_POINT('Ctrl Pts',(-3.69668623628833,1.24533354324678,3.61581348338307));
#10142=CARTESIAN_POINT('Ctrl Pts',(-3.46261488467304,1.20624111053718,3.58698275120551));
#10143=CARTESIAN_POINT('Ctrl Pts',(-3.34253195722868,1.17616771189766,3.57129256307426));
#10144=CARTESIAN_POINT('Ctrl Pts',(-3.10917369156742,1.15700342933361,3.54457522269602));
#10145=CARTESIAN_POINT('Ctrl Pts',(-2.98838000918899,1.16666899142088,3.53234370118528));
#10146=CARTESIAN_POINT('Ctrl Pts',(-2.75462886232064,1.16666419856571,3.50812760904394));
#10147=CARTESIAN_POINT('Ctrl Pts',(-2.641912450732,1.16651192581827,3.49509592073589));
#10148=CARTESIAN_POINT('Ctrl Pts',(-2.40857706350418,1.16645031449071,3.47582913187805));
#10149=CARTESIAN_POINT('Ctrl Pts',(-2.29529387408979,1.16647478343182,3.46986523916058));
#10150=CARTESIAN_POINT('Ctrl Pts',(-2.06155904198652,1.16648697031327,3.45603166107135));
#10151=CARTESIAN_POINT('Ctrl Pts',(-1.94489237531985,1.16649846293098,3.4497142718279));
#10152=CARTESIAN_POINT('Ctrl Pts',(-1.825,1.16651553338042,3.44379348772974));
#10153=CARTESIAN_POINT('Ctrl Pts',(-4.625,1.22512390299479,3.74388652076445));
#10154=CARTESIAN_POINT('Ctrl Pts',(-4.51302422669514,1.22512390299479,3.72382129433721));
#10155=CARTESIAN_POINT('Ctrl Pts',(-4.39635756002848,1.22512390299479,3.7047128521688));
#10156=CARTESIAN_POINT('Ctrl Pts',(-4.16237353283762,1.22512390299479,3.66971546084944));
#10157=CARTESIAN_POINT('Ctrl Pts',(-4.03681603232928,1.23783372276964,3.65358697868654));
#10158=CARTESIAN_POINT('Ctrl Pts',(-3.80251266649415,1.21120110586873,3.62196518887493));
#10159=CARTESIAN_POINT('Ctrl Pts',(-3.69668623628833,1.16806634276841,3.60825869290947));
#10160=CARTESIAN_POINT('Ctrl Pts',(-3.46261488467304,1.10946409598341,3.57747320207341));
#10161=CARTESIAN_POINT('Ctrl Pts',(-3.34253195722868,1.06437952943111,3.56033111398106));
#10162=CARTESIAN_POINT('Ctrl Pts',(-3.10917369156742,1.0356040943921,3.53267134698619));
#10163=CARTESIAN_POINT('Ctrl Pts',(-2.98838000918899,1.05000567902905,3.52075792307251));
#10164=CARTESIAN_POINT('Ctrl Pts',(-2.75462886232064,1.04999397079616,3.49684276475278));
#10165=CARTESIAN_POINT('Ctrl Pts',(-2.641912450732,1.0498624006183,3.48452062560654));
#10166=CARTESIAN_POINT('Ctrl Pts',(-2.40857706350418,1.04980761430515,3.4654496832345));
#10167=CARTESIAN_POINT('Ctrl Pts',(-2.29529387408979,1.04982554489533,3.45907804135369));
#10168=CARTESIAN_POINT('Ctrl Pts',(-2.06155904198652,1.04984381930114,3.44512887256975));
#10169=CARTESIAN_POINT('Ctrl Pts',(-1.94489237531985,1.04986105264837,3.43881201714524));
#10170=CARTESIAN_POINT('Ctrl Pts',(-1.825,1.04988665003531,3.4329484015195));
#10171=CARTESIAN_POINT('Ctrl Pts',(-4.625,1.22512390299479,3.74388652076445));
#10172=CARTESIAN_POINT('Ctrl Pts',(-4.51302422669514,1.22512390299479,3.72382129433721));
#10173=CARTESIAN_POINT('Ctrl Pts',(-4.39635756002848,1.22512390299479,3.7047128521688));
#10174=CARTESIAN_POINT('Ctrl Pts',(-4.16237353283762,1.22512390299479,3.66971546084944));
#10175=CARTESIAN_POINT('Ctrl Pts',(-4.03681603232928,1.23783372276964,3.65358697868654));
#10176=CARTESIAN_POINT('Ctrl Pts',(-3.80251266649415,1.21120110586873,3.62196518887493));
#10177=CARTESIAN_POINT('Ctrl Pts',(-3.69668623628833,1.16806634276841,3.60825869290947));
#10178=CARTESIAN_POINT('Ctrl Pts',(-3.46261488467304,1.10946409598341,3.57747320207341));
#10179=CARTESIAN_POINT('Ctrl Pts',(-3.34253195722868,1.06437952943111,3.56033111398106));
#10180=CARTESIAN_POINT('Ctrl Pts',(-3.10917369156742,1.0356040943921,3.53267134698619));
#10181=CARTESIAN_POINT('Ctrl Pts',(-2.98838000918899,1.05000567902905,3.52075792307251));
#10182=CARTESIAN_POINT('Ctrl Pts',(-2.75462886232064,1.04999397079616,3.49684276475278));
#10183=CARTESIAN_POINT('Ctrl Pts',(-2.641912450732,1.0498624006183,3.48452062560654));
#10184=CARTESIAN_POINT('Ctrl Pts',(-2.40857706350418,1.04980761430515,3.4654496832345));
#10185=CARTESIAN_POINT('Ctrl Pts',(-2.29529387408979,1.04982554489533,3.45907804135369));
#10186=CARTESIAN_POINT('Ctrl Pts',(-2.06155904198652,1.04984381930114,3.44512887256975));
#10187=CARTESIAN_POINT('Ctrl Pts',(-1.94489237531985,1.04986105264837,3.43881201714524));
#10188=CARTESIAN_POINT('Ctrl Pts',(-1.825,1.04988665003531,3.4329484015195));
#10189=CARTESIAN_POINT('Ctrl Pts',(-4.625,1.22512390299479,3.74388652076445));
#10190=CARTESIAN_POINT('Ctrl Pts',(-4.51302422669514,1.22512390299479,3.72382129433721));
#10191=CARTESIAN_POINT('Ctrl Pts',(-4.39635756002848,1.22512390299479,3.7047128521688));
#10192=CARTESIAN_POINT('Ctrl Pts',(-4.16237353283762,1.22512390299479,3.66971546084944));
#10193=CARTESIAN_POINT('Ctrl Pts',(-4.03681603232928,1.23783372276964,3.65358697868654));
#10194=CARTESIAN_POINT('Ctrl Pts',(-3.80251266649415,1.21120110586873,3.62196518887493));
#10195=CARTESIAN_POINT('Ctrl Pts',(-3.69668623628833,1.16806634276841,3.60825869290947));
#10196=CARTESIAN_POINT('Ctrl Pts',(-3.46261488467304,1.1094640959834,3.57747320207341));
#10197=CARTESIAN_POINT('Ctrl Pts',(-3.34253195722868,1.06437952943111,3.56033111398106));
#10198=CARTESIAN_POINT('Ctrl Pts',(-3.10917369156742,1.0356040943921,3.53267134698619));
#10199=CARTESIAN_POINT('Ctrl Pts',(-2.98838000918898,1.05000567902905,3.52075792307251));
#10200=CARTESIAN_POINT('Ctrl Pts',(-2.75462886232064,1.04999397079616,3.49684276475278));
#10201=CARTESIAN_POINT('Ctrl Pts',(-2.641912450732,1.0498624006183,3.48452062560654));
#10202=CARTESIAN_POINT('Ctrl Pts',(-2.40857706350418,1.04980761430515,3.46544968323449));
#10203=CARTESIAN_POINT('Ctrl Pts',(-2.29529387408979,1.04982554489533,3.45907804135369));
#10204=CARTESIAN_POINT('Ctrl Pts',(-2.06155904198652,1.04984381930114,3.44512887256975));
#10205=CARTESIAN_POINT('Ctrl Pts',(-1.94489237531985,1.04986105264837,3.43881201714524));
#10206=CARTESIAN_POINT('Ctrl Pts',(-1.825,1.04988665003531,3.4329484015195));
#10207=CARTESIAN_POINT('Ctrl Pts',(-4.625,1.16683187065972,3.73862306867167));
#10208=CARTESIAN_POINT('Ctrl Pts',(-4.51302422669514,1.16683187065972,3.71822169586374));
#10209=CARTESIAN_POINT('Ctrl Pts',(-4.39635756002848,1.16683187065972,3.69892303561856));
#10210=CARTESIAN_POINT('Ctrl Pts',(-4.16237353283762,1.16683187065972,3.66384025118971));
#10211=CARTESIAN_POINT('Ctrl Pts',(-4.03681603232928,1.18377007268744,3.64839669556062));
#10212=CARTESIAN_POINT('Ctrl Pts',(-3.80251266649415,1.14827715039698,3.61595752780858));
#10213=CARTESIAN_POINT('Ctrl Pts',(-3.69668623628833,1.09079914229004,3.60070390243587));
#10214=CARTESIAN_POINT('Ctrl Pts',(-3.46261488467304,1.01268708142963,3.56796365294131));
#10215=CARTESIAN_POINT('Ctrl Pts',(-3.34253195722868,0.952591346964567,
3.54923236599489));
#10216=CARTESIAN_POINT('Ctrl Pts',(-3.10917369156742,0.914204759450595,
3.52090277765855));
#10217=CARTESIAN_POINT('Ctrl Pts',(-2.98838000918898,0.933342366637214,
3.50996248938471));
#10218=CARTESIAN_POINT('Ctrl Pts',(-2.75462886232064,0.933323743026603,
3.48638043315497));
#10219=CARTESIAN_POINT('Ctrl Pts',(-2.641912450732,0.933212875418333,3.47407937326236));
#10220=CARTESIAN_POINT('Ctrl Pts',(-2.40857706350418,0.933164914119591,
3.45493675304498));
#10221=CARTESIAN_POINT('Ctrl Pts',(-2.29529387408979,0.933176306358853,
3.44829084354679));
#10222=CARTESIAN_POINT('Ctrl Pts',(-2.06155904198652,0.933200668289006,
3.43422608406815));
#10223=CARTESIAN_POINT('Ctrl Pts',(-1.94489237531985,0.933223642365754,
3.42790976246257));
#10224=CARTESIAN_POINT('Ctrl Pts',(-1.825,0.933257766690209,3.42210331530927));
#10225=CARTESIAN_POINT('Ctrl Pts',(-4.625,1.1083746343316,3.73334469956077));
#10226=CARTESIAN_POINT('Ctrl Pts',(-4.51302422669514,1.1083746343316,3.71260622770807));
#10227=CARTESIAN_POINT('Ctrl Pts',(-4.39635756002848,1.1083746343316,3.69311681029382));
#10228=CARTESIAN_POINT('Ctrl Pts',(-4.16237353283762,1.1083746343316,3.65794839074502));
#10229=CARTESIAN_POINT('Ctrl Pts',(-4.03681603232928,1.12951722819871,3.64318817533674));
#10230=CARTESIAN_POINT('Ctrl Pts',(-3.80251266649415,1.0852142709004,3.60993670467241));
#10231=CARTESIAN_POINT('Ctrl Pts',(-3.69668623628833,1.01350550191107,3.59314658084238));
#10232=CARTESIAN_POINT('Ctrl Pts',(-3.46261488467304,0.915934485835388,
3.55845644146225));
#10233=CARTESIAN_POINT('Ctrl Pts',(-3.34253195722868,0.84080316449802,3.53813361800872));
#10234=CARTESIAN_POINT('Ctrl Pts',(-3.10917369156742,0.79280542450909,3.50913420833091));
#10235=CARTESIAN_POINT('Ctrl Pts',(-2.98838000918898,0.816681170244537,
3.49916724575619));
#10236=CARTESIAN_POINT('Ctrl Pts',(-2.75462886232064,0.816651268783202,
3.47591789977863));
#10237=CARTESIAN_POINT('Ctrl Pts',(-2.641912450732,0.816551766691203,3.46363708786673));
#10238=CARTESIAN_POINT('Ctrl Pts',(-2.40857706350418,0.816506018331299,
3.44442236081322));
#10239=CARTESIAN_POINT('Ctrl Pts',(-2.29529387408979,0.816510645796402,
3.4375021258095));
#10240=CARTESIAN_POINT('Ctrl Pts',(-2.06155904198652,0.816546006503326,
3.42332221848755));
#10241=CARTESIAN_POINT('Ctrl Pts',(-1.94489237531985,0.816579352777188,
3.4170068613718));
#10242=CARTESIAN_POINT('Ctrl Pts',(-1.825,0.816628883345104,3.41125822909903));
#10243=CARTESIAN_POINT('Ctrl Pts',(-4.625,1.05,3.72807378895892));
#10244=CARTESIAN_POINT('Ctrl Pts',(-4.51302422669514,1.05,3.7069986943935));
#10245=CARTESIAN_POINT('Ctrl Pts',(-4.39635756002848,1.05,3.68731878935634));
#10246=CARTESIAN_POINT('Ctrl Pts',(-4.16237353283762,1.05,3.6520648556928));
#10247=CARTESIAN_POINT('Ctrl Pts',(-4.03681603232928,1.07535898091325,3.63798877366185));
#10248=CARTESIAN_POINT('Ctrl Pts',(-3.80251266649415,1.02222085341623,3.60392246257114));
#10249=CARTESIAN_POINT('Ctrl Pts',(-3.69668623628833,0.936225081482399,
3.58559052480883));
#10250=CARTESIAN_POINT('Ctrl Pts',(-3.46261488467304,0.819169680761379,
3.54894806115667));
#10251=CARTESIAN_POINT('Ctrl Pts',(-3.34253195722868,0.729014982031473,
3.52703487002255));
#10252=CARTESIAN_POINT('Ctrl Pts',(-3.10917369156742,0.671406089567585,
3.49736563900327));
#10253=CARTESIAN_POINT('Ctrl Pts',(-2.98838000918898,0.700015741853549,
3.48837162200911));
#10254=CARTESIAN_POINT('Ctrl Pts',(-2.75462886232064,0.699983287487499,
3.46545576995935));
#10255=CARTESIAN_POINT('Ctrl Pts',(-2.641912450732,0.699913825018402,3.45319686857401));
#10256=CARTESIAN_POINT('Ctrl Pts',(-2.40857706350418,0.699879513748475,
3.43391089266595));
#10257=CARTESIAN_POINT('Ctrl Pts',(-2.29529387408979,0.699877829285889,
3.42671644793301));
#10258=CARTESIAN_POINT('Ctrl Pts',(-2.06155904198652,0.69991436626474,3.41242050706495));
#10259=CARTESIAN_POINT('Ctrl Pts',(-1.94489237531985,0.699948821800528,
3.40610525309725));
#10260=CARTESIAN_POINT('Ctrl Pts',(-1.825,0.7,3.4004131428888));
#10261=CARTESIAN_POINT('Ctrl Pts',(-4.625,1.05,3.72807378895892));
#10262=CARTESIAN_POINT('Ctrl Pts',(-4.51302422669514,1.05,3.7069986943935));
#10263=CARTESIAN_POINT('Ctrl Pts',(-4.39635756002848,1.05,3.68731878935634));
#10264=CARTESIAN_POINT('Ctrl Pts',(-4.16237353283762,1.05,3.6520648556928));
#10265=CARTESIAN_POINT('Ctrl Pts',(-4.03681603232928,1.07535898091325,3.63798877366185));
#10266=CARTESIAN_POINT('Ctrl Pts',(-3.80251266649415,1.02222085341623,3.60392246257115));
#10267=CARTESIAN_POINT('Ctrl Pts',(-3.69668623628833,0.9362250814824,3.58559052480883));
#10268=CARTESIAN_POINT('Ctrl Pts',(-3.46261488467304,0.81916968076138,3.54894806115667));
#10269=CARTESIAN_POINT('Ctrl Pts',(-3.34253195722868,0.729014982031474,
3.52703487002255));
#10270=CARTESIAN_POINT('Ctrl Pts',(-3.10917369156742,0.671406089567585,
3.49736563900328));
#10271=CARTESIAN_POINT('Ctrl Pts',(-2.98838000918899,0.70001574185355,3.48837162200911));
#10272=CARTESIAN_POINT('Ctrl Pts',(-2.75462886232064,0.699983287487499,
3.46545576995935));
#10273=CARTESIAN_POINT('Ctrl Pts',(-2.641912450732,0.699913825018402,3.45319686857401));
#10274=CARTESIAN_POINT('Ctrl Pts',(-2.40857706350418,0.699879513748475,
3.43391089266595));
#10275=CARTESIAN_POINT('Ctrl Pts',(-2.29529387408979,0.699877829285889,
3.42671644793301));
#10276=CARTESIAN_POINT('Ctrl Pts',(-2.06155904198652,0.69991436626474,3.41242050706495));
#10277=CARTESIAN_POINT('Ctrl Pts',(-1.94489237531985,0.699948821800528,
3.40610525309725));
#10278=CARTESIAN_POINT('Ctrl Pts',(-1.825,0.7,3.4004131428888));
#10279=CARTESIAN_POINT('Ctrl Pts',(-4.625,1.05,3.72807378895892));
#10280=CARTESIAN_POINT('Ctrl Pts',(-4.51302422669514,1.05,3.7069986943935));
#10281=CARTESIAN_POINT('Ctrl Pts',(-4.39635756002848,1.05,3.68731878935634));
#10282=CARTESIAN_POINT('Ctrl Pts',(-4.16237353283762,1.05,3.6520648556928));
#10283=CARTESIAN_POINT('Ctrl Pts',(-4.03681603232928,1.07535898091325,3.63798877366185));
#10284=CARTESIAN_POINT('Ctrl Pts',(-3.80251266649415,1.02222085341623,3.60392246257115));
#10285=CARTESIAN_POINT('Ctrl Pts',(-3.69668623628833,0.9362250814824,3.58559052480884));
#10286=CARTESIAN_POINT('Ctrl Pts',(-3.46261488467304,0.81916968076138,3.54894806115667));
#10287=CARTESIAN_POINT('Ctrl Pts',(-3.34253195722868,0.729014982031474,
3.52703487002255));
#10288=CARTESIAN_POINT('Ctrl Pts',(-3.10917369156742,0.671406089567585,
3.49736563900328));
#10289=CARTESIAN_POINT('Ctrl Pts',(-2.98838000918899,0.70001574185355,3.48837162200911));
#10290=CARTESIAN_POINT('Ctrl Pts',(-2.75462886232064,0.699983287487499,
3.46545576995935));
#10291=CARTESIAN_POINT('Ctrl Pts',(-2.641912450732,0.699913825018402,3.45319686857401));
#10292=CARTESIAN_POINT('Ctrl Pts',(-2.40857706350418,0.699879513748474,
3.43391089266595));
#10293=CARTESIAN_POINT('Ctrl Pts',(-2.29529387408979,0.699877829285889,
3.42671644793301));
#10294=CARTESIAN_POINT('Ctrl Pts',(-2.06155904198652,0.69991436626474,3.41242050706495));
#10295=CARTESIAN_POINT('Ctrl Pts',(-1.94489237531985,0.699948821800528,
3.40610525309725));
#10296=CARTESIAN_POINT('Ctrl Pts',(-1.825,0.7,3.4004131428888));
#10297=CARTESIAN_POINT('Ctrl Pts',(-4.625,0.933333333333333,3.71583084133301));
#10298=CARTESIAN_POINT('Ctrl Pts',(-4.51302422669514,0.897893991650845,
3.6927277065075));
#10299=CARTESIAN_POINT('Ctrl Pts',(-4.39635756002848,0.874558023708699,
3.67171238494599));
#10300=CARTESIAN_POINT('Ctrl Pts',(-4.16237353283762,0.852900966443197,
3.63521911155536));
#10301=CARTESIAN_POINT('Ctrl Pts',(-4.03681603232928,0.881921729177114,
3.62137491903876));
#10302=CARTESIAN_POINT('Ctrl Pts',(-3.80251266649415,0.842954369004831,
3.58807272432808));
#10303=CARTESIAN_POINT('Ctrl Pts',(-3.69668623628833,0.782585769526313,
3.57075264030469));
#10304=CARTESIAN_POINT('Ctrl Pts',(-3.46261488467304,0.691564389095656,
3.53622573163629));
#10305=CARTESIAN_POINT('Ctrl Pts',(-3.34253195722868,0.61595759590547,3.51634221211638));
#10306=CARTESIAN_POINT('Ctrl Pts',(-3.10917369156742,0.568995198816603,
3.4880116413737));
#10307=CARTESIAN_POINT('Ctrl Pts',(-2.98838000918899,0.59368153785814,3.47876141118138));
#10308=CARTESIAN_POINT('Ctrl Pts',(-2.75462886232064,0.59084310908348,3.45571570134228));
#10309=CARTESIAN_POINT('Ctrl Pts',(-2.641912450732,0.584767985917192,3.44291642440454));
#10310=CARTESIAN_POINT('Ctrl Pts',(-2.40857706350418,0.581767154050562,
3.42324031837633));
#10311=CARTESIAN_POINT('Ctrl Pts',(-2.29529387408979,0.583251886190592,
3.41599461618515));
#10312=CARTESIAN_POINT('Ctrl Pts',(-2.06155904198652,0.583276244176493,
3.40145858670775));
#10313=CARTESIAN_POINT('Ctrl Pts',(-1.94489237531985,0.583299214533685,
3.39502644800882));
#10314=CARTESIAN_POINT('Ctrl Pts',(-1.825,0.583333333333333,3.38921709304076));
#10315=CARTESIAN_POINT('Ctrl Pts',(-4.625,0.816666666666667,3.7035878937071));
#10316=CARTESIAN_POINT('Ctrl Pts',(-4.51302422669514,0.667035622726526,
3.67160167332268));
#10317=CARTESIAN_POINT('Ctrl Pts',(-4.39635756002848,0.568507120819781,
3.64473705010971));
#10318=CARTESIAN_POINT('Ctrl Pts',(-4.16237353283762,0.477067270826468,
3.60281530419361));
#10319=CARTESIAN_POINT('Ctrl Pts',(-4.03681603232928,0.52727893793937,3.59091551308738));
#10320=CARTESIAN_POINT('Ctrl Pts',(-3.80251266649415,0.514291891449786,
3.55901422933573));
#10321=CARTESIAN_POINT('Ctrl Pts',(-3.69668623628833,0.502591168572255,
3.54370587805643));
#10322=CARTESIAN_POINT('Ctrl Pts',(-3.46261488467304,0.456061192820129,
3.51275629108746));
#10323=CARTESIAN_POINT('Ctrl Pts',(-3.34253195722868,0.401192372778326,
3.49603702357797));
#10324=CARTESIAN_POINT('Ctrl Pts',(-3.10917369156742,0.370801253072395,
3.46989623258113));
#10325=CARTESIAN_POINT('Ctrl Pts',(-2.98838000918899,0.373588747851217,
3.45887906732607));
#10326=CARTESIAN_POINT('Ctrl Pts',(-2.75462886232064,0.398940990612043,
3.43859961943827));
#10327=CARTESIAN_POINT('Ctrl Pts',(-2.641912450732,0.453202700008663,3.43116118365712));
#10328=CARTESIAN_POINT('Ctrl Pts',(-2.40857706350418,0.480005492682695,
3.41403836566862));
#10329=CARTESIAN_POINT('Ctrl Pts',(-2.29529387408979,0.466625943095296,
3.4052727844373));
#10330=CARTESIAN_POINT('Ctrl Pts',(-2.06155904198652,0.466638122088247,
3.39049666635055));
#10331=CARTESIAN_POINT('Ctrl Pts',(-1.94489237531985,0.466649607266843,
3.3839476429204));
#10332=CARTESIAN_POINT('Ctrl Pts',(-1.825,0.466666666666667,3.37802104319272));
#10333=CARTESIAN_POINT('Ctrl Pts',(-4.625,0.7,3.69134494608119));
#10334=CARTESIAN_POINT('Ctrl Pts',(-4.51302422669514,0.593681974952534,
3.66418573073551));
#10335=CARTESIAN_POINT('Ctrl Pts',(-4.39635756002848,0.523674071126097,
3.6404995761253));
#10336=CARTESIAN_POINT('Ctrl Pts',(-4.16237353283762,0.45870289932959,3.60152762328046));
#10337=CARTESIAN_POINT('Ctrl Pts',(-4.03681603232928,0.495047225704838,
3.58814720979258));
#10338=CARTESIAN_POINT('Ctrl Pts',(-3.80251266649415,0.484421400182022,
3.55637324784194));
#10339=CARTESIAN_POINT('Ctrl Pts',(-3.69668623628833,0.475307145614139,
3.54107687129639));
#10340=CARTESIAN_POINT('Ctrl Pts',(-3.46261488467304,0.436353805764208,
3.51078107259552));
#10341=CARTESIAN_POINT('Ctrl Pts',(-3.34253195722868,0.389842823653463,
3.49495689630404));
#10342=CARTESIAN_POINT('Ctrl Pts',(-3.10917369156742,0.364173417314638,
3.46930364611454));
#10343=CARTESIAN_POINT('Ctrl Pts',(-2.98838000918899,0.381013129867322,
3.45954098952592));
#10344=CARTESIAN_POINT('Ctrl Pts',(-2.75462886232064,0.372562752275442,
3.43623556410812));
#10345=CARTESIAN_POINT('Ctrl Pts',(-2.641912450732,0.354476307714773,3.42235553606559));
#10346=CARTESIAN_POINT('Ctrl Pts',(-2.40857706350418,0.345542434654737,
3.4018991697971));
#10347=CARTESIAN_POINT('Ctrl Pts',(-2.29529387408979,0.35,3.39455095268944));
#10348=CARTESIAN_POINT('Ctrl Pts',(-2.06155904198652,0.35,3.37953474599335));
#10349=CARTESIAN_POINT('Ctrl Pts',(-1.94489237531985,0.35,3.37286883783198));
#10350=CARTESIAN_POINT('Ctrl Pts',(-1.825,0.35,3.36682499334469));
#10351=CARTESIAN_POINT('Ctrl Pts',(-4.625,0.7,3.69134494608119));
#10352=CARTESIAN_POINT('Ctrl Pts',(-4.51302422669514,0.593681974952534,
3.66418573073551));
#10353=CARTESIAN_POINT('Ctrl Pts',(-4.39635756002848,0.523674071126097,
3.6404995761253));
#10354=CARTESIAN_POINT('Ctrl Pts',(-4.16237353283762,0.45870289932959,3.60152762328046));
#10355=CARTESIAN_POINT('Ctrl Pts',(-4.03681603232928,0.495047225704839,
3.58814720979259));
#10356=CARTESIAN_POINT('Ctrl Pts',(-3.80251266649415,0.484421400182022,
3.55637324784194));
#10357=CARTESIAN_POINT('Ctrl Pts',(-3.69668623628833,0.475307145614139,
3.54107687129639));
#10358=CARTESIAN_POINT('Ctrl Pts',(-3.46261488467304,0.436353805764208,
3.51078107259552));
#10359=CARTESIAN_POINT('Ctrl Pts',(-3.34253195722868,0.389842823653463,
3.49495689630404));
#10360=CARTESIAN_POINT('Ctrl Pts',(-3.10917369156742,0.364173417314639,
3.46930364611454));
#10361=CARTESIAN_POINT('Ctrl Pts',(-2.98838000918899,0.381013129867322,
3.45954098952592));
#10362=CARTESIAN_POINT('Ctrl Pts',(-2.75462886232064,0.372562752275441,
3.43623556410812));
#10363=CARTESIAN_POINT('Ctrl Pts',(-2.641912450732,0.354476307714773,3.42235553606559));
#10364=CARTESIAN_POINT('Ctrl Pts',(-2.40857706350418,0.345542434654736,
3.40189916979711));
#10365=CARTESIAN_POINT('Ctrl Pts',(-2.29529387408979,0.35,3.39455095268945));
#10366=CARTESIAN_POINT('Ctrl Pts',(-2.06155904198652,0.35,3.37953474599335));
#10367=CARTESIAN_POINT('Ctrl Pts',(-1.94489237531985,0.35,3.37286883783198));
#10368=CARTESIAN_POINT('Ctrl Pts',(-1.825,0.35,3.36682499334469));
#10369=CARTESIAN_POINT('Ctrl Pts',(-4.625,0.7,3.69134494608119));
#10370=CARTESIAN_POINT('Ctrl Pts',(-4.51302422669514,0.593681974952534,
3.66418573073551));
#10371=CARTESIAN_POINT('Ctrl Pts',(-4.39635756002848,0.523674071126097,
3.64049957612531));
#10372=CARTESIAN_POINT('Ctrl Pts',(-4.16237353283762,0.45870289932959,3.60152762328046));
#10373=CARTESIAN_POINT('Ctrl Pts',(-4.03681603232928,0.495047225704839,
3.58814720979259));
#10374=CARTESIAN_POINT('Ctrl Pts',(-3.80251266649415,0.484421400182022,
3.55637324784195));
#10375=CARTESIAN_POINT('Ctrl Pts',(-3.69668623628834,0.475307145614139,
3.54107687129639));
#10376=CARTESIAN_POINT('Ctrl Pts',(-3.46261488467305,0.436353805764208,
3.51078107259552));
#10377=CARTESIAN_POINT('Ctrl Pts',(-3.34253195722868,0.389842823653464,
3.49495689630404));
#10378=CARTESIAN_POINT('Ctrl Pts',(-3.10917369156742,0.364173417314639,
3.46930364611454));
#10379=CARTESIAN_POINT('Ctrl Pts',(-2.98838000918899,0.381013129867322,
3.45954098952592));
#10380=CARTESIAN_POINT('Ctrl Pts',(-2.75462886232064,0.372562752275441,
3.43623556410812));
#10381=CARTESIAN_POINT('Ctrl Pts',(-2.641912450732,0.354476307714773,3.42235553606559));
#10382=CARTESIAN_POINT('Ctrl Pts',(-2.40857706350418,0.345542434654736,
3.4018991697971));
#10383=CARTESIAN_POINT('Ctrl Pts',(-2.29529387408979,0.35,3.39455095268945));
#10384=CARTESIAN_POINT('Ctrl Pts',(-2.06155904198652,0.35,3.37953474599335));
#10385=CARTESIAN_POINT('Ctrl Pts',(-1.94489237531985,0.35,3.37286883783198));
#10386=CARTESIAN_POINT('Ctrl Pts',(-1.825,0.35,3.36682499334469));
#10387=CARTESIAN_POINT('Ctrl Pts',(-4.625,0.622224646302147,3.6833585066053));
#10388=CARTESIAN_POINT('Ctrl Pts',(-4.51302422669514,0.539532112690463,
3.65887157035374));
#10389=CARTESIAN_POINT('Ctrl Pts',(-4.39635756002848,0.485081035954731,
3.6369450482963));
#10390=CARTESIAN_POINT('Ctrl Pts',(-4.16237353283762,0.434547452348616,
3.59960613090368));
#10391=CARTESIAN_POINT('Ctrl Pts',(-4.03681603232928,0.462815513470307,
3.58537890649779));
#10392=CARTESIAN_POINT('Ctrl Pts',(-3.80251266649415,0.454550908914258,
3.55373226634816));
#10393=CARTESIAN_POINT('Ctrl Pts',(-3.69668623628834,0.448023122656023,
3.53844786453636));
#10394=CARTESIAN_POINT('Ctrl Pts',(-3.46261488467305,0.416646418708288,
3.50880585410358));
#10395=CARTESIAN_POINT('Ctrl Pts',(-3.34253195722868,0.378493274528601,
3.49387676903011));
#10396=CARTESIAN_POINT('Ctrl Pts',(-3.10917369156742,0.357545581556882,
3.46871105964795));
#10397=CARTESIAN_POINT('Ctrl Pts',(-2.98838000918899,0.373636700852429,
3.45885427976231));
#10398=CARTESIAN_POINT('Ctrl Pts',(-2.75462886232064,0.361897958267537,
3.43530329878146));
#10399=CARTESIAN_POINT('Ctrl Pts',(-2.641912450732,0.335142191582414,3.42074472567945));
#10400=CARTESIAN_POINT('Ctrl Pts',(-2.40857706350418,0.325987367260917,
3.40026937703938));
#10401=CARTESIAN_POINT('Ctrl Pts',(-2.29529387408979,0.338707524894884,
3.39356054775011));
#10402=CARTESIAN_POINT('Ctrl Pts',(-2.06155904198652,0.341764767497762,
3.3787795924504));
#10403=CARTESIAN_POINT('Ctrl Pts',(-1.94489237531985,0.341764767497762,
3.37211291282593));
#10404=CARTESIAN_POINT('Ctrl Pts',(-1.825,0.340280964135511,3.36595334840449));
#10405=CARTESIAN_POINT('Ctrl Pts',(-4.625,0.505565251875256,3.67137922077005));
#10406=CARTESIAN_POINT('Ctrl Pts',(-4.51302422669514,0.45830985088843,3.65090057822643));
#10407=CARTESIAN_POINT('Ctrl Pts',(-4.39635756002848,0.427193287482663,
3.63161342273255));
#10408=CARTESIAN_POINT('Ctrl Pts',(-4.16237353283762,0.398315411182223,
3.59672398217128));
#10409=CARTESIAN_POINT('Ctrl Pts',(-4.03681603232928,0.414469452001657,
3.58122658097812));
#10410=CARTESIAN_POINT('Ctrl Pts',(-3.80251266649415,0.409746568504973,
3.54977091757752));
#10411=CARTESIAN_POINT('Ctrl Pts',(-3.69668623628834,0.406256782655465,
3.53442618854349));
#10412=CARTESIAN_POINT('Ctrl Pts',(-3.46261488467305,0.387863514124361,
3.5059154234501));
#10413=CARTESIAN_POINT('Ctrl Pts',(-3.34253195722868,0.365212694459461,
3.49260729350017));
#10414=CARTESIAN_POINT('Ctrl Pts',(-3.10917369156742,0.352820753211054,
3.46830507357516));
#10415=CARTESIAN_POINT('Ctrl Pts',(-2.98838000918899,0.367740773863444,
3.4582909390401));
#10416=CARTESIAN_POINT('Ctrl Pts',(-2.75462886232064,0.34966137294942,3.43424005735088));
#10417=CARTESIAN_POINT('Ctrl Pts',(-2.641912450732,0.306887902811817,3.41839558955373));
#10418=CARTESIAN_POINT('Ctrl Pts',(-2.40857706350418,0.295912822308804,
3.39775804049997));
#10419=CARTESIAN_POINT('Ctrl Pts',(-2.29529387408979,0.32176934017815,3.3920749866441));
#10420=CARTESIAN_POINT('Ctrl Pts',(-2.06155904198652,0.329412303754454,
3.37764689744059));
#10421=CARTESIAN_POINT('Ctrl Pts',(-1.94489237531985,0.329412303754454,
3.37097906065752));
#10422=CARTESIAN_POINT('Ctrl Pts',(-1.825,0.325702864718962,3.36464592174496));
#10423=CARTESIAN_POINT('Ctrl Pts',(-4.625,0.466673938906442,3.66738562765353));
#10424=CARTESIAN_POINT('Ctrl Pts',(-4.51302422669514,0.431232388166323,
3.64824324959021));
#10425=CARTESIAN_POINT('Ctrl Pts',(-4.39635756002848,0.407894965611998,
3.62983599263829));
#10426=CARTESIAN_POINT('Ctrl Pts',(-4.16237353283762,0.386236558386667,
3.5957631461501));
#10427=CARTESIAN_POINT('Ctrl Pts',(-4.03681603232928,0.398352089001243,
3.5798422999082));
#10428=CARTESIAN_POINT('Ctrl Pts',(-3.80251266649415,0.39480992637873,3.5484503033606));
#10429=CARTESIAN_POINT('Ctrl Pts',(-3.69668623628834,0.393455076739791,
3.53318985101629));
#10430=CARTESIAN_POINT('Ctrl Pts',(-3.46261488467305,0.377231644596446,
3.50485541711969));
#10431=CARTESIAN_POINT('Ctrl Pts',(-3.34253195722868,0.355794176278876,
3.49171651448225));
#10432=CARTESIAN_POINT('Ctrl Pts',(-3.10917369156742,0.344289910041368,
3.46752588671478));
#10433=CARTESIAN_POINT('Ctrl Pts',(-2.98838000918899,0.358883842822643,
3.4574808602351));
#10434=CARTESIAN_POINT('Ctrl Pts',(-2.75462886232064,0.340568370251729,
3.43343876812815));
#10435=CARTESIAN_POINT('Ctrl Pts',(-2.641912450732,0.296473959317698,3.41752310490716));
#10436=CARTESIAN_POINT('Ctrl Pts',(-2.40857706350418,0.286877232473278,
3.39700979152393));
#10437=CARTESIAN_POINT('Ctrl Pts',(-2.29529387408979,0.316122574684653,
3.39157973787145));
#10438=CARTESIAN_POINT('Ctrl Pts',(-2.06155904198652,0.325294302493287,
3.3772692853645));
#10439=CARTESIAN_POINT('Ctrl Pts',(-1.94489237531985,0.325294302493287,
3.37060106281382));
#10440=CARTESIAN_POINT('Ctrl Pts',(-1.825,0.320842892406533,3.36421005852409));
#10441=CARTESIAN_POINT('Ctrl Pts',(-4.625,0.466673938906442,3.66738562765353));
#10442=CARTESIAN_POINT('Ctrl Pts',(-4.51302422669514,0.431232388166323,
3.64824324959021));
#10443=CARTESIAN_POINT('Ctrl Pts',(-4.39635756002848,0.407894965611997,
3.62983599263828));
#10444=CARTESIAN_POINT('Ctrl Pts',(-4.16237353283762,0.386236558386667,
3.5957631461501));
#10445=CARTESIAN_POINT('Ctrl Pts',(-4.03681603232928,0.398352089001243,
3.57984229990819));
#10446=CARTESIAN_POINT('Ctrl Pts',(-3.80251266649415,0.39480992637873,3.5484503033606));
#10447=CARTESIAN_POINT('Ctrl Pts',(-3.69668623628833,0.39345507673979,3.53318985101629));
#10448=CARTESIAN_POINT('Ctrl Pts',(-3.46261488467304,0.377231644596446,
3.50485541711969));
#10449=CARTESIAN_POINT('Ctrl Pts',(-3.34253195722868,0.355794176278876,
3.49171651448225));
#10450=CARTESIAN_POINT('Ctrl Pts',(-3.10917369156742,0.344289910041368,
3.46752588671478));
#10451=CARTESIAN_POINT('Ctrl Pts',(-2.98838000918899,0.358883842822643,
3.4574808602351));
#10452=CARTESIAN_POINT('Ctrl Pts',(-2.75462886232064,0.340568370251728,
3.43343876812815));
#10453=CARTESIAN_POINT('Ctrl Pts',(-2.641912450732,0.296473959317698,3.41752310490716));
#10454=CARTESIAN_POINT('Ctrl Pts',(-2.40857706350418,0.286877232473278,
3.39700979152393));
#10455=CARTESIAN_POINT('Ctrl Pts',(-2.29529387408979,0.316122574684653,
3.39157973787145));
#10456=CARTESIAN_POINT('Ctrl Pts',(-2.06155904198652,0.325294302493287,
3.3772692853645));
#10457=CARTESIAN_POINT('Ctrl Pts',(-1.94489237531985,0.325294302493287,
3.37060106281382));
#10458=CARTESIAN_POINT('Ctrl Pts',(-1.825,0.320842892406533,3.36421005852409));
#10459=CARTESIAN_POINT('Ctrl Pts',(-4.625,0.466673938906442,3.66738562765353));
#10460=CARTESIAN_POINT('Ctrl Pts',(-4.51302422669514,0.431232388166323,
3.64824324959021));
#10461=CARTESIAN_POINT('Ctrl Pts',(-4.39635756002848,0.407894965611997,
3.62983599263828));
#10462=CARTESIAN_POINT('Ctrl Pts',(-4.16237353283762,0.386236558386667,
3.5957631461501));
#10463=CARTESIAN_POINT('Ctrl Pts',(-4.03681603232928,0.398352089001243,
3.57984229990819));
#10464=CARTESIAN_POINT('Ctrl Pts',(-3.80251266649415,0.39480992637873,3.5484503033606));
#10465=CARTESIAN_POINT('Ctrl Pts',(-3.69668623628833,0.39345507673979,3.53318985101629));
#10466=CARTESIAN_POINT('Ctrl Pts',(-3.46261488467305,0.377231644596446,
3.50485541711969));
#10467=CARTESIAN_POINT('Ctrl Pts',(-3.34253195722868,0.355794176278876,
3.49171651448225));
#10468=CARTESIAN_POINT('Ctrl Pts',(-3.10917369156742,0.344289910041368,
3.46752588671478));
#10469=CARTESIAN_POINT('Ctrl Pts',(-2.98838000918899,0.358883842822643,
3.4574808602351));
#10470=CARTESIAN_POINT('Ctrl Pts',(-2.75462886232064,0.340568370251728,
3.43343876812815));
#10471=CARTESIAN_POINT('Ctrl Pts',(-2.641912450732,0.296473959317698,3.41752310490716));
#10472=CARTESIAN_POINT('Ctrl Pts',(-2.40857706350418,0.286877232473278,
3.39700979152393));
#10473=CARTESIAN_POINT('Ctrl Pts',(-2.29529387408979,0.316122574684653,
3.39157973787145));
#10474=CARTESIAN_POINT('Ctrl Pts',(-2.06155904198652,0.325294302493287,
3.3772692853645));
#10475=CARTESIAN_POINT('Ctrl Pts',(-1.94489237531985,0.325294302493287,
3.37060106281382));
#10476=CARTESIAN_POINT('Ctrl Pts',(-1.825,0.320842892406533,3.36421005852409));
#10477=CARTESIAN_POINT('Ctrl Pts',(-4.625,0.427782625937628,3.663392034537));
#10478=CARTESIAN_POINT('Ctrl Pts',(-4.51302422669514,0.404154925444215,
3.64558592095399));
#10479=CARTESIAN_POINT('Ctrl Pts',(-4.39635756002848,0.388596643741332,
3.62805856254402));
#10480=CARTESIAN_POINT('Ctrl Pts',(-4.16237353283762,0.374157705591111,
3.59480231012892));
#10481=CARTESIAN_POINT('Ctrl Pts',(-4.03681603232928,0.382234726000829,
3.57845801883827));
#10482=CARTESIAN_POINT('Ctrl Pts',(-3.80251266649415,0.379873284252487,
3.54712968914367));
#10483=CARTESIAN_POINT('Ctrl Pts',(-3.69668623628833,0.386266034266382,
3.53238991445663));
#10484=CARTESIAN_POINT('Ctrl Pts',(-3.46261488467305,0.361416117101201,
3.50339236624981));
#10485=CARTESIAN_POINT('Ctrl Pts',(-3.34253195722868,0.321411463969279,
3.48888947711844));
#10486=CARTESIAN_POINT('Ctrl Pts',(-3.10917369156742,0.300968473881696,
3.46403691843864));
#10487=CARTESIAN_POINT('Ctrl Pts',(-2.98838000918899,0.315558065502914,
3.45396320892016));
#10488=CARTESIAN_POINT('Ctrl Pts',(-2.75462886232064,0.306398503556792,
3.43065904036523));
#10489=CARTESIAN_POINT('Ctrl Pts',(-2.641912450732,0.281084924203424,3.41625912511328));
#10490=CARTESIAN_POINT('Ctrl Pts',(-2.40857706350418,0.282795903472486,
3.39665139849897));
#10491=CARTESIAN_POINT('Ctrl Pts',(-2.29529387408979,0.310475809191156,
3.3910844890988));
#10492=CARTESIAN_POINT('Ctrl Pts',(-2.06155904198652,0.32117630123212,3.37689167328841));
#10493=CARTESIAN_POINT('Ctrl Pts',(-1.94489237531985,0.32117630123212,3.37022306497011));
#10494=CARTESIAN_POINT('Ctrl Pts',(-1.825,0.315982920094103,3.36377419530323));
#10495=CARTESIAN_POINT('Ctrl Pts',(-4.625,0.388891312968814,3.65939844142047));
#10496=CARTESIAN_POINT('Ctrl Pts',(-4.51302422669514,0.377077462722108,
3.64292859231776));
#10497=CARTESIAN_POINT('Ctrl Pts',(-4.39635756002848,0.369298321870666,
3.62628113244976));
#10498=CARTESIAN_POINT('Ctrl Pts',(-4.16237353283762,0.362078852795556,
3.59384147410774));
#10499=CARTESIAN_POINT('Ctrl Pts',(-4.03681603232928,0.366117363000415,
3.57707373776835));
#10500=CARTESIAN_POINT('Ctrl Pts',(-3.80251266649415,0.364936642126243,
3.54580907492675));
#10501=CARTESIAN_POINT('Ctrl Pts',(-3.69668623628833,0.38272464224757,3.53188644674133));
#10502=CARTESIAN_POINT('Ctrl Pts',(-3.46261488467305,0.342231748317769,
3.50165550721328));
#10503=CARTESIAN_POINT('Ctrl Pts',(-3.34253195722868,0.270804608701529,
3.4847437362215));
#10504=CARTESIAN_POINT('Ctrl Pts',(-3.10917369156742,0.235036752312792,
3.45871032021841));
#10505=CARTESIAN_POINT('Ctrl Pts',(-2.98838000918899,0.249831104842682,
3.44862520611507));
#10506=CARTESIAN_POINT('Ctrl Pts',(-2.75462886232064,0.255931270148117,
3.4265550728528));
#10507=CARTESIAN_POINT('Ctrl Pts',(-2.641912450732,0.262462594344758,3.41473241190318));
#10508=CARTESIAN_POINT('Ctrl Pts',(-2.40857706350418,0.281934331361072,
3.39655463882136));
#10509=CARTESIAN_POINT('Ctrl Pts',(-2.29529387408979,0.304829043697658,
3.39058924032614));
#10510=CARTESIAN_POINT('Ctrl Pts',(-2.06155904198652,0.317058299970953,
3.37651406121233));
#10511=CARTESIAN_POINT('Ctrl Pts',(-1.94489237531985,0.317058299970953,
3.3698450671264));
#10512=CARTESIAN_POINT('Ctrl Pts',(-1.825,0.311122947781674,3.36333833208236));
#10513=CARTESIAN_POINT('Ctrl Pts',(-4.625,0.35,3.65540484830394));
#10514=CARTESIAN_POINT('Ctrl Pts',(-4.51302422669514,0.35,3.64027126368154));
#10515=CARTESIAN_POINT('Ctrl Pts',(-4.39635756002848,0.35,3.62450370235551));
#10516=CARTESIAN_POINT('Ctrl Pts',(-4.16237353283762,0.35,3.59288063808656));
#10517=CARTESIAN_POINT('Ctrl Pts',(-4.03681603232928,0.35,3.57568945669842));
#10518=CARTESIAN_POINT('Ctrl Pts',(-3.80251266649415,0.35,3.54448846070983));
#10519=CARTESIAN_POINT('Ctrl Pts',(-3.69668623628833,0.371887949319565,
3.53079004133732));
#10520=CARTESIAN_POINT('Ctrl Pts',(-3.46261488467305,0.329785062110711,
3.50046626451004));
#10521=CARTESIAN_POINT('Ctrl Pts',(-3.34253195722868,0.252646039350085,
3.48323540239082));
#10522=CARTESIAN_POINT('Ctrl Pts',(-3.10917369156742,0.214325601562352,
3.45705898188636));
#10523=CARTESIAN_POINT('Ctrl Pts',(-2.98838000918899,0.228906510863457,
3.44692790629026));
#10524=CARTESIAN_POINT('Ctrl Pts',(-2.75462886232064,0.238058770166918,
3.4250995848394));
#10525=CARTESIAN_POINT('Ctrl Pts',(-2.641912450732,0.250306853974875,3.41373116552553));
#10526=CARTESIAN_POINT('Ctrl Pts',(-2.40857706350418,0.2746332454709,3.39593461244905));
#10527=CARTESIAN_POINT('Ctrl Pts',(-2.29529387408979,0.299182278204161,
3.39009399155349));
#10528=CARTESIAN_POINT('Ctrl Pts',(-2.06155904198652,0.312940298709786,
3.37613644913624));
#10529=CARTESIAN_POINT('Ctrl Pts',(-1.94489237531985,0.312940298709786,
3.36946706928269));
#10530=CARTESIAN_POINT('Ctrl Pts',(-1.825,0.306262975469244,3.36290246886149));
#10531=CARTESIAN_POINT('Ctrl Pts',(-2.97289014775884,0.228124138141805,
3.44530644715139));
#10532=CARTESIAN_POINT('Ctrl Pts',(-2.93985260218982,0.230015487787118,
3.44230402288131));
#10533=CARTESIAN_POINT('Ctrl Pts',(-2.90712864465937,0.23208781528441,3.4393404316317));
#10534=CARTESIAN_POINT('Ctrl Pts',(-2.75462886232064,0.238058770166918,
3.4250995848394));
#10535=CARTESIAN_POINT('Ctrl Pts',(-2.641912450732,0.250306853974875,3.41373116552552));
#10536=CARTESIAN_POINT('Ctrl Pts',(-2.40857706350418,0.2746332454709,3.39593461244905));
#10537=CARTESIAN_POINT('Ctrl Pts',(-2.29529387408979,0.299182278204161,
3.39009399155349));
#10538=CARTESIAN_POINT('Ctrl Pts',(-2.06155904198652,0.312940298709786,
3.37613644913624));
#10539=CARTESIAN_POINT('Ctrl Pts',(-1.94489237531985,0.312940298709786,
3.36946706928269));
#10540=CARTESIAN_POINT('Ctrl Pts',(-1.825,0.306262975469244,3.36290246886149));
#10541=CARTESIAN_POINT('Ctrl Pts',(-2.97289014775884,0.228124138141805,
3.44530644715139));
#10542=CARTESIAN_POINT('Ctrl Pts',(-2.93985260218982,0.230015487787117,
3.44230402288131));
#10543=CARTESIAN_POINT('Ctrl Pts',(-2.90712864465937,0.23208781528441,3.4393404316317));
#10544=CARTESIAN_POINT('Ctrl Pts',(-2.75462886232064,0.238058770166918,
3.42509958483941));
#10545=CARTESIAN_POINT('Ctrl Pts',(-2.641912450732,0.250306853974875,3.41373116552552));
#10546=CARTESIAN_POINT('Ctrl Pts',(-2.40857706350418,0.2746332454709,3.39593461244905));
#10547=CARTESIAN_POINT('Ctrl Pts',(-2.29529387408979,0.299182278204161,
3.39009399155349));
#10548=CARTESIAN_POINT('Ctrl Pts',(-2.06155904198652,0.312940298709786,
3.37613644913624));
#10549=CARTESIAN_POINT('Ctrl Pts',(-1.94489237531985,0.312940298709786,
3.36946706928269));
#10550=CARTESIAN_POINT('Ctrl Pts',(-1.825,0.306262975469244,3.36290246886149));
#10551=CARTESIAN_POINT('Ctrl Pts',(-2.97289014775884,0.209128143556065,
3.44377250740006));
#10552=CARTESIAN_POINT('Ctrl Pts',(-2.93985260218982,0.210479143646724,
3.44072162744078));
#10553=CARTESIAN_POINT('Ctrl Pts',(-2.90712864465937,0.212224122204858,
3.43772718504));
#10554=CARTESIAN_POINT('Ctrl Pts',(-2.75462886232064,0.220186270185719,
3.42364409682601));
#10555=CARTESIAN_POINT('Ctrl Pts',(-2.641912450732,0.238151113604993,3.41272991914787));
#10556=CARTESIAN_POINT('Ctrl Pts',(-2.40857706350418,0.267332159580728,
3.39531458607674));
#10557=CARTESIAN_POINT('Ctrl Pts',(-2.29529387408979,0.293535512710663,
3.38959874278084));
#10558=CARTESIAN_POINT('Ctrl Pts',(-2.06155904198652,0.308822297448618,
3.37575883706015));
#10559=CARTESIAN_POINT('Ctrl Pts',(-1.94489237531985,0.308822297448618,
3.36908907143898));
#10560=CARTESIAN_POINT('Ctrl Pts',(-1.825,0.301403003156815,3.36246660564062));
#10561=CARTESIAN_POINT('Ctrl Pts',(-2.97289014775884,0.191599523160598,
3.44236334587932));
#10562=CARTESIAN_POINT('Ctrl Pts',(-2.93985260218982,0.19192606820738,3.43922233129331));
#10563=CARTESIAN_POINT('Ctrl Pts',(-2.90712864465937,0.192780078659379,
3.43614890750599));
#10564=CARTESIAN_POINT('Ctrl Pts',(-2.75462886232064,0.200741537937066,
3.42205759596407));
#10565=CARTESIAN_POINT('Ctrl Pts',(-2.641912450732,0.216257701717157,3.41091724159175));
#10566=CARTESIAN_POINT('Ctrl Pts',(-2.40857706350418,0.250320228924682,
3.39388536168998));
#10567=CARTESIAN_POINT('Ctrl Pts',(-2.29529387408979,0.286314623481345,
3.388972317865));
#10568=CARTESIAN_POINT('Ctrl Pts',(-2.06155904198652,0.306186574214249,
3.37550473409575));
#10569=CARTESIAN_POINT('Ctrl Pts',(-1.94489237531985,0.306186574214249,
3.36883458261828));
#10570=CARTESIAN_POINT('Ctrl Pts',(-1.825,0.296541913602684,3.36203064222071));
#10571=CARTESIAN_POINT('Ctrl Pts',(-2.97289014775884,0.172105966510104,
3.44078544156071));
#10572=CARTESIAN_POINT('Ctrl Pts',(-2.93985260218982,0.172308654021015,
3.437632016047));
#10573=CARTESIAN_POINT('Ctrl Pts',(-2.90712864465937,0.173126210346864,
3.43455314544313));
#10574=CARTESIAN_POINT('Ctrl Pts',(-2.75462886232064,0.182082921822141,
3.42053660152641));
#10575=CARTESIAN_POINT('Ctrl Pts',(-2.641912450732,0.199233125588299,3.40951027962486));
#10576=CARTESIAN_POINT('Ctrl Pts',(-2.40857706350418,0.238163720651573,
3.39286073631045));
#10577=CARTESIAN_POINT('Ctrl Pts',(-2.29529387408979,0.279880796119937,
3.38841148102075));
#10578=CARTESIAN_POINT('Ctrl Pts',(-2.06155904198652,0.302809711966481,
3.3751888765755));
#10579=CARTESIAN_POINT('Ctrl Pts',(-1.94489237531985,0.302809711966481,
3.36851833928608));
#10580=CARTESIAN_POINT('Ctrl Pts',(-1.825,0.291681382669403,3.36159472890032));
#10581=CARTESIAN_POINT('Ctrl Pts',(-2.93212912534893,0.172703939680353,
3.43691937610837));
#10582=CARTESIAN_POINT('Ctrl Pts',(-2.91291898552774,0.173166569829123,
3.43510985596555));
#10583=CARTESIAN_POINT('Ctrl Pts',(-2.89385695739321,0.173905691286509,
3.43333331952232));
#10584=CARTESIAN_POINT('Ctrl Pts',(-2.75462886232064,0.182082921822141,
3.42053660152641));
#10585=CARTESIAN_POINT('Ctrl Pts',(-2.641912450732,0.199233125588299,3.40951027962486));
#10586=CARTESIAN_POINT('Ctrl Pts',(-2.40857706350418,0.238163720651573,
3.39286073631045));
#10587=CARTESIAN_POINT('Ctrl Pts',(-2.29529387408979,0.279880796119937,
3.38841148102075));
#10588=CARTESIAN_POINT('Ctrl Pts',(-2.06155904198652,0.302809711966481,
3.3751888765755));
#10589=CARTESIAN_POINT('Ctrl Pts',(-1.94489237531985,0.302809711966481,
3.36851833928608));
#10590=CARTESIAN_POINT('Ctrl Pts',(-1.825,0.291681382669403,3.36159472890032));
#10591=CARTESIAN_POINT('Ctrl Pts',(-2.93212912534893,0.172703939680353,
3.43691937610837));
#10592=CARTESIAN_POINT('Ctrl Pts',(-2.91291898552774,0.173166569829123,
3.43510985596555));
#10593=CARTESIAN_POINT('Ctrl Pts',(-2.89385695739321,0.173905691286509,
3.43333331952232));
#10594=CARTESIAN_POINT('Ctrl Pts',(-2.75462886232064,0.182082921822141,
3.42053660152641));
#10595=CARTESIAN_POINT('Ctrl Pts',(-2.641912450732,0.199233125588299,3.40951027962487));
#10596=CARTESIAN_POINT('Ctrl Pts',(-2.40857706350418,0.238163720651573,
3.39286073631045));
#10597=CARTESIAN_POINT('Ctrl Pts',(-2.29529387408979,0.279880796119937,
3.38841148102075));
#10598=CARTESIAN_POINT('Ctrl Pts',(-2.06155904198652,0.302809711966481,
3.3751888765755));
#10599=CARTESIAN_POINT('Ctrl Pts',(-1.94489237531985,0.302809711966481,
3.36851833928608));
#10600=CARTESIAN_POINT('Ctrl Pts',(-1.825,0.291681382669403,3.36159472890032));
#10601=CARTESIAN_POINT('Ctrl Pts',(-2.93212912534893,0.153112824373457,
3.43533065999141));
#10602=CARTESIAN_POINT('Ctrl Pts',(-2.91291898552774,0.153561037709783,
3.43351865804303));
#10603=CARTESIAN_POINT('Ctrl Pts',(-2.89385695739321,0.154338437365928,
3.43174406430507));
#10604=CARTESIAN_POINT('Ctrl Pts',(-2.75462886232064,0.163424305707215,
3.41901560708874));
#10605=CARTESIAN_POINT('Ctrl Pts',(-2.641912450732,0.18220854945944,3.40810331765798));
#10606=CARTESIAN_POINT('Ctrl Pts',(-2.40857706350418,0.226007212378465,
3.39183611093091));
#10607=CARTESIAN_POINT('Ctrl Pts',(-2.29529387408979,0.27344696875853,3.3878506441765));
#10608=CARTESIAN_POINT('Ctrl Pts',(-2.06155904198652,0.299432849718713,
3.37487301905526));
#10609=CARTESIAN_POINT('Ctrl Pts',(-1.94489237531985,0.299432849718713,
3.36820209595387));
#10610=CARTESIAN_POINT('Ctrl Pts',(-1.825,0.286820851736123,3.36115881557993));
#10611=CARTESIAN_POINT('Ctrl Pts',(-2.93212912534893,0.112829542691733,
3.43206047876518));
#10612=CARTESIAN_POINT('Ctrl Pts',(-2.91291898552774,0.113600693024174,
3.43027342805029));
#10613=CARTESIAN_POINT('Ctrl Pts',(-2.89385695739321,0.114832722019894,
3.42853462530688));
#10614=CARTESIAN_POINT('Ctrl Pts',(-2.75462886232064,0.128463208625169,
3.41616995621922));
#10615=CARTESIAN_POINT('Ctrl Pts',(-2.641912450732,0.166835109151749,3.40687054385561));
#10616=CARTESIAN_POINT('Ctrl Pts',(-2.40857706350418,0.212199789666746,
3.39063746908071));
#10617=CARTESIAN_POINT('Ctrl Pts',(-2.29529387408979,0.242579992160162,
3.38510562168039));
#10618=CARTESIAN_POINT('Ctrl Pts',(-2.06155904198652,0.262461329186205,
3.37155105407301));
#10619=CARTESIAN_POINT('Ctrl Pts',(-1.94489237531985,0.262461329186205,
3.36487743147678));
#10620=CARTESIAN_POINT('Ctrl Pts',(-1.825,0.252812113027328,3.35810876561291));
#10621=CARTESIAN_POINT('Ctrl Pts',(-2.93212912534893,0.0828923441974227,
3.42963103009358));
#10622=CARTESIAN_POINT('Ctrl Pts',(-2.91291898552774,0.0838177546217002,
3.42785521409266));
#10623=CARTESIAN_POINT('Ctrl Pts',(-2.89385695739321,0.0852962373865859,
3.42613527819917));
#10624=CARTESIAN_POINT('Ctrl Pts',(-2.75462886232064,0.101653352026683,
3.41398663356563));
#10625=CARTESIAN_POINT('Ctrl Pts',(-2.641912450732,0.150636100933475,3.40555067597098));
#10626=CARTESIAN_POINT('Ctrl Pts',(-2.40857706350418,0.199217824174332,
3.38952583546584));
#10627=CARTESIAN_POINT('Ctrl Pts',(-2.29529387408979,0.223929590180274,
3.38345269201022));
#10628=CARTESIAN_POINT('Ctrl Pts',(-2.06155904198652,0.242287137796067,
3.36973214282176));
#10629=CARTESIAN_POINT('Ctrl Pts',(-1.94489237531985,0.242287137796066,
3.36305697757214));
#10630=CARTESIAN_POINT('Ctrl Pts',(-1.825,0.23337747820629,3.3563657839692));
#10631=CARTESIAN_POINT('Ctrl Pts',(-2.89588878229238,0.0853569351547104,
3.42633487750097));
#10632=CARTESIAN_POINT('Ctrl Pts',(-2.88889999900222,0.0859815646259419,
3.42571041120311));
#10633=CARTESIAN_POINT('Ctrl Pts',(-2.88193612668914,0.0866967477816332,
3.42509510066973));
#10634=CARTESIAN_POINT('Ctrl Pts',(-2.75462886232064,0.101653352026683,
3.41398663356563));
#10635=CARTESIAN_POINT('Ctrl Pts',(-2.641912450732,0.150636100933475,3.40555067597098));
#10636=CARTESIAN_POINT('Ctrl Pts',(-2.40857706350418,0.199217824174332,
3.38952583546584));
#10637=CARTESIAN_POINT('Ctrl Pts',(-2.29529387408979,0.223929590180274,
3.38345269201022));
#10638=CARTESIAN_POINT('Ctrl Pts',(-2.06155904198652,0.242287137796066,
3.36973214282176));
#10639=CARTESIAN_POINT('Ctrl Pts',(-1.94489237531985,0.242287137796066,
3.36305697757214));
#10640=CARTESIAN_POINT('Ctrl Pts',(-1.825,0.23337747820629,3.3563657839692));
#10641=CARTESIAN_POINT('Ctrl Pts',(-2.89588878229238,0.0853569351547104,
3.42633487750097));
#10642=CARTESIAN_POINT('Ctrl Pts',(-2.88889999900222,0.0859815646259419,
3.42571041120311));
#10643=CARTESIAN_POINT('Ctrl Pts',(-2.88193612668914,0.0866967477816332,
3.42509510066973));
#10644=CARTESIAN_POINT('Ctrl Pts',(-2.75462886232064,0.101653352026683,
3.41398663356563));
#10645=CARTESIAN_POINT('Ctrl Pts',(-2.641912450732,0.150636100933474,3.40555067597098));
#10646=CARTESIAN_POINT('Ctrl Pts',(-2.40857706350418,0.199217824174332,
3.38952583546584));
#10647=CARTESIAN_POINT('Ctrl Pts',(-2.29529387408979,0.223929590180274,
3.38345269201021));
#10648=CARTESIAN_POINT('Ctrl Pts',(-2.06155904198652,0.242287137796066,
3.36973214282176));
#10649=CARTESIAN_POINT('Ctrl Pts',(-1.94489237531985,0.242287137796066,
3.36305697757214));
#10650=CARTESIAN_POINT('Ctrl Pts',(-1.825,0.23337747820629,3.3563657839692));
#10651=CARTESIAN_POINT('Ctrl Pts',(-2.89588878229238,0.0558305684572282,
3.42393658305794));
#10652=CARTESIAN_POINT('Ctrl Pts',(-2.88889999900222,0.0565593197289795,
3.42332020422308));
#10653=CARTESIAN_POINT('Ctrl Pts',(-2.88193612668914,0.0573937194143122,
3.42271424976384));
#10654=CARTESIAN_POINT('Ctrl Pts',(-2.75462886232064,0.0748434954281969,
3.41180331091203));
#10655=CARTESIAN_POINT('Ctrl Pts',(-2.641912450732,0.1344370927152,3.40423080808636));
#10656=CARTESIAN_POINT('Ctrl Pts',(-2.40857706350418,0.186235858681918,
3.38841420185097));
#10657=CARTESIAN_POINT('Ctrl Pts',(-2.29529387408979,0.205279188200386,
3.38179976234004));
#10658=CARTESIAN_POINT('Ctrl Pts',(-2.06155904198652,0.222112946405928,
3.36791323157051));
#10659=CARTESIAN_POINT('Ctrl Pts',(-1.94489237531985,0.222112946405928,
3.36123652366749));
#10660=CARTESIAN_POINT('Ctrl Pts',(-1.825,0.213942843385253,3.35462280232549));
#10661=CARTESIAN_POINT('Ctrl Pts',(-2.89588878229238,0.0284523117182368,
3.42171730316677));
#10662=CARTESIAN_POINT('Ctrl Pts',(-2.88889999900222,0.0286605215419806,
3.42105695897413));
#10663=CARTESIAN_POINT('Ctrl Pts',(-2.88193612668914,0.0288989159272111,
3.4204007615971));
#10664=CARTESIAN_POINT('Ctrl Pts',(-2.75462886232064,0.0338844506755608,
3.40844095946569));
#10665=CARTESIAN_POINT('Ctrl Pts',(-2.641912450732,0.0502120336444914,3.39736212870448));
#10666=CARTESIAN_POINT('Ctrl Pts',(-2.40857706350418,0.0664059413914437,
3.37827977131173));
#10667=CARTESIAN_POINT('Ctrl Pts',(-2.29529387408979,0.0746431967267582,
3.37022177492087));
#10668=CARTESIAN_POINT('Ctrl Pts',(-2.06155904198652,0.0807623792653555,
3.35516915256328));
#10669=CARTESIAN_POINT('Ctrl Pts',(-1.94489237531985,0.0807623792653556,
3.34848163752119));
#10670=CARTESIAN_POINT('Ctrl Pts',(-1.825,0.0777924927354301,3.34241225326437));
#10671=CARTESIAN_POINT('Ctrl Pts',(-2.89588878229238,-4.72313879040183E-17,
3.41940851599968));
#10672=CARTESIAN_POINT('Ctrl Pts',(-2.88889999900222,-5.00292906184821E-17,
3.41873023285964));
#10673=CARTESIAN_POINT('Ctrl Pts',(-2.88193612668914,-5.27937925911912E-17,
3.41805359206079));
#10674=CARTESIAN_POINT('Ctrl Pts',(-2.75462886232064,-1.02668817987829E-16,
3.40566812241572));
#10675=CARTESIAN_POINT('Ctrl Pts',(-2.641912450732,-2.68829259089968E-16,
3.39326785507123));
#10676=CARTESIAN_POINT('Ctrl Pts',(-2.40857706350418,-1.75455838829371E-16,
3.37265673923468));
#10677=CARTESIAN_POINT('Ctrl Pts',(-2.29529387408979,2.00691805491998E-16,
3.3636063163762));
#10678=CARTESIAN_POINT('Ctrl Pts',(-2.06155904198652,2.4218097547824E-16,
3.34788765743403));
#10679=CARTESIAN_POINT('Ctrl Pts',(-1.94489237531985,1.4966239009281E-16,
3.34119396749572));
#10680=CARTESIAN_POINT('Ctrl Pts',(-1.825,-5.55111512312578E-17,3.33543548791196));
#10681=CARTESIAN_POINT('Ctrl Pts',(-4.625,-0.35,3.59568149114835));
#10682=CARTESIAN_POINT('Ctrl Pts',(-4.51302422669514,-0.527176703070877,
3.56321289224758));
#10683=CARTESIAN_POINT('Ctrl Pts',(-4.39635756002848,-0.643843369737543,
3.53620654739553));
#10684=CARTESIAN_POINT('Ctrl Pts',(-4.16237353283762,-0.752116430758168,
3.49466835952207));
#10685=CARTESIAN_POINT('Ctrl Pts',(-4.03681603232928,-0.750803268696551,
3.47807414765052));
#10686=CARTESIAN_POINT('Ctrl Pts',(-3.80251266649415,-0.644348258595897,
3.4586278751489));
#10687=CARTESIAN_POINT('Ctrl Pts',(-3.69668623628833,-0.406175660969565,
3.46767005633132));
#10688=CARTESIAN_POINT('Ctrl Pts',(-3.46261488467304,-0.298418166270771,
3.45277930835324));
#10689=CARTESIAN_POINT('Ctrl Pts',(-3.34253195722868,-0.350025805578839,
3.43797104052763));
#10690=CARTESIAN_POINT('Ctrl Pts',(-3.10917369156742,-0.349974568917217,
3.41466477494784));
#10691=CARTESIAN_POINT('Ctrl Pts',(-2.98838000918899,-0.296697982230814,
3.40693421591421));
#10692=CARTESIAN_POINT('Ctrl Pts',(-2.75462886232064,-0.406588675246866,
3.37213251480139));
#10693=CARTESIAN_POINT('Ctrl Pts',(-2.641912450732,-0.700491016464503,3.33046718911898));
#10694=CARTESIAN_POINT('Ctrl Pts',(-2.40857706350418,-0.699511039429014,
3.3095549225454));
#10695=CARTESIAN_POINT('Ctrl Pts',(-2.29529387408979,-0.406620143250497,
3.32951402534794));
#10696=CARTESIAN_POINT('Ctrl Pts',(-2.06155904198652,-0.296599868843293,
3.32461788967978));
#10697=CARTESIAN_POINT('Ctrl Pts',(-1.94489237531985,-0.296600817725609,
3.31792412241404));
#10698=CARTESIAN_POINT('Ctrl Pts',(-1.825,-0.35,3.30691288034939));
#10699=CARTESIAN_POINT('Ctrl Pts',(-4.625,-0.583333333333333,3.57744389094876));
#10700=CARTESIAN_POINT('Ctrl Pts',(-4.51302422669514,-0.701451135380584,
3.54872947771705));
#10701=CARTESIAN_POINT('Ctrl Pts',(-4.39635756002848,-0.779228913158362,
3.52439063789374));
#10702=CARTESIAN_POINT('Ctrl Pts',(-4.16237353283762,-0.851410953838779,
3.48590036608417));
#10703=CARTESIAN_POINT('Ctrl Pts',(-4.03681603232928,-0.867477485360088,
3.46910242825159));
#10704=CARTESIAN_POINT('Ctrl Pts',(-3.80251266649415,-0.761006654722416,
3.45034782097316));
#10705=CARTESIAN_POINT('Ctrl Pts',(-3.69668623628833,-0.522788902184797,
3.45959573845299));
#10706=CARTESIAN_POINT('Ctrl Pts',(-3.46261488467304,-0.415034166421996,
3.44430796617633));
#10707=CARTESIAN_POINT('Ctrl Pts',(-3.34253195722868,-0.46668974438155,
3.42865169125688));
#10708=CARTESIAN_POINT('Ctrl Pts',(-3.10917369156742,-0.466643923860497,
3.40461227247532));
#10709=CARTESIAN_POINT('Ctrl Pts',(-2.98838000918899,-0.413330835953914,
3.39650624021709));
#10710=CARTESIAN_POINT('Ctrl Pts',(-2.75462886232064,-0.523220152729671,
3.3615790877567));
#10711=CARTESIAN_POINT('Ctrl Pts',(-2.641912450732,-0.817151789294909,3.32031688739345));
#10712=CARTESIAN_POINT('Ctrl Pts',(-2.40857706350418,-0.816183575254358,
3.29973166146625));
#10713=CARTESIAN_POINT('Ctrl Pts',(-2.29529387408979,-0.523287777906661,
3.31993319302475));
#10714=CARTESIAN_POINT('Ctrl Pts',(-2.06155904198652,-0.413267466373594,
3.31517932448275));
#10715=CARTESIAN_POINT('Ctrl Pts',(-1.94489237531985,-0.413268098961805,
3.30847777845439));
#10716=CARTESIAN_POINT('Ctrl Pts',(-1.825,-0.466666666666667,3.29738193087989));
#10717=CARTESIAN_POINT('Ctrl Pts',(-4.625,-0.816666666666666,3.55920629074916));
#10718=CARTESIAN_POINT('Ctrl Pts',(-4.51302422669514,-0.875725567690292,
3.53424606318651));
#10719=CARTESIAN_POINT('Ctrl Pts',(-4.39635756002848,-0.914614456579181,
3.51257472839195));
#10720=CARTESIAN_POINT('Ctrl Pts',(-4.16237353283762,-0.950705476919389,
3.47713237264627));
#10721=CARTESIAN_POINT('Ctrl Pts',(-4.03681603232928,-0.984151702023624,
3.46013070885265));
#10722=CARTESIAN_POINT('Ctrl Pts',(-3.80251266649415,-0.877665050848935,
3.44206776679742));
#10723=CARTESIAN_POINT('Ctrl Pts',(-3.69668623628833,-0.63940214340003,
3.45152142057466));
#10724=CARTESIAN_POINT('Ctrl Pts',(-3.46261488467304,-0.531650166573221,
3.43583662399942));
#10725=CARTESIAN_POINT('Ctrl Pts',(-3.34253195722868,-0.583353683184261,
3.41933234198613));
#10726=CARTESIAN_POINT('Ctrl Pts',(-3.10917369156742,-0.583313278803777,
3.3945597700028));
#10727=CARTESIAN_POINT('Ctrl Pts',(-2.98838000918899,-0.529963689677013,
3.38607826451997));
#10728=CARTESIAN_POINT('Ctrl Pts',(-2.75462886232064,-0.639851630212477,
3.35102566071202));
#10729=CARTESIAN_POINT('Ctrl Pts',(-2.641912450732,-0.933812562125315,3.31016658566792));
#10730=CARTESIAN_POINT('Ctrl Pts',(-2.40857706350418,-0.932856111079703,
3.2899084003871));
#10731=CARTESIAN_POINT('Ctrl Pts',(-2.29529387408979,-0.639955412562825,
3.31035236070157));
#10732=CARTESIAN_POINT('Ctrl Pts',(-2.06155904198652,-0.529935063903896,
3.30574075928573));
#10733=CARTESIAN_POINT('Ctrl Pts',(-1.94489237531985,-0.529935380198001,
3.29903143449474));
#10734=CARTESIAN_POINT('Ctrl Pts',(-1.825,-0.583333333333333,3.28785098141039));
#10735=CARTESIAN_POINT('Ctrl Pts',(-4.625,-1.05,3.54096869054957));
#10736=CARTESIAN_POINT('Ctrl Pts',(-4.51302422669514,-1.05,3.51976264865598));
#10737=CARTESIAN_POINT('Ctrl Pts',(-4.39635756002848,-1.05,3.50075881889016));
#10738=CARTESIAN_POINT('Ctrl Pts',(-4.16237353283762,-1.05,3.46836437920837));
#10739=CARTESIAN_POINT('Ctrl Pts',(-4.03681603232928,-1.10082591868716,
3.45115898945372));
#10740=CARTESIAN_POINT('Ctrl Pts',(-3.80251266649415,-0.994323446975454,
3.43378771262168));
#10741=CARTESIAN_POINT('Ctrl Pts',(-3.69668623628833,-0.756015384615263,
3.44344710269633));
#10742=CARTESIAN_POINT('Ctrl Pts',(-3.46261488467304,-0.648266166724446,
3.42736528182251));
#10743=CARTESIAN_POINT('Ctrl Pts',(-3.34253195722868,-0.700017621986971,
3.41001299271537));
#10744=CARTESIAN_POINT('Ctrl Pts',(-3.10917369156742,-0.699982633747057,
3.38450726753027));
#10745=CARTESIAN_POINT('Ctrl Pts',(-2.98838000918899,-0.646596543400112,
3.37565028882284));
#10746=CARTESIAN_POINT('Ctrl Pts',(-2.75462886232064,-0.756483107695282,
3.34047223366733));
#10747=CARTESIAN_POINT('Ctrl Pts',(-2.641912450732,-1.05047333495572,3.3000162839424));
#10748=CARTESIAN_POINT('Ctrl Pts',(-2.40857706350418,-1.04952864690505,
3.28008513930795));
#10749=CARTESIAN_POINT('Ctrl Pts',(-2.29529387408979,-0.756623047218989,
3.30077152837838));
#10750=CARTESIAN_POINT('Ctrl Pts',(-2.06155904198652,-0.646602661434197,
3.29630219408871));
#10751=CARTESIAN_POINT('Ctrl Pts',(-1.94489237531985,-0.646602661434197,
3.28958509053509));
#10752=CARTESIAN_POINT('Ctrl Pts',(-1.825,-0.7,3.2783200319409));
#10753=CARTESIAN_POINT('',(-2.875,-0.699896558550625,3.3585873213456));
#10754=CARTESIAN_POINT('Ctrl Pts',(-4.625,-1.05,3.54096869054957));
#10755=CARTESIAN_POINT('Ctrl Pts',(-4.51302422669514,-1.05,3.51976264865598));
#10756=CARTESIAN_POINT('Ctrl Pts',(-4.39635756002848,-1.05,3.50075881889016));
#10757=CARTESIAN_POINT('Ctrl Pts',(-4.16237353283762,-1.05,3.46836437920837));
#10758=CARTESIAN_POINT('Ctrl Pts',(-4.03681603232928,-1.10082591868716,
3.45115898945372));
#10759=CARTESIAN_POINT('Ctrl Pts',(-3.80251266649415,-0.994323446975454,
3.43378771262168));
#10760=CARTESIAN_POINT('Ctrl Pts',(-3.69668623628833,-0.756015384615263,
3.44344710269634));
#10761=CARTESIAN_POINT('Ctrl Pts',(-3.46261488467304,-0.648266166724446,
3.42736528182251));
#10762=CARTESIAN_POINT('Ctrl Pts',(-3.34253195722868,-0.700017621986971,
3.41001299271537));
#10763=CARTESIAN_POINT('Ctrl Pts',(-3.10917369156742,-0.699982633747057,
3.38450726753028));
#10764=CARTESIAN_POINT('Ctrl Pts',(-2.98838000918899,-0.646596543400112,
3.37565028882284));
#10765=CARTESIAN_POINT('Ctrl Pts',(-2.875,-0.699896558550625,3.3585873213456));
#10766=CARTESIAN_POINT('Ctrl Pts',(-2.875,-0.699896558550625,3.3585873213456));
#10767=CARTESIAN_POINT('Ctrl Pts',(-2.75462886232064,-0.756483107695282,
3.34047223366733));
#10768=CARTESIAN_POINT('Ctrl Pts',(-2.641912450732,-1.05047333495572,3.30001628394239));
#10769=CARTESIAN_POINT('Ctrl Pts',(-2.40857706350418,-1.04952864690505,
3.28008513930795));
#10770=CARTESIAN_POINT('Ctrl Pts',(-2.29529387408979,-0.756623047218989,
3.30077152837838));
#10771=CARTESIAN_POINT('Ctrl Pts',(-2.06155904198652,-0.646602661434197,
3.2963021940887));
#10772=CARTESIAN_POINT('Ctrl Pts',(-1.94489237531985,-0.646602661434197,
3.28958509053509));
#10773=CARTESIAN_POINT('Ctrl Pts',(-1.825,-0.7,3.2783200319409));
#10774=CARTESIAN_POINT('Ctrl Pts',(-4.625,-1.05,3.54096869054957));
#10775=CARTESIAN_POINT('Ctrl Pts',(-4.51302422669514,-1.05,3.51976264865598));
#10776=CARTESIAN_POINT('Ctrl Pts',(-4.39635756002848,-1.05,3.50075881889016));
#10777=CARTESIAN_POINT('Ctrl Pts',(-4.16237353283762,-1.05,3.46836437920837));
#10778=CARTESIAN_POINT('Ctrl Pts',(-4.03681603232928,-1.10082591868716,
3.45115898945372));
#10779=CARTESIAN_POINT('Ctrl Pts',(-3.80251266649414,-0.994323446975454,
3.43378771262168));
#10780=CARTESIAN_POINT('Ctrl Pts',(-3.69668623628833,-0.756015384615263,
3.44344710269633));
#10781=CARTESIAN_POINT('Ctrl Pts',(-3.46261488467304,-0.648266166724446,
3.42736528182251));
#10782=CARTESIAN_POINT('Ctrl Pts',(-3.34253195722868,-0.700017621986971,
3.41001299271537));
#10783=CARTESIAN_POINT('Ctrl Pts',(-3.10917369156742,-0.699982633747057,
3.38450726753027));
#10784=CARTESIAN_POINT('Ctrl Pts',(-2.98838000918899,-0.646596543400112,
3.37565028882284));
#10785=CARTESIAN_POINT('Ctrl Pts',(-2.75462886232064,-0.756483107695282,
3.34047223366733));
#10786=CARTESIAN_POINT('Ctrl Pts',(-2.641912450732,-1.05047333495572,3.30001628394239));
#10787=CARTESIAN_POINT('Ctrl Pts',(-2.40857706350418,-1.04952864690505,
3.28008513930795));
#10788=CARTESIAN_POINT('Ctrl Pts',(-2.29529387408979,-0.756623047218989,
3.30077152837838));
#10789=CARTESIAN_POINT('Ctrl Pts',(-2.06155904198652,-0.646602661434197,
3.2963021940887));
#10790=CARTESIAN_POINT('Ctrl Pts',(-1.94489237531985,-0.646602661434197,
3.28958509053509));
#10791=CARTESIAN_POINT('Ctrl Pts',(-1.825,-0.7,3.2783200319409));
#10792=CARTESIAN_POINT('Ctrl Pts',(-4.625,-1.10833706335505,3.53650153303334));
#10793=CARTESIAN_POINT('Ctrl Pts',(-4.51302422669514,-1.10833706335505,
3.5153463239596));
#10794=CARTESIAN_POINT('Ctrl Pts',(-4.39635756002848,-1.10833706335506,
3.49631479811995));
#10795=CARTESIAN_POINT('Ctrl Pts',(-4.16237353283762,-1.10833706335505,
3.46371555087878));
#10796=CARTESIAN_POINT('Ctrl Pts',(-4.03681603232928,-1.15069253725659,
3.44695501205357));
#10797=CARTESIAN_POINT('Ctrl Pts',(-3.80251266649414,-1.06193934247816,
3.42781325177925));
#10798=CARTESIAN_POINT('Ctrl Pts',(-3.69668623628833,-0.863346750813484,
3.43405549964346));
#10799=CARTESIAN_POINT('Ctrl Pts',(-3.46261488467304,-0.773554587598976,
3.41628618065634));
#10800=CARTESIAN_POINT('Ctrl Pts',(-3.34253195722868,-0.816678414657981,
3.39955849749598));
#10801=CARTESIAN_POINT('Ctrl Pts',(-3.10917369156742,-0.816655089164705,
3.3739784535518));
#10802=CARTESIAN_POINT('Ctrl Pts',(-2.98838000918899,-0.772181611257374,
3.36430483085234));
#10803=CARTESIAN_POINT('Ctrl Pts',(-2.75462886232064,-0.863752542409516,
3.33088007596747));
#10804=CARTESIAN_POINT('Ctrl Pts',(-2.641912450732,-1.1087246060434,3.29495538148417));
#10805=CARTESIAN_POINT('Ctrl Pts',(-2.40857706350418,-1.10793166018842,
3.27533079807402));
#10806=CARTESIAN_POINT('Ctrl Pts',(-2.29529387408979,-0.863851563494967,
3.29198930816829));
#10807=CARTESIAN_POINT('Ctrl Pts',(-2.06155904198652,-0.772169804790108,
3.28606215578783));
#10808=CARTESIAN_POINT('Ctrl Pts',(-1.94489237531985,-0.772169804790108,
3.27934136082092));
#10809=CARTESIAN_POINT('Ctrl Pts',(-1.825,-0.816666666666667,3.26877645742238));
#10810=CARTESIAN_POINT('Ctrl Pts',(-4.625,-1.16668158675355,3.53203380426469));
#10811=CARTESIAN_POINT('Ctrl Pts',(-4.51302422669514,-1.16668158675355,
3.5109294345112));
#10812=CARTESIAN_POINT('Ctrl Pts',(-4.39635756002848,-1.16668158675355,
3.49187020905601));
#10813=CARTESIAN_POINT('Ctrl Pts',(-4.16237353283762,-1.16668158675355,
3.459066128065));
#10814=CARTESIAN_POINT('Ctrl Pts',(-4.03681603232928,-1.20056769919391,
3.442750306362));
#10815=CARTESIAN_POINT('Ctrl Pts',(-3.80251266649414,-1.12956151131145,
3.42183823582616));
#10816=CARTESIAN_POINT('Ctrl Pts',(-3.69668623628833,-0.970679310946571,
3.42466379325905));
#10817=CARTESIAN_POINT('Ctrl Pts',(-3.46261488467304,-0.898841905797381,
3.40520717492354));
#10818=CARTESIAN_POINT('Ctrl Pts',(-3.34253195722868,-0.933339207328991,
3.38910400227658));
#10819=CARTESIAN_POINT('Ctrl Pts',(-3.10917369156742,-0.933327544582352,
3.36344963957333));
#10820=CARTESIAN_POINT('Ctrl Pts',(-2.98838000918899,-0.897766679114637,
3.35295937288184));
#10821=CARTESIAN_POINT('Ctrl Pts',(-2.75462886232064,-0.971021977123749,
3.32128791826761));
#10822=CARTESIAN_POINT('Ctrl Pts',(-2.641912450732,-1.16697587713108,3.28989447902594));
#10823=CARTESIAN_POINT('Ctrl Pts',(-2.40857706350418,-1.1663346734718,3.27057645684009));
#10824=CARTESIAN_POINT('Ctrl Pts',(-2.29529387408979,-0.971080079770944,
3.28320708795821));
#10825=CARTESIAN_POINT('Ctrl Pts',(-2.06155904198652,-0.897736948146019,
3.27582211748695));
#10826=CARTESIAN_POINT('Ctrl Pts',(-1.94489237531985,-0.897736948146019,
3.26909763110676));
#10827=CARTESIAN_POINT('Ctrl Pts',(-1.825,-0.933333333333333,3.25923288290386));
#10828=CARTESIAN_POINT('Ctrl Pts',(-4.625,-1.22501119006516,3.52756721800089));
#10829=CARTESIAN_POINT('Ctrl Pts',(-4.51302422669514,-1.22501119006516,
3.50651367456684));
#10830=CARTESIAN_POINT('Ctrl Pts',(-4.39635756002848,-1.22501119006517,
3.48742675657954));
#10831=CARTESIAN_POINT('Ctrl Pts',(-4.16237353283762,-1.22501119006516,
3.45441789421958));
#10832=CARTESIAN_POINT('Ctrl Pts',(-4.03681603232928,-1.25042577439544,
3.43854705725327));
#10833=CARTESIAN_POINT('Ctrl Pts',(-3.80251266649414,-1.19717113348359,
3.4158643300944));
#10834=CARTESIAN_POINT('Ctrl Pts',(-3.69668623628833,-1.07800948320993,
3.41527229353772));
#10835=CARTESIAN_POINT('Ctrl Pts',(-3.46261488467304,-1.02413142934804,
3.394127978324));
#10836=CARTESIAN_POINT('Ctrl Pts',(-3.34253195722868,-1.05,3.37864950705719));
#10837=CARTESIAN_POINT('Ctrl Pts',(-3.10917369156742,-1.05,3.35292082559486));
#10838=CARTESIAN_POINT('Ctrl Pts',(-2.98838000918899,-1.0233517469719,3.34161391491134));
#10839=CARTESIAN_POINT('Ctrl Pts',(-2.75462886232064,-1.07829141183798,
3.31169576056774));
#10840=CARTESIAN_POINT('Ctrl Pts',(-2.641912450732,-1.22522714821876,3.28483357656772));
#10841=CARTESIAN_POINT('Ctrl Pts',(-2.40857706350418,-1.22473768675518,
3.26582211560616));
#10842=CARTESIAN_POINT('Ctrl Pts',(-2.29529387408979,-1.07830859604692,
3.27442486774812));
#10843=CARTESIAN_POINT('Ctrl Pts',(-2.06155904198652,-1.02330409150193,
3.26558207918607));
#10844=CARTESIAN_POINT('Ctrl Pts',(-1.94489237531985,-1.02330409150193,
3.2588539013926));
#10845=CARTESIAN_POINT('Ctrl Pts',(-1.825,-1.05,3.24968930838533));
#10846=CARTESIAN_POINT('Ctrl Pts',(-4.625,-1.22501119006516,3.52756721800089));
#10847=CARTESIAN_POINT('Ctrl Pts',(-4.51302422669514,-1.22501119006516,
3.50651367456684));
#10848=CARTESIAN_POINT('Ctrl Pts',(-4.39635756002848,-1.22501119006516,
3.48742675657954));
#10849=CARTESIAN_POINT('Ctrl Pts',(-4.16237353283762,-1.22501119006516,
3.45441789421958));
#10850=CARTESIAN_POINT('Ctrl Pts',(-4.03681603232928,-1.25042577439544,
3.43854705725327));
#10851=CARTESIAN_POINT('Ctrl Pts',(-3.80251266649415,-1.19717113348359,
3.4158643300944));
#10852=CARTESIAN_POINT('Ctrl Pts',(-3.69668623628833,-1.07800948320993,
3.41527229353773));
#10853=CARTESIAN_POINT('Ctrl Pts',(-3.46261488467304,-1.02413142934804,
3.394127978324));
#10854=CARTESIAN_POINT('Ctrl Pts',(-3.34253195722868,-1.05,3.37864950705719));
#10855=CARTESIAN_POINT('Ctrl Pts',(-3.10917369156742,-1.05,3.35292082559486));
#10856=CARTESIAN_POINT('Ctrl Pts',(-2.98838000918899,-1.0233517469719,3.34161391491134));
#10857=CARTESIAN_POINT('Ctrl Pts',(-2.75462886232064,-1.07829141183798,
3.31169576056774));
#10858=CARTESIAN_POINT('Ctrl Pts',(-2.641912450732,-1.22522714821876,3.28483357656772));
#10859=CARTESIAN_POINT('Ctrl Pts',(-2.40857706350418,-1.22473768675518,
3.26582211560616));
#10860=CARTESIAN_POINT('Ctrl Pts',(-2.29529387408979,-1.07830859604692,
3.27442486774812));
#10861=CARTESIAN_POINT('Ctrl Pts',(-2.06155904198652,-1.02330409150193,
3.26558207918607));
#10862=CARTESIAN_POINT('Ctrl Pts',(-1.94489237531985,-1.02330409150193,
3.2588539013926));
#10863=CARTESIAN_POINT('Ctrl Pts',(-1.825,-1.05,3.24968930838533));
#10864=CARTESIAN_POINT('Ctrl Pts',(-4.625,-1.22501119006516,3.52756721800089));
#10865=CARTESIAN_POINT('Ctrl Pts',(-4.51302422669514,-1.22501119006516,
3.50651367456684));
#10866=CARTESIAN_POINT('Ctrl Pts',(-4.39635756002848,-1.22501119006517,
3.48742675657954));
#10867=CARTESIAN_POINT('Ctrl Pts',(-4.16237353283762,-1.22501119006516,
3.45441789421959));
#10868=CARTESIAN_POINT('Ctrl Pts',(-4.03681603232928,-1.25042577439544,
3.43854705725327));
#10869=CARTESIAN_POINT('Ctrl Pts',(-3.80251266649415,-1.19717113348359,
3.4158643300944));
#10870=CARTESIAN_POINT('Ctrl Pts',(-3.69668623628833,-1.07800948320993,
3.41527229353773));
#10871=CARTESIAN_POINT('Ctrl Pts',(-3.46261488467304,-1.02413142934804,
3.394127978324));
#10872=CARTESIAN_POINT('Ctrl Pts',(-3.34253195722868,-1.05,3.37864950705719));
#10873=CARTESIAN_POINT('Ctrl Pts',(-3.10917369156742,-1.05,3.35292082559486));
#10874=CARTESIAN_POINT('Ctrl Pts',(-2.98838000918899,-1.0233517469719,3.34161391491134));
#10875=CARTESIAN_POINT('Ctrl Pts',(-2.75462886232064,-1.07829141183798,
3.31169576056774));
#10876=CARTESIAN_POINT('Ctrl Pts',(-2.641912450732,-1.22522714821876,3.28483357656771));
#10877=CARTESIAN_POINT('Ctrl Pts',(-2.40857706350418,-1.22473768675518,
3.26582211560616));
#10878=CARTESIAN_POINT('Ctrl Pts',(-2.29529387408979,-1.07830859604692,
3.27442486774812));
#10879=CARTESIAN_POINT('Ctrl Pts',(-2.06155904198652,-1.02330409150193,
3.26558207918607));
#10880=CARTESIAN_POINT('Ctrl Pts',(-1.94489237531985,-1.02330409150193,
3.2588539013926));
#10881=CARTESIAN_POINT('Ctrl Pts',(-1.825,-1.05,3.24968930838533));
#10882=CARTESIAN_POINT('Ctrl Pts',(-4.625,-1.28334079337678,3.52310063173709));
#10883=CARTESIAN_POINT('Ctrl Pts',(-4.51302422669514,-1.28334079337678,
3.50209791462247));
#10884=CARTESIAN_POINT('Ctrl Pts',(-4.39635756002848,-1.28334079337678,
3.48298330410308));
#10885=CARTESIAN_POINT('Ctrl Pts',(-4.16237353283762,-1.28334079337678,
3.44976966037417));
#10886=CARTESIAN_POINT('Ctrl Pts',(-4.03681603232928,-1.30028384959696,
3.43431879512666));
#10887=CARTESIAN_POINT('Ctrl Pts',(-3.80251266649415,-1.26478075565572,
3.40991782452878));
#10888=CARTESIAN_POINT('Ctrl Pts',(-3.69668623628833,-1.18533965547329,
3.40598352427309));
#10889=CARTESIAN_POINT('Ctrl Pts',(-3.46261488467304,-1.14942095289869,
3.38328522964139));
#10890=CARTESIAN_POINT('Ctrl Pts',(-3.34253195722868,-1.16666666666667,
3.36855322054516));
#10891=CARTESIAN_POINT('Ctrl Pts',(-3.10917369156742,-1.16666666666667,
3.34282488754174));
#10892=CARTESIAN_POINT('Ctrl Pts',(-2.98838000918899,-1.14890116464793,
3.33072825932835));
#10893=CARTESIAN_POINT('Ctrl Pts',(-2.75462886232064,-1.18552760789199,
3.30243895575765));
#10894=CARTESIAN_POINT('Ctrl Pts',(-2.641912450732,-1.28348476547917,3.27988720460105));
#10895=CARTESIAN_POINT('Ctrl Pts',(-2.40857706350418,-1.28315845783678,
3.26095169769735));
#10896=CARTESIAN_POINT('Ctrl Pts',(-2.29529387408979,-1.18553906403128,
3.26539504595575));
#10897=CARTESIAN_POINT('Ctrl Pts',(-2.06155904198652,-1.14886939433462,
3.25500655410976));
#10898=CARTESIAN_POINT('Ctrl Pts',(-1.94489237531985,-1.14886939433462,
3.24827831170171));
#10899=CARTESIAN_POINT('Ctrl Pts',(-1.825,-1.16666666666667,3.23986378172272));
#10900=CARTESIAN_POINT('Ctrl Pts',(-4.625,-1.34167039668839,3.5186340454733));
#10901=CARTESIAN_POINT('Ctrl Pts',(-4.51302422669514,-1.34167039668839,
3.49768215467811));
#10902=CARTESIAN_POINT('Ctrl Pts',(-4.39635756002848,-1.34167039668839,
3.47853985162662));
#10903=CARTESIAN_POINT('Ctrl Pts',(-4.16237353283762,-1.34167039668839,
3.44512142652875));
#10904=CARTESIAN_POINT('Ctrl Pts',(-4.03681603232928,-1.35014192479848,
3.43009053300005));
#10905=CARTESIAN_POINT('Ctrl Pts',(-3.80251266649415,-1.33239037782786,
3.40397131896316));
#10906=CARTESIAN_POINT('Ctrl Pts',(-3.69668623628833,-1.29266982773664,
3.39669475500845));
#10907=CARTESIAN_POINT('Ctrl Pts',(-3.46261488467304,-1.27471047644935,
3.37244248095877));
#10908=CARTESIAN_POINT('Ctrl Pts',(-3.34253195722868,-1.28333333333333,
3.35845693403313));
#10909=CARTESIAN_POINT('Ctrl Pts',(-3.10917369156742,-1.28333333333333,
3.33272894948861));
#10910=CARTESIAN_POINT('Ctrl Pts',(-2.98838000918899,-1.27445058232397,
3.31984260374536));
#10911=CARTESIAN_POINT('Ctrl Pts',(-2.75462886232064,-1.29276380394599,
3.29318215094756));
#10912=CARTESIAN_POINT('Ctrl Pts',(-2.641912450732,-1.34174238273959,3.27494083263439));
#10913=CARTESIAN_POINT('Ctrl Pts',(-2.40857706350418,-1.34157922891839,
3.25608127978854));
#10914=CARTESIAN_POINT('Ctrl Pts',(-2.29529387408979,-1.29276953201564,
3.25636522416337));
#10915=CARTESIAN_POINT('Ctrl Pts',(-2.06155904198652,-1.27443469716731,
3.24443102903345));
#10916=CARTESIAN_POINT('Ctrl Pts',(-1.94489237531985,-1.27443469716731,
3.23770272201083));
#10917=CARTESIAN_POINT('Ctrl Pts',(-1.825,-1.28333333333333,3.23003825506011));
#10918=CARTESIAN_POINT('Ctrl Pts',(-4.625,-1.4,3.5141674592095));
#10919=CARTESIAN_POINT('Ctrl Pts',(-4.51302422669514,-1.4,3.49326639473375));
#10920=CARTESIAN_POINT('Ctrl Pts',(-4.39635756002848,-1.4,3.47409639915016));
#10921=CARTESIAN_POINT('Ctrl Pts',(-4.16237353283762,-1.4,3.44047319268334));
#10922=CARTESIAN_POINT('Ctrl Pts',(-4.03681603232928,-1.4,3.42586227087343));
#10923=CARTESIAN_POINT('Ctrl Pts',(-3.80251266649415,-1.4,3.39802481339753));
#10924=CARTESIAN_POINT('Ctrl Pts',(-3.69668623628833,-1.4,3.38740598574381));
#10925=CARTESIAN_POINT('Ctrl Pts',(-3.46261488467304,-1.4,3.36159973227616));
#10926=CARTESIAN_POINT('Ctrl Pts',(-3.34253195722868,-1.4,3.3483606475211));
#10927=CARTESIAN_POINT('Ctrl Pts',(-3.10917369156742,-1.4,3.32263301143549));
#10928=CARTESIAN_POINT('Ctrl Pts',(-2.98838000918899,-1.4,3.30895694816237));
#10929=CARTESIAN_POINT('Ctrl Pts',(-2.75462886232064,-1.4,3.28392534613747));
#10930=CARTESIAN_POINT('Ctrl Pts',(-2.641912450732,-1.4,3.26999446066773));
#10931=CARTESIAN_POINT('Ctrl Pts',(-2.40857706350418,-1.4,3.25121086187972));
#10932=CARTESIAN_POINT('Ctrl Pts',(-2.29529387408979,-1.4,3.247335402371));
#10933=CARTESIAN_POINT('Ctrl Pts',(-2.06155904198652,-1.4,3.23385550395715));
#10934=CARTESIAN_POINT('Ctrl Pts',(-1.94489237531985,-1.4,3.22712713231994));
#10935=CARTESIAN_POINT('Ctrl Pts',(-1.825,-1.4,3.22021272839749));
#10936=CARTESIAN_POINT('Origin',(3.225,0.,0.));
#10937=CARTESIAN_POINT('',(2.885,-4.163799117101E-17,2.24837287));
#10938=CARTESIAN_POINT('Origin',(3.225,0.,2.24837287));
#10939=CARTESIAN_POINT('',(2.885,0.,3.415622526604));
#10940=CARTESIAN_POINT('',(2.885,-4.163799117101E-17,0.));
#10941=CARTESIAN_POINT('',(3.25085692347085,-0.339015367658492,3.4218862885704));
#10942=CARTESIAN_POINT('Ctrl Pts',(3.25085692347085,-0.339015367658492,
3.4218862885704));
#10943=CARTESIAN_POINT('Ctrl Pts',(3.21511677542631,-0.34174129208843,3.41784814372448));
#10944=CARTESIAN_POINT('Ctrl Pts',(3.17911942560658,-0.338804388377424,
3.41439656958882));
#10945=CARTESIAN_POINT('Ctrl Pts',(3.1174250631682,-0.323707653691176,3.40956913431501));
#10946=CARTESIAN_POINT('Ctrl Pts',(3.091534309045,-0.313924680272062,3.40790409143898));
#10947=CARTESIAN_POINT('Ctrl Pts',(3.03354560903204,-0.28351366369335,3.40496946459794));
#10948=CARTESIAN_POINT('Ctrl Pts',(3.00315554171947,-0.260427795720144,
3.40409604330216));
#10949=CARTESIAN_POINT('Ctrl Pts',(2.94874433391625,-0.202507941405246,
3.40397725256176));
#10950=CARTESIAN_POINT('Ctrl Pts',(2.92609878955995,-0.167276575537301,
3.40490008545971));
#10951=CARTESIAN_POINT('Ctrl Pts',(2.89359302907506,-0.0879078738207646,
3.40874128139732));
#10952=CARTESIAN_POINT('Ctrl Pts',(2.885,-0.0441337352115273,3.41175218270847));
#10953=CARTESIAN_POINT('Ctrl Pts',(2.885,0.,3.415622526604));
#10954=CARTESIAN_POINT('',(3.34494822523829,-0.318138999907562,3.43384772659893));
#10955=CARTESIAN_POINT('Ctrl Pts',(3.34494822523829,-0.318138999907562,
3.43384772659893));
#10956=CARTESIAN_POINT('Ctrl Pts',(3.34000613580086,-0.320002320208314,
3.43315834160483));
#10957=CARTESIAN_POINT('Ctrl Pts',(3.33502073423206,-0.32175044209897,3.43247331365029));
#10958=CARTESIAN_POINT('Ctrl Pts',(3.3299960531314,-0.323381862241572,3.43179323909721));
#10959=CARTESIAN_POINT('Ctrl Pts',(3.32554307079777,-0.324827662468136,
3.43119054214795));
#10960=CARTESIAN_POINT('Ctrl Pts',(3.32106018643323,-0.32618149868208,3.43059186384126));
#10961=CARTESIAN_POINT('Ctrl Pts',(3.3165502500434,-0.327442440311321,3.42999761816759));
#10962=CARTESIAN_POINT('Ctrl Pts',(3.31272376284394,-0.328512295091189,
3.42949342625288));
#10963=CARTESIAN_POINT('Ctrl Pts',(3.30887840366717,-0.32951510859561,3.42899250468741));
#10964=CARTESIAN_POINT('Ctrl Pts',(3.30501593406843,-0.330450374935719,
3.42849510577899));
#10965=CARTESIAN_POINT('Ctrl Pts',(3.30234067401705,-0.331098167911983,
3.42815059266496));
#10966=CARTESIAN_POINT('Ctrl Pts',(3.29965743275743,-0.331713501082136,
3.42780779880255));
#10967=CARTESIAN_POINT('Ctrl Pts',(3.29696680056009,-0.332296222694667,
3.42746680790965));
#10968=CARTESIAN_POINT('Ctrl Pts',(3.29429455398976,-0.332874962454075,
3.42712814707561));
#10969=CARTESIAN_POINT('Ctrl Pts',(3.29161520151657,-0.33342149488378,3.42679128801766));
#10970=CARTESIAN_POINT('Ctrl Pts',(3.28892932500555,-0.333935684532717,
3.42645631267202));
#10971=CARTESIAN_POINT('Ctrl Pts',(3.28511567196589,-0.334665778008567,
3.42598068404954));
#10972=CARTESIAN_POINT('Ctrl Pts',(3.28128931769517,-0.335330578964159,
3.42550890938448));
#10973=CARTESIAN_POINT('Ctrl Pts',(3.27745193913844,-0.335929745751425,
3.42504122305722));
#10974=CARTESIAN_POINT('Ctrl Pts',(3.26863362289787,-0.337306634200882,
3.423966477401));
#10975=CARTESIAN_POINT('Ctrl Pts',(3.25976176171217,-0.338336189830901,
3.42291388389146));
#10976=CARTESIAN_POINT('Ctrl Pts',(3.25085692347085,-0.339015367658492,
3.4218862885704));
#10977=CARTESIAN_POINT('',(3.56498614167122,0.0030697673389472,3.48312310971075));
#10978=CARTESIAN_POINT('Ctrl Pts',(3.56498614167122,0.00306976733894705,
3.48312310971075));
#10979=CARTESIAN_POINT('Ctrl Pts',(3.56521225192461,-0.0219726362548269,
3.48120139889991));
#10980=CARTESIAN_POINT('Ctrl Pts',(3.56267073394347,-0.0469392635004919,
3.47898957044689));
#10981=CARTESIAN_POINT('Ctrl Pts',(3.55218659916387,-0.0957657800135611,
3.47406656024687));
#10982=CARTESIAN_POINT('Ctrl Pts',(3.5442872557342,-0.119480345191039,3.4713718530331));
#10983=CARTESIAN_POINT('Ctrl Pts',(3.51725605699959,-0.178238039429461,
3.463874730248));
#10984=CARTESIAN_POINT('Ctrl Pts',(3.4944354029811,-0.211141110787815,3.4588303396612));
#10985=CARTESIAN_POINT('Ctrl Pts',(3.44288927537836,-0.263150733270527,
3.44908702308453));
#10986=CARTESIAN_POINT('Ctrl Pts',(3.41589975229154,-0.283338184725165,
3.44450266484006));
#10987=CARTESIAN_POINT('Ctrl Pts',(3.37302502175308,-0.306463035250224,
3.43789905747005));
#10988=CARTESIAN_POINT('Ctrl Pts',(3.35917618960631,-0.312774618064428,
3.4358548885289));
#10989=CARTESIAN_POINT('Ctrl Pts',(3.34494822523829,-0.318138999907562,
3.43384772659893));
#10990=CARTESIAN_POINT('Ctrl Pts',(2.885,-1.87350135405495E-16,3.415622526604));
#10991=CARTESIAN_POINT('Ctrl Pts',(2.885,0.0283731777825611,3.41833052540867));
#10992=CARTESIAN_POINT('Ctrl Pts',(2.8885514475515,0.0566035601760131,3.42136662025248));
#10993=CARTESIAN_POINT('Ctrl Pts',(2.9032837805902,0.114358454491475,3.42829718221517));
#10994=CARTESIAN_POINT('Ctrl Pts',(2.91515996292157,0.143439683252766,3.43221607828581));
#10995=CARTESIAN_POINT('Ctrl Pts',(2.95047657522599,0.204386096784091,3.44143213344436));
#10996=CARTESIAN_POINT('Ctrl Pts',(2.97584451906746,0.234641563453846,3.44676101398095));
#10997=CARTESIAN_POINT('Ctrl Pts',(3.03344414873907,0.283221915482225,3.45694431720651));
#10998=CARTESIAN_POINT('Ctrl Pts',(3.06465590842313,0.301995640189775,3.46174361598891));
#10999=CARTESIAN_POINT('Ctrl Pts',(3.11730590501213,0.323145773492422,3.46883618392829));
#11000=CARTESIAN_POINT('Ctrl Pts',(3.13701658284067,0.329061184992734,3.47130023682677));
#11001=CARTESIAN_POINT('Ctrl Pts',(3.16932918498247,0.335641378553341,3.47504149487509));
#11002=CARTESIAN_POINT('Ctrl Pts',(3.18163655645592,0.337452632409581,3.4764000020939));
#11003=CARTESIAN_POINT('Ctrl Pts',(3.20015319459934,0.339146797730398,3.47834574406614));
#11004=CARTESIAN_POINT('Ctrl Pts',(3.20630062362527,0.339541285238745,3.47897573470417));
#11005=CARTESIAN_POINT('Ctrl Pts',(3.2164674797927,0.339916611812774,3.4799914077058));
#11006=CARTESIAN_POINT('Ctrl Pts',(3.22048103058133,0.339993670635725,3.4803856325831));
#11007=CARTESIAN_POINT('Ctrl Pts',(3.22758219219044,0.340004204508966,3.48107128361743));
#11008=CARTESIAN_POINT('Ctrl Pts',(3.23066280671628,0.339966825068484,3.4813639057793));
#11009=CARTESIAN_POINT('Ctrl Pts',(3.23821481250631,0.339772506782069,3.48206892724133));
#11010=CARTESIAN_POINT('Ctrl Pts',(3.24268233876869,0.339569344218803,3.48247563638327));
#11011=CARTESIAN_POINT('Ctrl Pts',(3.25757350892554,0.338597361591651,3.48379794692155));
#11012=CARTESIAN_POINT('Ctrl Pts',(3.26796936757228,0.337435973912484,3.48466652567623));
#11013=CARTESIAN_POINT('Ctrl Pts',(3.32052641911634,0.329093797783485,3.48880178900059));
#11014=CARTESIAN_POINT('Ctrl Pts',(3.36116972346505,0.31447477374494,3.4911709061882));
#11015=CARTESIAN_POINT('Ctrl Pts',(3.43606214290711,0.270188984276494,3.49415309427381));
#11016=CARTESIAN_POINT('Ctrl Pts',(3.46934226439811,0.240516431202324,3.49467930938866));
#11017=CARTESIAN_POINT('Ctrl Pts',(3.52279282513864,0.169958383959554,3.49365880298876));
#11018=CARTESIAN_POINT('Ctrl Pts',(3.54237505914386,0.129742751783621,3.49210349953788));
#11019=CARTESIAN_POINT('Ctrl Pts',(3.56094566467582,0.0595336698669062,
3.48776888565315));
#11020=CARTESIAN_POINT('Ctrl Pts',(3.5647307227745,0.0313581930136205,3.48564687387786));
#11021=CARTESIAN_POINT('Ctrl Pts',(3.56498614167122,0.0030697673389471,
3.48312310971075));
#11022=CARTESIAN_POINT('Ctrl Pts',(1.825,-0.35,3.30669884216423));
#11023=CARTESIAN_POINT('Ctrl Pts',(1.94359778876656,-0.294597005330858,
3.31789194796467));
#11024=CARTESIAN_POINT('Ctrl Pts',(2.06026445543323,-0.294597005330859,
3.32461918035477));
#11025=CARTESIAN_POINT('Ctrl Pts',(2.2937347570115,-0.407334116769033,3.32922072005175));
#11026=CARTESIAN_POINT('Ctrl Pts',(2.40918351519202,-0.641235241054349,
3.3152881160326));
#11027=CARTESIAN_POINT('Ctrl Pts',(2.64254237605548,-0.759640468334465,
3.32388186496206));
#11028=CARTESIAN_POINT('Ctrl Pts',(2.75818499524129,-0.75855565258014,3.33678950718753));
#11029=CARTESIAN_POINT('Ctrl Pts',(2.99151907918767,-0.641592685511898,
3.36970072723601));
#11030=CARTESIAN_POINT('Ctrl Pts',(3.10569258685954,-0.40704004302496,3.40075916215344));
#11031=CARTESIAN_POINT('Ctrl Pts',(3.33924525734219,-0.295380138394883,
3.43491520567826));
#11032=CARTESIAN_POINT('Ctrl Pts',(3.47265054580995,-0.316318900079312,
3.4481236834113));
#11033=CARTESIAN_POINT('Ctrl Pts',(3.72066775124486,-0.398330628901424,
3.46910096210614));
#11034=CARTESIAN_POINT('Ctrl Pts',(3.77962597407624,-0.651801458445827,
3.45376737687905));
#11035=CARTESIAN_POINT('Ctrl Pts',(4.0274180522687,-0.733956552532701,3.47839099972709));
#11036=CARTESIAN_POINT('Ctrl Pts',(4.16311095013187,-0.75094287659472,3.49471786436098));
#11037=CARTESIAN_POINT('Ctrl Pts',(4.39738243068906,-0.644279506606744,
3.53630877702846));
#11038=CARTESIAN_POINT('Ctrl Pts',(4.51404909735573,-0.527612839940078,
3.5633091139123));
#11039=CARTESIAN_POINT('Ctrl Pts',(4.625,-0.35,3.595582870794));
#11040=CARTESIAN_POINT('Ctrl Pts',(1.825,-0.466666666666667,3.2971850154256));
#11041=CARTESIAN_POINT('Ctrl Pts',(1.94359778876656,-0.420497527596155,
3.307652780481));
#11042=CARTESIAN_POINT('Ctrl Pts',(2.06026445543323,-0.420497540988534,
3.31438034243791));
#11043=CARTESIAN_POINT('Ctrl Pts',(2.2937347570115,-0.514445141242214,3.32045918728266));
#11044=CARTESIAN_POINT('Ctrl Pts',(2.40918351519202,-0.709362724340051,
3.30954753481045));
#11045=CARTESIAN_POINT('Ctrl Pts',(2.64254237605548,-0.808033740277504,
3.31977955673342));
#11046=CARTESIAN_POINT('Ctrl Pts',(2.75818499524129,-0.807129727211164,
3.33281782371292));
#11047=CARTESIAN_POINT('Ctrl Pts',(2.99151907918767,-0.709660594700825,
3.36434924506248));
#11048=CARTESIAN_POINT('Ctrl Pts',(3.10569258685954,-0.514200072757407,
3.39241995047426));
#11049=CARTESIAN_POINT('Ctrl Pts',(3.33924525734219,-0.421150158641165,
3.42517464772117));
#11050=CARTESIAN_POINT('Ctrl Pts',(3.47265054580995,-0.438599125509723,
3.43863291926674));
#11051=CARTESIAN_POINT('Ctrl Pts',(3.72066775124486,-0.506942228154345,
3.4606710866439));
#11052=CARTESIAN_POINT('Ctrl Pts',(3.77962597407624,-0.718167904893158,
3.44878087588914));
#11053=CARTESIAN_POINT('Ctrl Pts',(4.0274180522687,-0.786630478583519,3.47418681136725));
#11054=CARTESIAN_POINT('Ctrl Pts',(4.16311095013187,-0.800785747660257,
3.49028280193497));
#11055=CARTESIAN_POINT('Ctrl Pts',(4.39738243068906,-0.711899612125651,
3.53043910561171));
#11056=CARTESIAN_POINT('Ctrl Pts',(4.51404909735573,-0.614677396599619,
3.55610665264131));
#11057=CARTESIAN_POINT('Ctrl Pts',(4.625,-0.466666706843805,3.5864642634842));
#11058=CARTESIAN_POINT('Ctrl Pts',(1.825,-0.583333333333333,3.28767118868697));
#11059=CARTESIAN_POINT('Ctrl Pts',(1.94359778876656,-0.546398049861451,
3.29741361299732));
#11060=CARTESIAN_POINT('Ctrl Pts',(2.06026445543323,-0.54639807664621,3.30414150452105));
#11061=CARTESIAN_POINT('Ctrl Pts',(2.2937347570115,-0.621556165715394,3.31169765451358));
#11062=CARTESIAN_POINT('Ctrl Pts',(2.40918351519202,-0.777490207625752,
3.30380695358829));
#11063=CARTESIAN_POINT('Ctrl Pts',(2.64254237605548,-0.856427012220543,
3.31567724850478));
#11064=CARTESIAN_POINT('Ctrl Pts',(2.75818499524129,-0.855703801842189,
3.3288461402383));
#11065=CARTESIAN_POINT('Ctrl Pts',(2.99151907918767,-0.777728503889752,
3.35899776288894));
#11066=CARTESIAN_POINT('Ctrl Pts',(3.10569258685954,-0.621360102489853,
3.38408073879507));
#11067=CARTESIAN_POINT('Ctrl Pts',(3.33924525734219,-0.546920178887446,
3.41543408976407));
#11068=CARTESIAN_POINT('Ctrl Pts',(3.47265054580995,-0.560879350940134,
3.42914215512218));
#11069=CARTESIAN_POINT('Ctrl Pts',(3.72066775124486,-0.615553827407266,
3.45224121118166));
#11070=CARTESIAN_POINT('Ctrl Pts',(3.77962597407624,-0.784534351340489,
3.44379437489922));
#11071=CARTESIAN_POINT('Ctrl Pts',(4.0274180522687,-0.839304404634338,3.46998262300741));
#11072=CARTESIAN_POINT('Ctrl Pts',(4.16311095013187,-0.850628618725793,
3.48584773950896));
#11073=CARTESIAN_POINT('Ctrl Pts',(4.39738243068906,-0.779519717644559,
3.52456943419496));
#11074=CARTESIAN_POINT('Ctrl Pts',(4.51404909735573,-0.70174195325916,3.54890419137032));
#11075=CARTESIAN_POINT('Ctrl Pts',(4.625,-0.58333341368761,3.57734565617441));
#11076=CARTESIAN_POINT('Ctrl Pts',(1.825,-0.7,3.27815736194833));
#11077=CARTESIAN_POINT('Ctrl Pts',(1.94359778876656,-0.672298572126747,
3.28717444551364));
#11078=CARTESIAN_POINT('Ctrl Pts',(2.06026445543323,-0.672298612303886,
3.29390266660419));
#11079=CARTESIAN_POINT('Ctrl Pts',(2.2937347570115,-0.728667190188575,3.30293612174449));
#11080=CARTESIAN_POINT('Ctrl Pts',(2.40918351519202,-0.845617690911453,
3.29806637236614));
#11081=CARTESIAN_POINT('Ctrl Pts',(2.64254237605548,-0.904820284163583,
3.31157494027614));
#11082=CARTESIAN_POINT('Ctrl Pts',(2.75818499524129,-0.904277876473212,
3.32487445676369));
#11083=CARTESIAN_POINT('Ctrl Pts',(2.99151907918767,-0.84579641307868,3.35364628071541));
#11084=CARTESIAN_POINT('Ctrl Pts',(3.10569258685954,-0.728520132222299,
3.37574152711589));
#11085=CARTESIAN_POINT('Ctrl Pts',(3.33924525734219,-0.672690199133728,
3.40569353180698));
#11086=CARTESIAN_POINT('Ctrl Pts',(3.47265054580995,-0.683159576370544,
3.41965139097762));
#11087=CARTESIAN_POINT('Ctrl Pts',(3.72066775124486,-0.724165426660186,
3.44381133571942));
#11088=CARTESIAN_POINT('Ctrl Pts',(3.77962597407624,-0.850900797787819,
3.43880787390931));
#11089=CARTESIAN_POINT('Ctrl Pts',(4.0274180522687,-0.891978330685156,3.46577843464757));
#11090=CARTESIAN_POINT('Ctrl Pts',(4.16311095013187,-0.90047148979133,3.48141267708295));
#11091=CARTESIAN_POINT('Ctrl Pts',(4.39738243068906,-0.847139823163466,
3.51869976277822));
#11092=CARTESIAN_POINT('Ctrl Pts',(4.51404909735573,-0.788806509918701,
3.54170173009933));
#11093=CARTESIAN_POINT('Ctrl Pts',(4.625,-0.700000120531415,3.56822704886461));
#11094=CARTESIAN_POINT('',(1.825,-0.35,3.30669884216423));
#11095=CARTESIAN_POINT('Ctrl Pts',(1.825,-0.35,3.30669884216423));
#11096=CARTESIAN_POINT('Ctrl Pts',(1.94359778876656,-0.294597005330858,
3.31789194796467));
#11097=CARTESIAN_POINT('Ctrl Pts',(2.06026445543323,-0.294597005330858,
3.32461918035477));
#11098=CARTESIAN_POINT('Ctrl Pts',(2.2937347570115,-0.407334116769033,3.32922072005175));
#11099=CARTESIAN_POINT('Ctrl Pts',(2.40918351519202,-0.64123524105435,3.3152881160326));
#11100=CARTESIAN_POINT('Ctrl Pts',(2.64254237605548,-0.759640468334465,
3.32388186496206));
#11101=CARTESIAN_POINT('Ctrl Pts',(2.7581849952413,-0.75855565258014,3.33678950718753));
#11102=CARTESIAN_POINT('Ctrl Pts',(2.99151907918767,-0.641592685511898,
3.36970072723601));
#11103=CARTESIAN_POINT('Ctrl Pts',(3.10569258685954,-0.40704004302496,3.40075916215344));
#11104=CARTESIAN_POINT('Ctrl Pts',(3.23351937014963,-0.34592694848468,3.41945326299447));
#11105=CARTESIAN_POINT('Ctrl Pts',(3.24214528572902,-0.342274064657891,
3.42067972370119));
#11106=CARTESIAN_POINT('Ctrl Pts',(3.25085692347085,-0.339015367658492,
3.4218862885704));
#11107=CARTESIAN_POINT('',(1.825,-0.7,3.27815736194833));
#11108=CARTESIAN_POINT('',(1.825,-0.35,3.30669884216423));
#11109=CARTESIAN_POINT('',(4.625,-0.700000120531416,3.56822704886461));
#11110=CARTESIAN_POINT('Ctrl Pts',(1.825,-0.7,3.27815736194833));
#11111=CARTESIAN_POINT('Ctrl Pts',(1.94359778876656,-0.672298572126747,
3.28717444551364));
#11112=CARTESIAN_POINT('Ctrl Pts',(2.06026445543323,-0.672298612303886,
3.29390266660419));
#11113=CARTESIAN_POINT('Ctrl Pts',(2.2937347570115,-0.728667190188574,3.30293612174449));
#11114=CARTESIAN_POINT('Ctrl Pts',(2.40918351519202,-0.845617690911453,
3.29806637236614));
#11115=CARTESIAN_POINT('Ctrl Pts',(2.64254237605548,-0.904820284163583,
3.31157494027614));
#11116=CARTESIAN_POINT('Ctrl Pts',(2.7581849952413,-0.904277876473212,3.32487445676369));
#11117=CARTESIAN_POINT('Ctrl Pts',(2.99151907918767,-0.84579641307868,3.35364628071541));
#11118=CARTESIAN_POINT('Ctrl Pts',(3.10569258685954,-0.7285201322223,3.37574152711589));
#11119=CARTESIAN_POINT('Ctrl Pts',(3.33924525734219,-0.672690199133728,
3.40569353180698));
#11120=CARTESIAN_POINT('Ctrl Pts',(3.47265054580995,-0.683159576370544,
3.41965139097762));
#11121=CARTESIAN_POINT('Ctrl Pts',(3.72066775124486,-0.724165426660186,
3.44381133571942));
#11122=CARTESIAN_POINT('Ctrl Pts',(3.77962597407624,-0.850900797787819,
3.43880787390931));
#11123=CARTESIAN_POINT('Ctrl Pts',(4.0274180522687,-0.891978330685156,3.46577843464757));
#11124=CARTESIAN_POINT('Ctrl Pts',(4.16311095013187,-0.900471489791329,
3.48141267708295));
#11125=CARTESIAN_POINT('Ctrl Pts',(4.39738243068906,-0.847139823163465,
3.51869976277822));
#11126=CARTESIAN_POINT('Ctrl Pts',(4.51404909735573,-0.788806509918702,
3.54170173009933));
#11127=CARTESIAN_POINT('Ctrl Pts',(4.625,-0.700000120531416,3.56822704886461));
#11128=CARTESIAN_POINT('',(4.625,-0.35,3.595582870794));
#11129=CARTESIAN_POINT('',(4.625,-0.35,3.595582870794));
#11130=CARTESIAN_POINT('Ctrl Pts',(3.34494822523829,-0.318138999907562,
3.43384772659893));
#11131=CARTESIAN_POINT('Ctrl Pts',(3.42552560908292,-0.310936304399663,
3.44329053969052));
#11132=CARTESIAN_POINT('Ctrl Pts',(3.50709742799249,-0.327709433874611,
3.45103719840896));
#11133=CARTESIAN_POINT('Ctrl Pts',(3.72066775124486,-0.398330628901424,
3.46910096210614));
#11134=CARTESIAN_POINT('Ctrl Pts',(3.77962597407624,-0.651801458445827,
3.45376737687905));
#11135=CARTESIAN_POINT('Ctrl Pts',(4.0274180522687,-0.733956552532701,3.47839099972709));
#11136=CARTESIAN_POINT('Ctrl Pts',(4.16311095013187,-0.75094287659472,3.49471786436098));
#11137=CARTESIAN_POINT('Ctrl Pts',(4.39738243068906,-0.644279506606744,
3.53630877702845));
#11138=CARTESIAN_POINT('Ctrl Pts',(4.51404909735573,-0.527612839940078,
3.5633091139123));
#11139=CARTESIAN_POINT('Ctrl Pts',(4.625,-0.35,3.595582870794));
#11140=CARTESIAN_POINT('Ctrl Pts',(1.825,0.,3.33534424682692));
#11141=CARTESIAN_POINT('Ctrl Pts',(1.94359778876656,0.,3.34128748918729));
#11142=CARTESIAN_POINT('Ctrl Pts',(2.06026445543323,-6.71044290928491E-21,
3.34798119158622));
#11143=CARTESIAN_POINT('Ctrl Pts',(2.2937347570115,-1.20768533883209E-20,
3.36312898955797));
#11144=CARTESIAN_POINT('Ctrl Pts',(2.40918351519202,-1.97772130550885E-20,
3.37116685402928));
#11145=CARTESIAN_POINT('Ctrl Pts',(2.64254237605548,-2.56934252644007E-20,
3.39087354172936));
#11146=CARTESIAN_POINT('Ctrl Pts',(2.75818499524129,-4.87153325756238E-20,
3.40340821935184));
#11147=CARTESIAN_POINT('Ctrl Pts',(2.99151907918767,-2.85597516087346E-20,
3.42588347540574));
#11148=CARTESIAN_POINT('Ctrl Pts',(3.10569258685954,-1.92143215494941E-19,
3.43654793093558));
#11149=CARTESIAN_POINT('Ctrl Pts',(3.23351937014963,6.87622705838376E-21,
3.44921725748342));
#11150=CARTESIAN_POINT('Ctrl Pts',(3.24214528572902,0.000188109721868434,
3.45008699326348));
#11151=CARTESIAN_POINT('Ctrl Pts',(3.25085692347085,0.000522246639294163,
3.45097708056526));
#11152=CARTESIAN_POINT('Ctrl Pts',(1.825,-0.116666666666667,3.32579577860602));
#11153=CARTESIAN_POINT('Ctrl Pts',(1.94359778876656,-0.0981990017769528,
3.33348897544642));
#11154=CARTESIAN_POINT('Ctrl Pts',(2.06026445543323,-0.0981990017769528,
3.34019385450907));
#11155=CARTESIAN_POINT('Ctrl Pts',(2.2937347570115,-0.135778038923011,3.3518262330559));
#11156=CARTESIAN_POINT('Ctrl Pts',(2.40918351519202,-0.21374508035145,3.35254060803038));
#11157=CARTESIAN_POINT('Ctrl Pts',(2.64254237605548,-0.253213489444822,
3.36854298280693));
#11158=CARTESIAN_POINT('Ctrl Pts',(2.75818499524129,-0.25285188419338,3.38120198196373));
#11159=CARTESIAN_POINT('Ctrl Pts',(2.99151907918767,-0.213864228503966,
3.4071558926825));
#11160=CARTESIAN_POINT('Ctrl Pts',(3.10569258685954,-0.135680014341653,
3.42461834134153));
#11161=CARTESIAN_POINT('Ctrl Pts',(3.23351937014963,-0.115308982828227,
3.43929592598711));
#11162=CARTESIAN_POINT('Ctrl Pts',(3.24214528572902,-0.113965948404718,
3.44028457007605));
#11163=CARTESIAN_POINT('Ctrl Pts',(3.25085692347085,-0.112656958126634,
3.4412801499003));
#11164=CARTESIAN_POINT('Ctrl Pts',(1.825,-0.233333333333333,3.31624731038513));
#11165=CARTESIAN_POINT('Ctrl Pts',(1.94359778876656,-0.196398003553906,
3.32569046170555));
#11166=CARTESIAN_POINT('Ctrl Pts',(2.06026445543323,-0.196398003553906,
3.33240651743192));
#11167=CARTESIAN_POINT('Ctrl Pts',(2.2937347570115,-0.271556077846022,3.34052347655382));
#11168=CARTESIAN_POINT('Ctrl Pts',(2.40918351519202,-0.427490160702899,
3.33391436203149));
#11169=CARTESIAN_POINT('Ctrl Pts',(2.64254237605548,-0.506426978889643,
3.34621242388449));
#11170=CARTESIAN_POINT('Ctrl Pts',(2.75818499524129,-0.50570376838676,3.35899574457563));
#11171=CARTESIAN_POINT('Ctrl Pts',(2.99151907918767,-0.427728457007932,
3.38842830995925));
#11172=CARTESIAN_POINT('Ctrl Pts',(3.10569258685954,-0.271360028683307,
3.41268875174749));
#11173=CARTESIAN_POINT('Ctrl Pts',(3.23351937014963,-0.230617965656453,
3.42937459449079));
#11174=CARTESIAN_POINT('Ctrl Pts',(3.24214528572902,-0.228120006531304,
3.43048214688862));
#11175=CARTESIAN_POINT('Ctrl Pts',(3.25085692347085,-0.225836162892563,
3.43158321923535));
#11176=CARTESIAN_POINT('Ctrl Pts',(1.825,-0.35,3.30669884216423));
#11177=CARTESIAN_POINT('Ctrl Pts',(1.94359778876656,-0.294597005330859,
3.31789194796467));
#11178=CARTESIAN_POINT('Ctrl Pts',(2.06026445543323,-0.294597005330858,
3.32461918035477));
#11179=CARTESIAN_POINT('Ctrl Pts',(2.2937347570115,-0.407334116769033,3.32922072005175));
#11180=CARTESIAN_POINT('Ctrl Pts',(2.40918351519202,-0.64123524105435,3.3152881160326));
#11181=CARTESIAN_POINT('Ctrl Pts',(2.64254237605548,-0.759640468334465,
3.32388186496206));
#11182=CARTESIAN_POINT('Ctrl Pts',(2.75818499524129,-0.75855565258014,3.33678950718753));
#11183=CARTESIAN_POINT('Ctrl Pts',(2.99151907918767,-0.641592685511898,
3.36970072723601));
#11184=CARTESIAN_POINT('Ctrl Pts',(3.10569258685954,-0.40704004302496,3.40075916215344));
#11185=CARTESIAN_POINT('Ctrl Pts',(3.23351937014963,-0.34592694848468,3.41945326299447));
#11186=CARTESIAN_POINT('Ctrl Pts',(3.24214528572902,-0.342274064657891,
3.42067972370119));
#11187=CARTESIAN_POINT('Ctrl Pts',(3.25085692347085,-0.339015367658492,
3.4218862885704));
#11188=CARTESIAN_POINT('',(1.825,0.,3.33534424682692));
#11189=CARTESIAN_POINT('Ctrl Pts',(1.825,0.,3.33534424682692));
#11190=CARTESIAN_POINT('Ctrl Pts',(1.94359778876656,0.,3.34128748918729));
#11191=CARTESIAN_POINT('Ctrl Pts',(2.06026445543323,0.,3.34798119158622));
#11192=CARTESIAN_POINT('Ctrl Pts',(2.2937347570115,0.,3.36312898955797));
#11193=CARTESIAN_POINT('Ctrl Pts',(2.40918351519202,0.,3.37116685402928));
#11194=CARTESIAN_POINT('Ctrl Pts',(2.64254237605548,0.,3.39087354172936));
#11195=CARTESIAN_POINT('Ctrl Pts',(2.7581849952413,0.,3.40340821935184));
#11196=CARTESIAN_POINT('Ctrl Pts',(2.87833519661726,0.,3.41498135301144));
#11197=CARTESIAN_POINT('Ctrl Pts',(2.88166847148193,0.,3.41530214861106));
#11198=CARTESIAN_POINT('Ctrl Pts',(2.885,0.,3.415622526604));
#11199=CARTESIAN_POINT('',(1.825,0.,3.33534424682692));
#11200=CARTESIAN_POINT('Origin',(3.225,0.,0.));
#11201=CARTESIAN_POINT('',(2.425,-9.79717439317883E-17,0.));
#11202=CARTESIAN_POINT('Origin',(3.225,0.,0.));
#11203=CARTESIAN_POINT('',(2.425,-9.79717439317883E-17,2.24837287));
#11204=CARTESIAN_POINT('',(2.425,-9.79717439317883E-17,0.));
#11205=CARTESIAN_POINT('Origin',(3.225,0.,2.24837287));
#11206=CARTESIAN_POINT('Origin',(3.225,0.,2.24837287));
#11207=CARTESIAN_POINT('Origin',(1.825,1.4,1.8));
#11208=CARTESIAN_POINT('',(1.825,1.4,2.));
#11209=CARTESIAN_POINT('',(4.625,1.4,2.));
#11210=CARTESIAN_POINT('',(0.9125,1.4,2.));
#11211=CARTESIAN_POINT('',(1.825,1.4,3.46517705079425));
#11212=CARTESIAN_POINT('',(1.825,1.4,1.8));
#11213=CARTESIAN_POINT('',(4.625,1.4,3.75871449580974));
#11214=CARTESIAN_POINT('Ctrl Pts',(1.825,1.4,3.46517705079425));
#11215=CARTESIAN_POINT('Ctrl Pts',(1.94359778876656,1.4,3.47081666177632));
#11216=CARTESIAN_POINT('Ctrl Pts',(2.06026445543323,1.4,3.47707698186657));
#11217=CARTESIAN_POINT('Ctrl Pts',(2.2937347570115,1.4,3.4910788848356));
#11218=CARTESIAN_POINT('Ctrl Pts',(2.40918351519202,1.4,3.49733263225219));
#11219=CARTESIAN_POINT('Ctrl Pts',(2.64254237605548,1.4,3.51744579074591));
#11220=CARTESIAN_POINT('Ctrl Pts',(2.7581849952413,1.4,3.53208608758512));
#11221=CARTESIAN_POINT('Ctrl Pts',(2.99151907918767,1.4,3.55687317850049));
#11222=CARTESIAN_POINT('Ctrl Pts',(3.10569258685954,1.4,3.5690018356899));
#11223=CARTESIAN_POINT('Ctrl Pts',(3.33924525734219,1.4,3.59381214706349));
#11224=CARTESIAN_POINT('Ctrl Pts',(3.47265054580995,1.4,3.60798379724813));
#11225=CARTESIAN_POINT('Ctrl Pts',(3.72066775124486,1.4,3.63433067686262));
#11226=CARTESIAN_POINT('Ctrl Pts',(3.77962597407624,1.4,3.63784698944433));
#11227=CARTESIAN_POINT('Ctrl Pts',(4.0274180522687,1.4,3.66885195106653));
#11228=CARTESIAN_POINT('Ctrl Pts',(4.16311095013187,1.4,3.68682270798746));
#11229=CARTESIAN_POINT('Ctrl Pts',(4.39738243068906,1.4,3.72093109450016));
#11230=CARTESIAN_POINT('Ctrl Pts',(4.51404909735573,1.4,3.73946492055901));
#11231=CARTESIAN_POINT('Ctrl Pts',(4.625,1.4,3.75871449580974));
#11232=CARTESIAN_POINT('',(4.625,1.4,1.8));
#11233=CARTESIAN_POINT('Origin',(1.825,0.0397157645462336,2.57260684075251));
#11234=CARTESIAN_POINT('',(1.825,-1.4,2.));
#11235=CARTESIAN_POINT('',(1.825,0.0198578822731168,2.));
#11236=CARTESIAN_POINT('',(1.825,-1.4,3.21916092083211));
#11237=CARTESIAN_POINT('',(1.825,-1.4,3.21916092083211));
#11238=CARTESIAN_POINT('',(1.825,-1.05,3.24961885766176));
#11239=CARTESIAN_POINT('',(1.825,-1.05,3.24961885766176));
#11240=CARTESIAN_POINT('',(1.825,-0.7,3.27815736194833));
#11241=CARTESIAN_POINT('',(1.825,0.174987151748484,3.35068312674583));
#11242=CARTESIAN_POINT('',(1.825,0.35,3.36602425914768));
#11243=CARTESIAN_POINT('',(1.825,0.35,3.36602425914768));
#11244=CARTESIAN_POINT('',(1.825,0.35,3.36602425914768));
#11245=CARTESIAN_POINT('',(1.825,0.7,3.39841936502999));
#11246=CARTESIAN_POINT('',(1.825,0.7,3.39841936502999));
#11247=CARTESIAN_POINT('',(1.825,1.05,3.43153201940359));
#11248=CARTESIAN_POINT('',(1.825,1.05,3.43153201940359));
#11249=CARTESIAN_POINT('',(1.825,1.28325335286381,3.45395435191525));
#11250=CARTESIAN_POINT('',(1.825,1.4,3.46517705079425));
#11251=CARTESIAN_POINT('',(1.825,1.4,3.46517705079425));
#11252=CARTESIAN_POINT('Origin',(4.625,0.0370808819008777,2.71874311058301));
#11253=CARTESIAN_POINT('',(4.625,-1.4,2.));
#11254=CARTESIAN_POINT('',(4.625,0.0185404409504389,2.));
#11255=CARTESIAN_POINT('',(4.625,0.7,3.6894325347603));
#11256=CARTESIAN_POINT('',(4.625,1.4,3.75871449580974));
#11257=CARTESIAN_POINT('',(4.625,0.35,3.65532288969399));
#11258=CARTESIAN_POINT('',(4.625,0.7,3.6894325347603));
#11259=CARTESIAN_POINT('',(4.625,0.233360194305655,3.645045066984));
#11260=CARTESIAN_POINT('',(4.625,0.35,3.65532288969399));
#11261=CARTESIAN_POINT('',(4.625,0.116742570376646,3.63476919884045));
#11262=CARTESIAN_POINT('',(4.625,0.35,3.65532288969399));
#11263=CARTESIAN_POINT('',(4.625,0.,3.62448232092688));
#11264=CARTESIAN_POINT('',(4.625,0.35,3.65532288969399));
#11265=CARTESIAN_POINT('',(4.625,-0.116626928598547,3.61485245204921));
#11266=CARTESIAN_POINT('',(4.625,0.,3.62448232092688));
#11267=CARTESIAN_POINT('',(4.625,0.,3.62448232092688));
#11268=CARTESIAN_POINT('',(4.625,-1.05,3.54087124577657));
#11269=CARTESIAN_POINT('',(4.625,-0.35,3.595582870794));
#11270=CARTESIAN_POINT('',(4.625,-1.4,3.51407028895569));
#11271=CARTESIAN_POINT('',(4.625,-1.05,3.54087124577657));
#11272=CARTESIAN_POINT('',(4.625,-1.4,3.51407028895569));
#11273=CARTESIAN_POINT('Origin',(1.825,-1.4,3.21916092083211));
#11274=CARTESIAN_POINT('',(0.9125,-1.4,2.));
#11275=CARTESIAN_POINT('Ctrl Pts',(1.825,-1.4,3.21916092083211));
#11276=CARTESIAN_POINT('Ctrl Pts',(1.94359778876656,-1.4,3.22600096162653));
#11277=CARTESIAN_POINT('Ctrl Pts',(2.06026445543323,-1.4,3.23272962636512));
#11278=CARTESIAN_POINT('Ctrl Pts',(2.2937347570115,-1.4,3.24619485538573));
#11279=CARTESIAN_POINT('Ctrl Pts',(2.40918351519202,-1.4,3.2503175211131));
#11280=CARTESIAN_POINT('Ctrl Pts',(2.64254237605548,-1.4,3.26888562465032));
#11281=CARTESIAN_POINT('Ctrl Pts',(2.7581849952413,-1.4,3.28286964111728));
#11282=CARTESIAN_POINT('Ctrl Pts',(2.99151907918767,-1.4,3.30764938094742));
#11283=CARTESIAN_POINT('Ctrl Pts',(3.10569258685954,-1.4,3.32071036312114));
#11284=CARTESIAN_POINT('Ctrl Pts',(3.33924525734219,-1.4,3.34646084187813));
#11285=CARTESIAN_POINT('Ctrl Pts',(3.47265054580995,-1.4,3.3611695156846));
#11286=CARTESIAN_POINT('Ctrl Pts',(3.72066775124486,-1.4,3.38851478973658));
#11287=CARTESIAN_POINT('Ctrl Pts',(3.77962597407624,-1.4,3.39309818538824));
#11288=CARTESIAN_POINT('Ctrl Pts',(4.0274180522687,-1.4,3.42368632064257));
#11289=CARTESIAN_POINT('Ctrl Pts',(4.16311095013187,-1.4,3.4402434225506));
#11290=CARTESIAN_POINT('Ctrl Pts',(4.39738243068906,-1.4,3.47436364257727));
#11291=CARTESIAN_POINT('Ctrl Pts',(4.51404909735573,-1.4,3.49354061091828));
#11292=CARTESIAN_POINT('Ctrl Pts',(4.625,-1.4,3.51407028895569));
#11293=CARTESIAN_POINT('Ctrl Pts',(1.825,1.4,3.46517705079425));
#11294=CARTESIAN_POINT('Ctrl Pts',(1.94359778876656,1.4,3.47081666177632));
#11295=CARTESIAN_POINT('Ctrl Pts',(2.06026445543322,1.4,3.47707698186657));
#11296=CARTESIAN_POINT('Ctrl Pts',(2.2937347570115,1.4,3.4910788848356));
#11297=CARTESIAN_POINT('Ctrl Pts',(2.40918351519202,1.4,3.49733263225219));
#11298=CARTESIAN_POINT('Ctrl Pts',(2.64254237605548,1.4,3.51744579074591));
#11299=CARTESIAN_POINT('Ctrl Pts',(2.75818499524129,1.4,3.53208608758512));
#11300=CARTESIAN_POINT('Ctrl Pts',(2.99151907918766,1.4,3.55687317850049));
#11301=CARTESIAN_POINT('Ctrl Pts',(3.10569258685954,1.4,3.5690018356899));
#11302=CARTESIAN_POINT('Ctrl Pts',(3.33924525734219,1.4,3.59381214706349));
#11303=CARTESIAN_POINT('Ctrl Pts',(3.47265054580995,1.4,3.60798379724813));
#11304=CARTESIAN_POINT('Ctrl Pts',(3.72066775124486,1.4,3.63433067686262));
#11305=CARTESIAN_POINT('Ctrl Pts',(3.77962597407624,1.4,3.63784698944433));
#11306=CARTESIAN_POINT('Ctrl Pts',(4.0274180522687,1.4,3.66885195106653));
#11307=CARTESIAN_POINT('Ctrl Pts',(4.16311095013187,1.4,3.68682270798746));
#11308=CARTESIAN_POINT('Ctrl Pts',(4.39738243068906,1.4,3.72093109450016));
#11309=CARTESIAN_POINT('Ctrl Pts',(4.51404909735573,1.4,3.73946492055901));
#11310=CARTESIAN_POINT('Ctrl Pts',(4.625,1.4,3.75871449580974));
#11311=CARTESIAN_POINT('Ctrl Pts',(1.825,1.3610844509546,3.46143615116792));
#11312=CARTESIAN_POINT('Ctrl Pts',(1.94359778876656,1.36108517449223,3.46707627412011));
#11313=CARTESIAN_POINT('Ctrl Pts',(2.06026445543322,1.36108517449223,3.47335826551383));
#11314=CARTESIAN_POINT('Ctrl Pts',(2.2937347570115,1.36108370219741,3.4874473226576));
#11315=CARTESIAN_POINT('Ctrl Pts',(2.40918351519202,1.36741612651916,3.49438961333195));
#11316=CARTESIAN_POINT('Ctrl Pts',(2.64254237605548,1.35464921129691,3.51343101345732));
#11317=CARTESIAN_POINT('Ctrl Pts',(2.75818499524129,1.32217941853577,3.52513797312675));
#11318=CARTESIAN_POINT('Ctrl Pts',(2.99151907918766,1.32224666978692,3.54993106848699));
#11319=CARTESIAN_POINT('Ctrl Pts',(3.10569258685954,1.3547463103386,3.56497728316916));
#11320=CARTESIAN_POINT('Ctrl Pts',(3.33924525734219,1.36715366733174,3.59086430883295));
#11321=CARTESIAN_POINT('Ctrl Pts',(3.47265054580995,1.36859914359538,3.60520084352461));
#11322=CARTESIAN_POINT('Ctrl Pts',(3.72066775124486,1.35038924611018,3.62965565075597));
#11323=CARTESIAN_POINT('Ctrl Pts',(3.77962597407624,1.29404542992465,3.6274525203442));
#11324=CARTESIAN_POINT('Ctrl Pts',(4.0274180522687,1.27578651015343,3.65663849783188));
#11325=CARTESIAN_POINT('Ctrl Pts',(4.16311095013187,1.30031429219824,3.67712755539982));
#11326=CARTESIAN_POINT('Ctrl Pts',(4.39738243068906,1.26475983553558,3.7076954708517));
#11327=CARTESIAN_POINT('Ctrl Pts',(4.51404909735573,1.22587094664669,3.72232666675147));
#11328=CARTESIAN_POINT('Ctrl Pts',(4.625,1.16666666666667,3.73562050879326));
#11329=CARTESIAN_POINT('Ctrl Pts',(1.825,1.32216890190921,3.45769525154158));
#11330=CARTESIAN_POINT('Ctrl Pts',(1.94359778876656,1.32217034898446,3.46333588646389));
#11331=CARTESIAN_POINT('Ctrl Pts',(2.06026445543322,1.32217034898446,3.46963954916109));
#11332=CARTESIAN_POINT('Ctrl Pts',(2.2937347570115,1.32216740439483,3.48381576047959));
#11333=CARTESIAN_POINT('Ctrl Pts',(2.40918351519202,1.33483328114782,3.4914466862052));
#11334=CARTESIAN_POINT('Ctrl Pts',(2.64254237605548,1.30929737916349,3.50941614300734));
#11335=CARTESIAN_POINT('Ctrl Pts',(2.75818499524129,1.24435252450262,3.51818929505847));
#11336=CARTESIAN_POINT('Ctrl Pts',(2.99151907918766,1.24448703767044,3.54298839581582));
#11337=CARTESIAN_POINT('Ctrl Pts',(3.10569258685954,1.30949159225673,3.56095263882718));
#11338=CARTESIAN_POINT('Ctrl Pts',(3.33924525734219,1.33430831944858,3.58791655852773));
#11339=CARTESIAN_POINT('Ctrl Pts',(3.47265054580995,1.33719828719075,3.60241788980108));
#11340=CARTESIAN_POINT('Ctrl Pts',(3.72066775124486,1.30077849222036,3.62498062464933));
#11341=CARTESIAN_POINT('Ctrl Pts',(3.77962597407624,1.18809085984931,3.61705805124406));
#11342=CARTESIAN_POINT('Ctrl Pts',(4.0274180522687,1.15157302030686,3.64442504459722));
#11343=CARTESIAN_POINT('Ctrl Pts',(4.16311095013187,1.20062858439648,3.66743240281219));
#11344=CARTESIAN_POINT('Ctrl Pts',(4.39738243068906,1.12951967107116,3.69445984720325));
#11345=CARTESIAN_POINT('Ctrl Pts',(4.51404909735573,1.05174189329339,3.70518841294394));
#11346=CARTESIAN_POINT('Ctrl Pts',(4.625,0.933333333333333,3.71252652177678));
#11347=CARTESIAN_POINT('Ctrl Pts',(1.825,1.28325335286381,3.45395435191525));
#11348=CARTESIAN_POINT('Ctrl Pts',(1.94359778876656,1.28325552347669,3.45959549880768));
#11349=CARTESIAN_POINT('Ctrl Pts',(2.06026445543322,1.28325552347669,3.46592083280836));
#11350=CARTESIAN_POINT('Ctrl Pts',(2.2937347570115,1.28325110659224,3.48018419830158));
#11351=CARTESIAN_POINT('Ctrl Pts',(2.40918351519202,1.30224837955749,3.48850357549147));
#11352=CARTESIAN_POINT('Ctrl Pts',(2.64254237605548,1.26394763389073,3.50540145888014));
#11353=CARTESIAN_POINT('Ctrl Pts',(2.75818499524129,1.16653825560733,3.51124174421003));
#11354=CARTESIAN_POINT('Ctrl Pts',(2.99151907918766,1.16674000936075,3.53604684845998));
#11355=CARTESIAN_POINT('Ctrl Pts',(3.10569258685954,1.2642389310158,3.55692817812769));
#11356=CARTESIAN_POINT('Ctrl Pts',(3.33924525734219,1.30146100199523,3.58496863237186));
#11357=CARTESIAN_POINT('Ctrl Pts',(3.47265054580995,1.30579743078613,3.59963493607755));
#11358=CARTESIAN_POINT('Ctrl Pts',(3.72066775124486,1.25116773833054,3.62030559854268));
#11359=CARTESIAN_POINT('Ctrl Pts',(3.77962597407624,1.08213628977396,3.60666358214393));
#11360=CARTESIAN_POINT('Ctrl Pts',(4.0274180522687,1.02735953046029,3.63221159136257));
#11361=CARTESIAN_POINT('Ctrl Pts',(4.16311095013187,1.10094287659472,3.65773725022455));
#11362=CARTESIAN_POINT('Ctrl Pts',(4.39738243068906,0.994279506606744,3.68122422355479));
#11363=CARTESIAN_POINT('Ctrl Pts',(4.51404909735573,0.877612839940078,3.6880501591364));
#11364=CARTESIAN_POINT('Ctrl Pts',(4.625,0.7,3.6894325347603));
#11365=CARTESIAN_POINT('Ctrl Pts',(1.825,1.28325335286381,3.45395435191525));
#11366=CARTESIAN_POINT('Ctrl Pts',(1.94359778876656,1.28325552347669,3.45959549880768));
#11367=CARTESIAN_POINT('Ctrl Pts',(2.06026445543323,1.28325552347669,3.46592083280836));
#11368=CARTESIAN_POINT('Ctrl Pts',(2.2937347570115,1.28325110659224,3.48018419830159));
#11369=CARTESIAN_POINT('Ctrl Pts',(2.40918351519202,1.30224837955749,3.48850357549147));
#11370=CARTESIAN_POINT('Ctrl Pts',(2.64254237605548,1.26394763389073,3.50540145888014));
#11371=CARTESIAN_POINT('Ctrl Pts',(2.7581849952413,1.16653825560733,3.51124174421003));
#11372=CARTESIAN_POINT('Ctrl Pts',(2.99151907918767,1.16674000936075,3.53604684845998));
#11373=CARTESIAN_POINT('Ctrl Pts',(3.10569258685954,1.26423893101581,3.5569281781277));
#11374=CARTESIAN_POINT('Ctrl Pts',(3.33924525734219,1.30146100199523,3.58496863237187));
#11375=CARTESIAN_POINT('Ctrl Pts',(3.47265054580995,1.30579743078613,3.59963493607755));
#11376=CARTESIAN_POINT('Ctrl Pts',(3.72066775124486,1.25116773833054,3.62030559854268));
#11377=CARTESIAN_POINT('Ctrl Pts',(3.77962597407624,1.08213628977396,3.60666358214393));
#11378=CARTESIAN_POINT('Ctrl Pts',(4.0274180522687,1.02735953046029,3.63221159136257));
#11379=CARTESIAN_POINT('Ctrl Pts',(4.16311095013187,1.10094287659472,3.65773725022455));
#11380=CARTESIAN_POINT('Ctrl Pts',(4.39738243068906,0.994279506606745,3.6812242235548));
#11381=CARTESIAN_POINT('Ctrl Pts',(4.51404909735573,0.877612839940078,3.6880501591364));
#11382=CARTESIAN_POINT('Ctrl Pts',(4.625,0.7,3.6894325347603));
#11383=CARTESIAN_POINT('Ctrl Pts',(1.825,1.28325335286381,3.45395435191525));
#11384=CARTESIAN_POINT('Ctrl Pts',(1.94359778876656,1.28325552347669,3.45959549880768));
#11385=CARTESIAN_POINT('Ctrl Pts',(2.06026445543323,1.28325552347669,3.46592083280836));
#11386=CARTESIAN_POINT('Ctrl Pts',(2.2937347570115,1.28325110659224,3.48018419830159));
#11387=CARTESIAN_POINT('Ctrl Pts',(2.40918351519202,1.30224837955749,3.48850357549147));
#11388=CARTESIAN_POINT('Ctrl Pts',(2.64254237605548,1.26394763389073,3.50540145888014));
#11389=CARTESIAN_POINT('Ctrl Pts',(2.7581849952413,1.16653825560733,3.51124174421003));
#11390=CARTESIAN_POINT('Ctrl Pts',(2.99151907918767,1.16674000936075,3.53604684845998));
#11391=CARTESIAN_POINT('Ctrl Pts',(3.10569258685954,1.26423893101581,3.5569281781277));
#11392=CARTESIAN_POINT('Ctrl Pts',(3.33924525734219,1.30146100199523,3.58496863237187));
#11393=CARTESIAN_POINT('Ctrl Pts',(3.47265054580995,1.30579743078613,3.59963493607756));
#11394=CARTESIAN_POINT('Ctrl Pts',(3.72066775124486,1.25116773833054,3.62030559854268));
#11395=CARTESIAN_POINT('Ctrl Pts',(3.77962597407624,1.08213628977396,3.60666358214393));
#11396=CARTESIAN_POINT('Ctrl Pts',(4.0274180522687,1.02735953046029,3.63221159136257));
#11397=CARTESIAN_POINT('Ctrl Pts',(4.16311095013187,1.10094287659472,3.65773725022455));
#11398=CARTESIAN_POINT('Ctrl Pts',(4.39738243068906,0.994279506606745,3.6812242235548));
#11399=CARTESIAN_POINT('Ctrl Pts',(4.51404909735573,0.877612839940078,3.6880501591364));
#11400=CARTESIAN_POINT('Ctrl Pts',(4.625,0.7,3.6894325347603));
#11401=CARTESIAN_POINT('Ctrl Pts',(1.825,1.24433780381842,3.45021345228891));
#11402=CARTESIAN_POINT('Ctrl Pts',(1.94359778876656,1.24434069796891,3.45585511115147));
#11403=CARTESIAN_POINT('Ctrl Pts',(2.06026445543323,1.24434069796891,3.46220211645562));
#11404=CARTESIAN_POINT('Ctrl Pts',(2.2937347570115,1.24433480878966,3.47655263612358));
#11405=CARTESIAN_POINT('Ctrl Pts',(2.40918351519202,1.26966347796716,3.48556046477774));
#11406=CARTESIAN_POINT('Ctrl Pts',(2.64254237605548,1.21859788861796,3.50138677475294));
#11407=CARTESIAN_POINT('Ctrl Pts',(2.7581849952413,1.08872398671203,3.50429419336158));
#11408=CARTESIAN_POINT('Ctrl Pts',(2.99151907918767,1.08899298105107,3.52910530110414));
#11409=CARTESIAN_POINT('Ctrl Pts',(3.10569258685954,1.21898626977488,3.55290371742822));
#11410=CARTESIAN_POINT('Ctrl Pts',(3.33924525734219,1.26861368454189,3.58202070621601));
#11411=CARTESIAN_POINT('Ctrl Pts',(3.47265054580995,1.28567247842309,3.5977073294219));
#11412=CARTESIAN_POINT('Ctrl Pts',(3.72066775124486,1.18550867624027,3.61441320899334));
#11413=CARTESIAN_POINT('Ctrl Pts',(3.77962597407624,0.875588707540793,3.58865947636497));
#11414=CARTESIAN_POINT('Ctrl Pts',(4.0274180522687,0.775155257570866,3.61027447506237));
#11415=CARTESIAN_POINT('Ctrl Pts',(4.16311095013187,0.850628584396481,3.63612427158074));
#11416=CARTESIAN_POINT('Ctrl Pts',(4.39738243068906,0.779519671071163,3.66233622970088));
#11417=CARTESIAN_POINT('Ctrl Pts',(4.51404909735573,0.701741893293385,3.67214270951422));
#11418=CARTESIAN_POINT('Ctrl Pts',(4.625,0.583333333333333,3.67806265307153));
#11419=CARTESIAN_POINT('Ctrl Pts',(1.825,1.12775111762127,3.43900613024081));
#11420=CARTESIAN_POINT('Ctrl Pts',(1.94359778876656,1.12775617941056,3.44464932290929));
#11421=CARTESIAN_POINT('Ctrl Pts',(2.06026445543323,1.12775617941056,3.45106125304478));
#11422=CARTESIAN_POINT('Ctrl Pts',(2.2937347570115,1.12774587939868,3.46567287699289));
#11423=CARTESIAN_POINT('Ctrl Pts',(2.40918351519202,1.15307749662776,3.4750499443434));
#11424=CARTESIAN_POINT('Ctrl Pts',(2.64254237605548,1.10198289553866,3.49107774368312));
#11425=CARTESIAN_POINT('Ctrl Pts',(2.7581849952413,0.972047025643078,3.49387683506243));
#11426=CARTESIAN_POINT('Ctrl Pts',(2.99151907918767,0.972320721669524,3.51868836258933));
#11427=CARTESIAN_POINT('Ctrl Pts',(3.10569258685954,1.10238524767857,3.54254067575589));
#11428=CARTESIAN_POINT('Ctrl Pts',(3.33924525734219,1.15204072597864,3.57156711409367));
#11429=CARTESIAN_POINT('Ctrl Pts',(3.47265054580995,1.18036942642838,3.58801426179424));
#11430=CARTESIAN_POINT('Ctrl Pts',(3.72066775124486,1.05286267997502,3.60233675522549));
#11431=CARTESIAN_POINT('Ctrl Pts',(3.77962597407624,0.658340047960027,3.56967540146878));
#11432=CARTESIAN_POINT('Ctrl Pts',(4.0274180522687,0.530490044648675,3.58902776083113));
#11433=CARTESIAN_POINT('Ctrl Pts',(4.16311095013187,0.60031429219824,3.61451129293692));
#11434=CARTESIAN_POINT('Ctrl Pts',(4.39738243068906,0.564759835535582,3.64344823584697));
#11435=CARTESIAN_POINT('Ctrl Pts',(4.51404909735573,0.525870946646692,3.65623525989204));
#11436=CARTESIAN_POINT('Ctrl Pts',(4.625,0.466666666666667,3.66669277138276));
#11437=CARTESIAN_POINT('Ctrl Pts',(1.825,1.05,3.43153201940359));
#11438=CARTESIAN_POINT('Ctrl Pts',(1.94359778876656,1.0500065073775,3.43717623496009));
#11439=CARTESIAN_POINT('Ctrl Pts',(2.06026445543323,1.0500065073775,3.44363146316299));
#11440=CARTESIAN_POINT('Ctrl Pts',(2.2937347570115,1.0499932658019,3.45841721633854));
#11441=CARTESIAN_POINT('Ctrl Pts',(2.40918351519202,1.06898218416835,3.46747405168832));
#11442=CARTESIAN_POINT('Ctrl Pts',(2.64254237605548,1.0306521129613,3.48477761606825));
#11443=CARTESIAN_POINT('Ctrl Pts',(2.7581849952413,0.933191802473511,3.49040769447252));
#11444=CARTESIAN_POINT('Ctrl Pts',(2.99151907918767,0.93340281497053,3.51521362537796));
#11445=CARTESIAN_POINT('Ctrl Pts',(3.10569258685954,1.03097115355452,3.53619625848024));
#11446=CARTESIAN_POINT('Ctrl Pts',(3.33924525734219,1.0682214617002,3.56405305787108));
#11447=CARTESIAN_POINT('Ctrl Pts',(3.47265054580995,1.11765542424951,3.58220392465258));
#11448=CARTESIAN_POINT('Ctrl Pts',(3.72066775124486,0.953710150797264,3.5933523335669));
#11449=CARTESIAN_POINT('Ctrl Pts',(3.77962597407624,0.44644192705306,3.5511813111312));
#11450=CARTESIAN_POINT('Ctrl Pts',(4.0274180522687,0.282055301742867,3.5674358455654));
#11451=CARTESIAN_POINT('Ctrl Pts',(4.16311095013187,0.35,3.59289831429311));
#11452=CARTESIAN_POINT('Ctrl Pts',(4.39738243068906,0.35,3.62456024199305));
#11453=CARTESIAN_POINT('Ctrl Pts',(4.51404909735573,0.35,3.64032781026985));
#11454=CARTESIAN_POINT('Ctrl Pts',(4.625,0.35,3.65532288969399));
#11455=CARTESIAN_POINT('',(2.875,0.933297442530147,3.50282638996593));
#11456=CARTESIAN_POINT('Ctrl Pts',(1.825,1.05,3.43153201940359));
#11457=CARTESIAN_POINT('Ctrl Pts',(1.94359778876656,1.0500065073775,3.43717623496009));
#11458=CARTESIAN_POINT('Ctrl Pts',(2.06026445543323,1.0500065073775,3.44363146316299));
#11459=CARTESIAN_POINT('Ctrl Pts',(2.2937347570115,1.0499932658019,3.45841721633853));
#11460=CARTESIAN_POINT('Ctrl Pts',(2.40918351519202,1.06898218416835,3.46747405168832));
#11461=CARTESIAN_POINT('Ctrl Pts',(2.64254237605548,1.0306521129613,3.48477761606825));
#11462=CARTESIAN_POINT('Ctrl Pts',(2.7581849952413,0.933191802473511,3.49040769447252));
#11463=CARTESIAN_POINT('Ctrl Pts',(2.875,0.933297442530147,3.50282638996593));
#11464=CARTESIAN_POINT('Ctrl Pts',(2.875,0.933297442530147,3.50282638996593));
#11465=CARTESIAN_POINT('Ctrl Pts',(2.99151907918767,0.933402814970529,3.51521362537796));
#11466=CARTESIAN_POINT('Ctrl Pts',(3.10569258685954,1.03097115355452,3.53619625848024));
#11467=CARTESIAN_POINT('Ctrl Pts',(3.33924525734219,1.0682214617002,3.56405305787108));
#11468=CARTESIAN_POINT('Ctrl Pts',(3.47265054580995,1.11765542424951,3.58220392465258));
#11469=CARTESIAN_POINT('Ctrl Pts',(3.72066775124486,0.953710150797263,3.5933523335669));
#11470=CARTESIAN_POINT('Ctrl Pts',(3.77962597407624,0.44644192705306,3.5511813111312));
#11471=CARTESIAN_POINT('Ctrl Pts',(4.0274180522687,0.282055301742867,3.5674358455654));
#11472=CARTESIAN_POINT('Ctrl Pts',(4.16311095013187,0.35,3.59289831429311));
#11473=CARTESIAN_POINT('Ctrl Pts',(4.39738243068906,0.35,3.62456024199305));
#11474=CARTESIAN_POINT('Ctrl Pts',(4.51404909735573,0.35,3.64032781026985));
#11475=CARTESIAN_POINT('Ctrl Pts',(4.625,0.35,3.65532288969399));
#11476=CARTESIAN_POINT('Ctrl Pts',(1.825,1.05,3.43153201940359));
#11477=CARTESIAN_POINT('Ctrl Pts',(1.94359778876656,1.0500065073775,3.43717623496009));
#11478=CARTESIAN_POINT('Ctrl Pts',(2.06026445543323,1.0500065073775,3.44363146316299));
#11479=CARTESIAN_POINT('Ctrl Pts',(2.2937347570115,1.0499932658019,3.45841721633854));
#11480=CARTESIAN_POINT('Ctrl Pts',(2.40918351519202,1.06898218416835,3.46747405168832));
#11481=CARTESIAN_POINT('Ctrl Pts',(2.64254237605548,1.0306521129613,3.48477761606825));
#11482=CARTESIAN_POINT('Ctrl Pts',(2.75818499524129,0.933191802473511,3.49040769447252));
#11483=CARTESIAN_POINT('Ctrl Pts',(2.99151907918767,0.933402814970529,3.51521362537796));
#11484=CARTESIAN_POINT('Ctrl Pts',(3.10569258685954,1.03097115355452,3.53619625848024));
#11485=CARTESIAN_POINT('Ctrl Pts',(3.33924525734219,1.0682214617002,3.56405305787107));
#11486=CARTESIAN_POINT('Ctrl Pts',(3.47265054580995,1.1176554242495,3.58220392465258));
#11487=CARTESIAN_POINT('Ctrl Pts',(3.72066775124486,0.953710150797263,3.5933523335669));
#11488=CARTESIAN_POINT('Ctrl Pts',(3.77962597407623,0.44644192705306,3.5511813111312));
#11489=CARTESIAN_POINT('Ctrl Pts',(4.0274180522687,0.282055301742867,3.5674358455654));
#11490=CARTESIAN_POINT('Ctrl Pts',(4.16311095013187,0.35,3.59289831429311));
#11491=CARTESIAN_POINT('Ctrl Pts',(4.39738243068906,0.35,3.62456024199305));
#11492=CARTESIAN_POINT('Ctrl Pts',(4.51404909735573,0.35,3.64032781026985));
#11493=CARTESIAN_POINT('Ctrl Pts',(4.625,0.35,3.65532288969399));
#11494=CARTESIAN_POINT('Ctrl Pts',(1.825,0.933333333333333,3.42049446794572));
#11495=CARTESIAN_POINT('Ctrl Pts',(1.94359778876656,0.927173906085828,3.42564659316984));
#11496=CARTESIAN_POINT('Ctrl Pts',(2.06026445543323,0.927170207921921,3.43218120669028));
#11497=CARTESIAN_POINT('Ctrl Pts',(2.2937347570115,0.939688704431106,3.44829136815563));
#11498=CARTESIAN_POINT('Ctrl Pts',(2.40918351519202,0.978351115068881,3.45931803688061));
#11499=CARTESIAN_POINT('Ctrl Pts',(2.64254237605548,0.96595448253036,3.47906625555625));
#11500=CARTESIAN_POINT('Ctrl Pts',(2.75818499524129,0.891088875852403,3.48669726377679));
#11501=CARTESIAN_POINT('Ctrl Pts',(2.99151907918767,0.897724384368204,3.51197956701607));
#11502=CARTESIAN_POINT('Ctrl Pts',(3.10569258685954,0.975800219020432,3.53110568664478));
#11503=CARTESIAN_POINT('Ctrl Pts',(3.33924525734219,1.0068490494934,3.55816165049645));
#11504=CARTESIAN_POINT('Ctrl Pts',(3.47265054580995,1.05933594660107,3.57627206301348));
#11505=CARTESIAN_POINT('Ctrl Pts',(3.72066775124486,0.89539584666925,3.58739849154367));
#11506=CARTESIAN_POINT('Ctrl Pts',(3.77962597407623,0.388106013839235,3.54593008929188));
#11507=CARTESIAN_POINT('Ctrl Pts',(4.0274180522687,0.223714330612904,3.56237257668604));
#11508=CARTESIAN_POINT('Ctrl Pts',(4.16311095013187,0.288828848987909,3.58750791815125));
#11509=CARTESIAN_POINT('Ctrl Pts',(4.39738243068906,0.294759010951344,3.61969251146339));
#11510=CARTESIAN_POINT('Ctrl Pts',(4.51404909735573,0.30124532606726,3.63603168905077));
#11511=CARTESIAN_POINT('Ctrl Pts',(4.625,0.311120064768552,3.65189694879066));
#11512=CARTESIAN_POINT('Ctrl Pts',(1.825,0.816666666666667,3.40945691648785));
#11513=CARTESIAN_POINT('Ctrl Pts',(1.94359778876656,0.816648942217195,3.41521577596829));
#11514=CARTESIAN_POINT('Ctrl Pts',(2.06026445543323,0.816634149561563,3.42182909022106));
#11515=CARTESIAN_POINT('Ctrl Pts',(2.2937347570115,0.816610014416784,3.43702492419729));
#11516=CARTESIAN_POINT('Ctrl Pts',(2.40918351519202,0.810255015862169,3.44424564038196));
#11517=CARTESIAN_POINT('Ctrl Pts',(2.64254237605548,0.823029230660268,3.46637045090256));
#11518=CARTESIAN_POINT('Ctrl Pts',(2.75818499524129,0.836022940432783,3.48182945611508));
#11519=CARTESIAN_POINT('Ctrl Pts',(2.99151907918767,0.874961351936743,3.50989863478755));
#11520=CARTESIAN_POINT('Ctrl Pts',(3.10569258685954,0.920618792453059,3.52601414671897));
#11521=CARTESIAN_POINT('Ctrl Pts',(3.33924525734219,0.945464965898456,3.55226912273401));
#11522=CARTESIAN_POINT('Ctrl Pts',(3.47265054580995,1.00100537815083,3.57033907329326));
#11523=CARTESIAN_POINT('Ctrl Pts',(3.72066775124486,0.837070452723296,3.58144351725925));
#11524=CARTESIAN_POINT('Ctrl Pts',(3.77962597407623,0.329759006697999,3.5406778688109));
#11525=CARTESIAN_POINT('Ctrl Pts',(4.0274180522687,0.16536226459365,3.55730834490863));
#11526=CARTESIAN_POINT('Ctrl Pts',(4.16311095013187,0.227646064862156,3.5821164969005));
#11527=CARTESIAN_POINT('Ctrl Pts',(4.39738243068906,0.239507516546917,3.61482385522182));
#11528=CARTESIAN_POINT('Ctrl Pts',(4.51404909735573,0.252481380302064,3.63173475082456));
#11529=CARTESIAN_POINT('Ctrl Pts',(4.625,0.272232735615325,3.64847035636518));
#11530=CARTESIAN_POINT('Ctrl Pts',(1.825,0.7,3.39841936502999));
#11531=CARTESIAN_POINT('Ctrl Pts',(1.94359778876656,0.699986706662896,3.40423709526947));
#11532=CARTESIAN_POINT('Ctrl Pts',(2.06026445543323,0.699975612171173,3.41093047942499));
#11533=CARTESIAN_POINT('Ctrl Pts',(2.2937347570115,0.699957510812588,3.42633238131943));
#11534=CARTESIAN_POINT('Ctrl Pts',(2.40918351519202,0.680928330431044,3.43263474747979));
#11535=CARTESIAN_POINT('Ctrl Pts',(2.64254237605548,0.719247399925455,3.45716949348225));
#11536=CARTESIAN_POINT('Ctrl Pts',(2.75818499524129,0.787452367279946,3.47754156033332));
#11537=CARTESIAN_POINT('Ctrl Pts',(2.99151907918767,0.845748955127448,3.50724189749686));
#11538=CARTESIAN_POINT('Ctrl Pts',(3.10569258685954,0.865458349952246,3.52092454297385));
#11539=CARTESIAN_POINT('Ctrl Pts',(3.33924525734219,0.884104225079806,3.54637883574719));
#11540=CARTESIAN_POINT('Ctrl Pts',(3.47265054580995,0.942696991304202,3.56440833973528));
#11541=CARTESIAN_POINT('Ctrl Pts',(3.72066775124486,0.778767238413225,3.57549080749722));
#11542=CARTESIAN_POINT('Ctrl Pts',(3.77962597407623,0.271434187411585,3.53542764561326));
#11543=CARTESIAN_POINT('Ctrl Pts',(4.0274180522687,0.107032388352977,3.55224603892733));
#11544=CARTESIAN_POINT('Ctrl Pts',(4.16311095013187,0.166486546963726,3.57672712586753));
#11545=CARTESIAN_POINT('Ctrl Pts',(4.39738243068906,0.184277032854033,3.60995705040406));
#11546=CARTESIAN_POINT('Ctrl Pts',(4.51404909735573,0.20373597820178,3.6274394466126));
#11547=CARTESIAN_POINT('Ctrl Pts',(4.625,0.233360194305655,3.645045066984));
#11548=CARTESIAN_POINT('Ctrl Pts',(1.825,0.7,3.39841936502999));
#11549=CARTESIAN_POINT('Ctrl Pts',(1.94359778876656,0.699986706662896,3.40423709526947));
#11550=CARTESIAN_POINT('Ctrl Pts',(2.06026445543323,0.699975612171173,3.41093047942499));
#11551=CARTESIAN_POINT('Ctrl Pts',(2.2937347570115,0.699957510812588,3.42633238131943));
#11552=CARTESIAN_POINT('Ctrl Pts',(2.40918351519202,0.680928330431044,3.43263474747979));
#11553=CARTESIAN_POINT('Ctrl Pts',(2.64254237605548,0.719247399925455,3.45716949348225));
#11554=CARTESIAN_POINT('Ctrl Pts',(2.7581849952413,0.787452367279946,3.47754156033332));
#11555=CARTESIAN_POINT('Ctrl Pts',(2.99151907918767,0.845748955127448,3.50724189749686));
#11556=CARTESIAN_POINT('Ctrl Pts',(3.10569258685954,0.865458349952247,3.52092454297386));
#11557=CARTESIAN_POINT('Ctrl Pts',(3.33924525734219,0.884104225079806,3.54637883574719));
#11558=CARTESIAN_POINT('Ctrl Pts',(3.47265054580995,0.942696991304202,3.56440833973528));
#11559=CARTESIAN_POINT('Ctrl Pts',(3.72066775124486,0.778767238413225,3.57549080749722));
#11560=CARTESIAN_POINT('Ctrl Pts',(3.77962597407624,0.271434187411585,3.53542764561326));
#11561=CARTESIAN_POINT('Ctrl Pts',(4.0274180522687,0.107032388352977,3.55224603892732));
#11562=CARTESIAN_POINT('Ctrl Pts',(4.16311095013187,0.166486546963726,3.57672712586753));
#11563=CARTESIAN_POINT('Ctrl Pts',(4.39738243068906,0.184277032854033,3.60995705040406));
#11564=CARTESIAN_POINT('Ctrl Pts',(4.51404909735573,0.20373597820178,3.6274394466126));
#11565=CARTESIAN_POINT('Ctrl Pts',(4.625,0.233360194305655,3.645045066984));
#11566=CARTESIAN_POINT('Ctrl Pts',(1.825,0.7,3.39841936502999));
#11567=CARTESIAN_POINT('Ctrl Pts',(1.94359778876656,0.699986706662896,3.40423709526947));
#11568=CARTESIAN_POINT('Ctrl Pts',(2.06026445543323,0.699975612171173,3.41093047942499));
#11569=CARTESIAN_POINT('Ctrl Pts',(2.2937347570115,0.699957510812588,3.42633238131943));
#11570=CARTESIAN_POINT('Ctrl Pts',(2.40918351519202,0.680928330431044,3.43263474747979));
#11571=CARTESIAN_POINT('Ctrl Pts',(2.64254237605548,0.719247399925455,3.45716949348225));
#11572=CARTESIAN_POINT('Ctrl Pts',(2.7581849952413,0.787452367279946,3.47754156033332));
#11573=CARTESIAN_POINT('Ctrl Pts',(2.99151907918767,0.845748955127448,3.50724189749686));
#11574=CARTESIAN_POINT('Ctrl Pts',(3.10569258685954,0.865458349952247,3.52092454297386));
#11575=CARTESIAN_POINT('Ctrl Pts',(3.33924525734219,0.884104225079806,3.54637883574719));
#11576=CARTESIAN_POINT('Ctrl Pts',(3.47265054580995,0.942696991304202,3.56440833973528));
#11577=CARTESIAN_POINT('Ctrl Pts',(3.72066775124486,0.778767238413226,3.57549080749722));
#11578=CARTESIAN_POINT('Ctrl Pts',(3.77962597407623,0.271434187411585,3.53542764561326));
#11579=CARTESIAN_POINT('Ctrl Pts',(4.0274180522687,0.107032388352977,3.55224603892732));
#11580=CARTESIAN_POINT('Ctrl Pts',(4.16311095013187,0.166486546963726,3.57672712586753));
#11581=CARTESIAN_POINT('Ctrl Pts',(4.39738243068906,0.184277032854033,3.60995705040405));
#11582=CARTESIAN_POINT('Ctrl Pts',(4.51404909735573,0.20373597820178,3.6274394466126));
#11583=CARTESIAN_POINT('Ctrl Pts',(4.625,0.233360194305655,3.645045066984));
#11584=CARTESIAN_POINT('Ctrl Pts',(1.825,0.583333333333333,3.38762099640255));
#11585=CARTESIAN_POINT('Ctrl Pts',(1.94359778876656,0.583324471108598,3.39337868883001));
#11586=CARTESIAN_POINT('Ctrl Pts',(2.06026445543323,0.583317074780782,3.40007241527813));
#11587=CARTESIAN_POINT('Ctrl Pts',(2.2937347570115,0.583305007208392,3.41559787850179));
#11588=CARTESIAN_POINT('Ctrl Pts',(2.40918351519202,0.55160164499992,3.42102385457763));
#11589=CARTESIAN_POINT('Ctrl Pts',(2.64254237605548,0.615465569190642,3.44796853606195));
#11590=CARTESIAN_POINT('Ctrl Pts',(2.7581849952413,0.73888179412711,3.47325366455156));
#11591=CARTESIAN_POINT('Ctrl Pts',(2.99151907918767,0.816536558318153,3.50458516020617));
#11592=CARTESIAN_POINT('Ctrl Pts',(3.10569258685954,0.810297907451434,3.51583493922874));
#11593=CARTESIAN_POINT('Ctrl Pts',(3.33924525734219,0.822743484261157,3.54048854876037));
#11594=CARTESIAN_POINT('Ctrl Pts',(3.47265054580995,0.884388604457574,3.5584776061773));
#11595=CARTESIAN_POINT('Ctrl Pts',(3.72066775124486,0.720464024103154,3.5695380977352));
#11596=CARTESIAN_POINT('Ctrl Pts',(3.77962597407623,0.21310936812517,3.53017742241561));
#11597=CARTESIAN_POINT('Ctrl Pts',(4.0274180522687,0.0487025121123043,3.54718373294602));
#11598=CARTESIAN_POINT('Ctrl Pts',(4.16311095013187,0.105327029065295,3.57133775483457));
#11599=CARTESIAN_POINT('Ctrl Pts',(4.39738243068906,0.129046549161149,3.60509024558629));
#11600=CARTESIAN_POINT('Ctrl Pts',(4.51404909735573,0.154990576101497,3.62314414240065));
#11601=CARTESIAN_POINT('Ctrl Pts',(4.625,0.194487652995985,3.64161977760281));
#11602=CARTESIAN_POINT('Ctrl Pts',(1.825,0.466666666666667,3.37682262777511));
#11603=CARTESIAN_POINT('Ctrl Pts',(1.94359778876656,0.466662235554299,3.38252028239054));
#11604=CARTESIAN_POINT('Ctrl Pts',(2.06026445543323,0.466658537390391,3.38921435113127));
#11605=CARTESIAN_POINT('Ctrl Pts',(2.2937347570115,0.466652503604196,3.40486337568415));
#11606=CARTESIAN_POINT('Ctrl Pts',(2.40918351519202,0.422274959568795,3.40941296167546));
#11607=CARTESIAN_POINT('Ctrl Pts',(2.64254237605548,0.511683738455829,3.43876757864164));
#11608=CARTESIAN_POINT('Ctrl Pts',(2.7581849952413,0.690311220974273,3.4689657687698));
#11609=CARTESIAN_POINT('Ctrl Pts',(2.99151907918767,0.787324161508858,3.50192842291548));
#11610=CARTESIAN_POINT('Ctrl Pts',(3.10569258685954,0.755137464950622,3.51074533548363));
#11611=CARTESIAN_POINT('Ctrl Pts',(3.33924525734219,0.761382743442506,3.53459826177355));
#11612=CARTESIAN_POINT('Ctrl Pts',(3.47265054580995,0.826080217610946,3.55254687261933));
#11613=CARTESIAN_POINT('Ctrl Pts',(3.72066775124486,0.662160809793083,3.56358538797318));
#11614=CARTESIAN_POINT('Ctrl Pts',(3.77962597407623,0.154784548838755,3.52492719921797));
#11615=CARTESIAN_POINT('Ctrl Pts',(4.0274180522687,-0.00962736412836863,
3.54212142696472));
#11616=CARTESIAN_POINT('Ctrl Pts',(4.16311095013187,0.0441675111668649,
3.5659483838016));
#11617=CARTESIAN_POINT('Ctrl Pts',(4.39738243068906,0.0738160654682656,
3.60022344076853));
#11618=CARTESIAN_POINT('Ctrl Pts',(4.51404909735573,0.106245174001213,3.61884883818869));
#11619=CARTESIAN_POINT('Ctrl Pts',(4.625,0.155615111686316,3.63819448822163));
#11620=CARTESIAN_POINT('Ctrl Pts',(1.825,0.35,3.36602425914768));
#11621=CARTESIAN_POINT('Ctrl Pts',(1.94359778876656,0.35,3.37166187595108));
#11622=CARTESIAN_POINT('Ctrl Pts',(2.06026445543323,0.35,3.37835628698441));
#11623=CARTESIAN_POINT('Ctrl Pts',(2.2937347570115,0.35,3.3941288728665));
#11624=CARTESIAN_POINT('Ctrl Pts',(2.40918351519202,0.292948274137671,3.3978020687733));
#11625=CARTESIAN_POINT('Ctrl Pts',(2.64254237605548,0.407901907721017,3.42956662122133));
#11626=CARTESIAN_POINT('Ctrl Pts',(2.7581849952413,0.641740647821436,3.46467787298804));
#11627=CARTESIAN_POINT('Ctrl Pts',(2.99151907918767,0.758111764699564,3.49927168562478));
#11628=CARTESIAN_POINT('Ctrl Pts',(3.10569258685954,0.69997702244981,3.50565573173851));
#11629=CARTESIAN_POINT('Ctrl Pts',(3.33924525734219,0.700022002623856,3.52870797478672));
#11630=CARTESIAN_POINT('Ctrl Pts',(3.47265054580995,0.767771830764317,3.54661613906135));
#11631=CARTESIAN_POINT('Ctrl Pts',(3.72066775124486,0.603857595483011,3.55763267821115));
#11632=CARTESIAN_POINT('Ctrl Pts',(3.77962597407623,0.0964597295523404,
3.51967697602033));
#11633=CARTESIAN_POINT('Ctrl Pts',(4.0274180522687,-0.0679572403690417,
3.53705912098342));
#11634=CARTESIAN_POINT('Ctrl Pts',(4.16311095013187,-0.0169920067315655,
3.56055901276864));
#11635=CARTESIAN_POINT('Ctrl Pts',(4.39738243068906,0.0185855817753816,
3.59535663595077));
#11636=CARTESIAN_POINT('Ctrl Pts',(4.51404909735573,0.0574997719009301,
3.61455353397674));
#11637=CARTESIAN_POINT('Ctrl Pts',(4.625,0.116742570376646,3.63476919884045));
#11638=CARTESIAN_POINT('Ctrl Pts',(1.825,0.35,3.36602425914768));
#11639=CARTESIAN_POINT('Ctrl Pts',(1.94359778876656,0.35,3.37166187595108));
#11640=CARTESIAN_POINT('Ctrl Pts',(2.06026445543323,0.35,3.37835628698441));
#11641=CARTESIAN_POINT('Ctrl Pts',(2.2937347570115,0.35,3.3941288728665));
#11642=CARTESIAN_POINT('Ctrl Pts',(2.40918351519202,0.292948274137671,3.3978020687733));
#11643=CARTESIAN_POINT('Ctrl Pts',(2.64254237605548,0.407901907721016,3.42956662122133));
#11644=CARTESIAN_POINT('Ctrl Pts',(2.7581849952413,0.641740647821435,3.46467787298804));
#11645=CARTESIAN_POINT('Ctrl Pts',(2.99151907918767,0.758111764699564,3.49927168562478));
#11646=CARTESIAN_POINT('Ctrl Pts',(3.10569258685954,0.699977022449809,3.50565573173851));
#11647=CARTESIAN_POINT('Ctrl Pts',(3.33924525734219,0.700022002623856,3.52870797478672));
#11648=CARTESIAN_POINT('Ctrl Pts',(3.47265054580995,0.767771830764318,3.54661613906135));
#11649=CARTESIAN_POINT('Ctrl Pts',(3.72066775124486,0.603857595483011,3.55763267821115));
#11650=CARTESIAN_POINT('Ctrl Pts',(3.77962597407624,0.0964597295523402,
3.51967697602033));
#11651=CARTESIAN_POINT('Ctrl Pts',(4.0274180522687,-0.0679572403690418,
3.53705912098342));
#11652=CARTESIAN_POINT('Ctrl Pts',(4.16311095013187,-0.0169920067315655,
3.56055901276864));
#11653=CARTESIAN_POINT('Ctrl Pts',(4.39738243068906,0.0185855817753816,
3.59535663595077));
#11654=CARTESIAN_POINT('Ctrl Pts',(4.51404909735573,0.0574997719009302,
3.61455353397674));
#11655=CARTESIAN_POINT('Ctrl Pts',(4.625,0.116742570376646,3.63476919884045));
#11656=CARTESIAN_POINT('Ctrl Pts',(1.825,0.35,3.36602425914768));
#11657=CARTESIAN_POINT('Ctrl Pts',(1.94359778876656,0.35,3.37166187595108));
#11658=CARTESIAN_POINT('Ctrl Pts',(2.06026445543322,0.35,3.37835628698441));
#11659=CARTESIAN_POINT('Ctrl Pts',(2.2937347570115,0.35,3.3941288728665));
#11660=CARTESIAN_POINT('Ctrl Pts',(2.40918351519202,0.292948274137671,3.3978020687733));
#11661=CARTESIAN_POINT('Ctrl Pts',(2.64254237605548,0.407901907721017,3.42956662122133));
#11662=CARTESIAN_POINT('Ctrl Pts',(2.7581849952413,0.641740647821436,3.46467787298804));
#11663=CARTESIAN_POINT('Ctrl Pts',(2.99151907918767,0.758111764699564,3.49927168562478));
#11664=CARTESIAN_POINT('Ctrl Pts',(3.10569258685954,0.699977022449809,3.50565573173851));
#11665=CARTESIAN_POINT('Ctrl Pts',(3.33924525734219,0.700022002623856,3.52870797478672));
#11666=CARTESIAN_POINT('Ctrl Pts',(3.47265054580995,0.767771830764317,3.54661613906135));
#11667=CARTESIAN_POINT('Ctrl Pts',(3.72066775124486,0.603857595483011,3.55763267821115));
#11668=CARTESIAN_POINT('Ctrl Pts',(3.77962597407623,0.0964597295523401,
3.51967697602033));
#11669=CARTESIAN_POINT('Ctrl Pts',(4.0274180522687,-0.0679572403690418,
3.53705912098342));
#11670=CARTESIAN_POINT('Ctrl Pts',(4.16311095013187,-0.0169920067315655,
3.56055901276864));
#11671=CARTESIAN_POINT('Ctrl Pts',(4.39738243068906,0.0185855817753816,
3.59535663595077));
#11672=CARTESIAN_POINT('Ctrl Pts',(4.51404909735573,0.0574997719009302,
3.61455353397674));
#11673=CARTESIAN_POINT('Ctrl Pts',(4.625,0.116742570376646,3.63476919884045));
#11674=CARTESIAN_POINT('Ctrl Pts',(1.825,0.291662383916161,3.36091054834706));
#11675=CARTESIAN_POINT('Ctrl Pts',(1.94359778876656,0.291662383916162,3.36659910648306));
#11676=CARTESIAN_POINT('Ctrl Pts',(2.06026445543322,0.291662383916162,3.37329339940198));
#11677=CARTESIAN_POINT('Ctrl Pts',(2.2937347570115,0.291662383916162,3.38896184632051));
#11678=CARTESIAN_POINT('Ctrl Pts',(2.40918351519202,0.244118580921437,3.39337705484381));
#11679=CARTESIAN_POINT('Ctrl Pts',(2.64254237605548,0.339914682196317,3.42310257043284));
#11680=CARTESIAN_POINT('Ctrl Pts',(2.7581849952413,0.534783160298044,3.45443904668986));
#11681=CARTESIAN_POINT('Ctrl Pts',(2.99151907918767,0.631760514996845,3.48688795940692));
#11682=CARTESIAN_POINT('Ctrl Pts',(3.10569258685954,0.58331801496654,3.49386473568683));
#11683=CARTESIAN_POINT('Ctrl Pts',(3.33924525734219,0.583348001749237,3.51673271935047));
#11684=CARTESIAN_POINT('Ctrl Pts',(3.47265054580995,0.645432606264251,3.53408290149189));
#11685=CARTESIAN_POINT('Ctrl Pts',(3.72066775124486,0.495159962265535,3.54665934544053));
#11686=CARTESIAN_POINT('Ctrl Pts',(3.77962597407623,0.0300480916546541,
3.51353802645415));
#11687=CARTESIAN_POINT('Ctrl Pts',(4.0274180522687,-0.120673300457692,3.5324860743168));
#11688=CARTESIAN_POINT('Ctrl Pts',(4.16311095013187,-0.0782081787167172,
3.55507742363015));
#11689=CARTESIAN_POINT('Ctrl Pts',(4.39738243068906,-0.0366997344223479,
3.59042091659819));
#11690=CARTESIAN_POINT('Ctrl Pts',(4.51404909735573,0.00870424905434617,
3.6102151213294));
#11691=CARTESIAN_POINT('Ctrl Pts',(4.625,0.0778283802510971,3.63134023953593));
#11692=CARTESIAN_POINT('Ctrl Pts',(1.825,0.233316202331312,3.3557960867188));
#11693=CARTESIAN_POINT('Ctrl Pts',(1.94359778876656,0.233316202331313,3.36153559366692));
#11694=CARTESIAN_POINT('Ctrl Pts',(2.06026445543322,0.233316202331313,3.3682297684541));
#11695=CARTESIAN_POINT('Ctrl Pts',(2.2937347570115,0.233316202331313,3.38379406111871));
#11696=CARTESIAN_POINT('Ctrl Pts',(2.40918351519202,0.195278925985289,3.38895112045541));
#11697=CARTESIAN_POINT('Ctrl Pts',(2.64254237605548,0.271920308195889,3.416637845336));
#11698=CARTESIAN_POINT('Ctrl Pts',(2.7581849952413,0.427824247001681,3.44420008751144));
#11699=CARTESIAN_POINT('Ctrl Pts',(2.99151907918767,0.50541068745521,3.47450436573268));
#11700=CARTESIAN_POINT('Ctrl Pts',(3.10569258685954,0.466659007483269,3.48207373963514));
#11701=CARTESIAN_POINT('Ctrl Pts',(3.33924525734219,0.466674000874619,3.50475746391421));
#11702=CARTESIAN_POINT('Ctrl Pts',(3.47265054580995,0.523101774482178,3.52155041443098));
#11703=CARTESIAN_POINT('Ctrl Pts',(3.72066775124486,0.386450384203149,3.53568494451674));
#11704=CARTESIAN_POINT('Ctrl Pts',(3.77962597407623,-0.0364384153649892,
3.50739238180823));
#11705=CARTESIAN_POINT('Ctrl Pts',(4.0274180522687,-0.173484626780513,3.52790450858361));
#11706=CARTESIAN_POINT('Ctrl Pts',(4.16311095013187,-0.139523835225114,
3.54958693820973));
#11707=CARTESIAN_POINT('Ctrl Pts',(4.39738243068906,-0.0920580723707928,
3.58547866736479));
#11708=CARTESIAN_POINT('Ctrl Pts',(4.51404909735573,-0.0401353469458958,
3.60587276749414));
#11709=CARTESIAN_POINT('Ctrl Pts',(4.625,0.0389141901255485,3.62791128023141));
#11710=CARTESIAN_POINT('Ctrl Pts',(1.825,0.174987151748484,3.35068312674583));
#11711=CARTESIAN_POINT('Ctrl Pts',(1.94359778876656,0.174987151748484,3.35647356754701));
#11712=CARTESIAN_POINT('Ctrl Pts',(2.06026445543322,0.174987151748484,3.36316762423713));
#11713=CARTESIAN_POINT('Ctrl Pts',(2.2937347570115,0.174987151748484,3.37862779322853));
#11714=CARTESIAN_POINT('Ctrl Pts',(2.40918351519202,0.146459194488967,3.38452702698482));
#11715=CARTESIAN_POINT('Ctrl Pts',(2.64254237605548,0.203940231146917,3.41017446885587));
#11716=CARTESIAN_POINT('Ctrl Pts',(2.7581849952413,0.320868185251261,3.4339613940935));
#11717=CARTESIAN_POINT('Ctrl Pts',(2.99151907918767,0.379058015591407,3.4621205069712));
#11718=CARTESIAN_POINT('Ctrl Pts',(3.10569258685954,0.35,3.47028274358346));
#11719=CARTESIAN_POINT('Ctrl Pts',(3.33924525734219,0.35,3.49278220847795));
#11720=CARTESIAN_POINT('Ctrl Pts',(3.47265054580995,0.400754157264118,3.50901642635296));
#11721=CARTESIAN_POINT('Ctrl Pts',(3.72066775124486,0.277764695830582,3.52471267989927));
#11722=CARTESIAN_POINT('Ctrl Pts',(3.77962597407623,-0.102775184140718,
3.5012601273218));
#11723=CARTESIAN_POINT('Ctrl Pts',(4.0274180522687,-0.226105420634993,3.52333998098358));
#11724=CARTESIAN_POINT('Ctrl Pts',(4.16311095013187,-0.200640522687021,
3.54411424535317));
#11725=CARTESIAN_POINT('Ctrl Pts',(4.39738243068906,-0.147270366817807,
3.58054947789305));
#11726=CARTESIAN_POINT('Ctrl Pts',(4.51404909735573,-0.0888867966388218,
3.60153829603471));
#11727=CARTESIAN_POINT('Ctrl Pts',(4.625,-1.66533453693773E-16,3.62448232092688));
#11728=CARTESIAN_POINT('',(2.525,0.174987151748484,3.39725590537766));
#11729=CARTESIAN_POINT('Ctrl Pts',(1.825,0.174987151748484,3.35068312674583));
#11730=CARTESIAN_POINT('Ctrl Pts',(1.94359778876656,0.174987151748484,3.35647356754701));
#11731=CARTESIAN_POINT('Ctrl Pts',(2.06026445543323,0.174987151748484,3.36316762423713));
#11732=CARTESIAN_POINT('Ctrl Pts',(2.2937347570115,0.174987151748484,3.37862779322853));
#11733=CARTESIAN_POINT('Ctrl Pts',(2.40918351519202,0.146459194488967,3.38452702698482));
#11734=CARTESIAN_POINT('Ctrl Pts',(2.525,0.174987151748484,3.39725590537766));
#11735=CARTESIAN_POINT('',(3.925,-0.175130253471775,3.51421387968561));
#11736=CARTESIAN_POINT('Ctrl Pts',(2.525,0.174987151748484,3.39725590537766));
#11737=CARTESIAN_POINT('Ctrl Pts',(2.64254237605548,0.203940231146917,3.41017446885587));
#11738=CARTESIAN_POINT('Ctrl Pts',(2.7581849952413,0.320868185251261,3.4339613940935));
#11739=CARTESIAN_POINT('Ctrl Pts',(2.99151907918767,0.379058015591407,3.4621205069712));
#11740=CARTESIAN_POINT('Ctrl Pts',(3.10569258685954,0.35,3.47028274358346));
#11741=CARTESIAN_POINT('Ctrl Pts',(3.33924525734219,0.35,3.49278220847795));
#11742=CARTESIAN_POINT('Ctrl Pts',(3.47265054580995,0.400754157264119,3.50901642635296));
#11743=CARTESIAN_POINT('Ctrl Pts',(3.72066775124486,0.277764695830582,3.52471267989927));
#11744=CARTESIAN_POINT('Ctrl Pts',(3.77962597407624,-0.102775184140718,
3.5012601273218));
#11745=CARTESIAN_POINT('Ctrl Pts',(3.925,-0.175130253471775,3.51421387968561));
#11746=CARTESIAN_POINT('Ctrl Pts',(3.925,-0.175130253471775,3.51421387968561));
#11747=CARTESIAN_POINT('Ctrl Pts',(4.0274180522687,-0.226105420634993,3.52333998098358));
#11748=CARTESIAN_POINT('Ctrl Pts',(4.16311095013187,-0.20064052268702,3.54411424535317));
#11749=CARTESIAN_POINT('Ctrl Pts',(4.39738243068906,-0.147270366817807,
3.58054947789305));
#11750=CARTESIAN_POINT('Ctrl Pts',(4.51404909735573,-0.0888867966388217,
3.60153829603471));
#11751=CARTESIAN_POINT('Ctrl Pts',(4.625,0.,3.62448232092688));
#11752=CARTESIAN_POINT('Ctrl Pts',(1.825,0.174987151748484,3.35068312674583));
#11753=CARTESIAN_POINT('Ctrl Pts',(1.94359778876656,0.174987151748484,3.35647356754701));
#11754=CARTESIAN_POINT('Ctrl Pts',(2.06026445543323,0.174987151748484,3.36316762423713));
#11755=CARTESIAN_POINT('Ctrl Pts',(2.2937347570115,0.174987151748484,3.37862779322853));
#11756=CARTESIAN_POINT('Ctrl Pts',(2.40918351519202,0.146459194488967,3.38452702698482));
#11757=CARTESIAN_POINT('Ctrl Pts',(2.64254237605548,0.203940231146917,3.41017446885587));
#11758=CARTESIAN_POINT('Ctrl Pts',(2.7581849952413,0.320868185251261,3.4339613940935));
#11759=CARTESIAN_POINT('Ctrl Pts',(2.99151907918767,0.379058015591407,3.4621205069712));
#11760=CARTESIAN_POINT('Ctrl Pts',(3.10569258685954,0.35,3.47028274358346));
#11761=CARTESIAN_POINT('Ctrl Pts',(3.33924525734219,0.35,3.49278220847795));
#11762=CARTESIAN_POINT('Ctrl Pts',(3.47265054580995,0.400754157264119,3.50901642635296));
#11763=CARTESIAN_POINT('Ctrl Pts',(3.72066775124486,0.277764695830583,3.52471267989927));
#11764=CARTESIAN_POINT('Ctrl Pts',(3.77962597407624,-0.102775184140718,
3.50126012732181));
#11765=CARTESIAN_POINT('Ctrl Pts',(4.0274180522687,-0.226105420634993,3.52333998098358));
#11766=CARTESIAN_POINT('Ctrl Pts',(4.16311095013187,-0.20064052268702,3.54411424535317));
#11767=CARTESIAN_POINT('Ctrl Pts',(4.39738243068906,-0.147270366817807,
3.58054947789305));
#11768=CARTESIAN_POINT('Ctrl Pts',(4.51404909735573,-0.0888867966388217,
3.60153829603471));
#11769=CARTESIAN_POINT('Ctrl Pts',(4.625,0.,3.62448232092688));
#11770=CARTESIAN_POINT('Ctrl Pts',(1.825,0.116658101165656,3.34557016677286));
#11771=CARTESIAN_POINT('Ctrl Pts',(1.94359778876656,0.116658101165656,3.35141154142711));
#11772=CARTESIAN_POINT('Ctrl Pts',(2.06026445543323,0.116658101165656,3.35810548002016));
#11773=CARTESIAN_POINT('Ctrl Pts',(2.2937347570115,0.116658101165656,3.37346152533834));
#11774=CARTESIAN_POINT('Ctrl Pts',(2.40918351519202,0.0976394629926449,
3.38007363599964));
#11775=CARTESIAN_POINT('Ctrl Pts',(2.64254237605548,0.135960154097944,3.40374082648036));
#11776=CARTESIAN_POINT('Ctrl Pts',(2.7581849952413,0.213912123500841,3.42377700251295));
#11777=CARTESIAN_POINT('Ctrl Pts',(2.99151907918767,0.252705343727604,3.45004149644938));
#11778=CARTESIAN_POINT('Ctrl Pts',(3.10569258685954,0.233333333333334,3.45903780603417));
#11779=CARTESIAN_POINT('Ctrl Pts',(3.33924525734219,0.233333333333333,3.48175350319527));
#11780=CARTESIAN_POINT('Ctrl Pts',(3.47265054580995,0.278445342217663,3.49787048611741));
#11781=CARTESIAN_POINT('Ctrl Pts',(3.72066775124486,0.169128155686599,3.5151032666765));
#11782=CARTESIAN_POINT('Ctrl Pts',(3.77962597407624,-0.16910601875002,3.49531767743716));
#11783=CARTESIAN_POINT('Ctrl Pts',(4.0274180522687,-0.278730395193442,3.51864173336373));
#11784=CARTESIAN_POINT('Ctrl Pts',(4.16311095013187,-0.261762820744004,
3.53860967637257));
#11785=CARTESIAN_POINT('Ctrl Pts',(4.39738243068906,-0.20247652448679,3.57565515400954));
#11786=CARTESIAN_POINT('Ctrl Pts',(4.51404909735573,-0.137619260467261,
3.59731169116749));
#11787=CARTESIAN_POINT('Ctrl Pts',(4.625,-0.0388756428661822,3.62127236463433));
#11788=CARTESIAN_POINT('Ctrl Pts',(1.825,0.0583290505828281,3.34045720679989));
#11789=CARTESIAN_POINT('Ctrl Pts',(1.94359778876656,0.0583290505828283,
3.3463495153072));
#11790=CARTESIAN_POINT('Ctrl Pts',(2.06026445543323,0.058329050582828,3.35304333580319));
#11791=CARTESIAN_POINT('Ctrl Pts',(2.2937347570115,0.0583290505828283,3.36829525744815));
#11792=CARTESIAN_POINT('Ctrl Pts',(2.40918351519202,0.0488197314963222,
3.37562024501446));
#11793=CARTESIAN_POINT('Ctrl Pts',(2.64254237605548,0.0679800770489725,
3.39730718410486));
#11794=CARTESIAN_POINT('Ctrl Pts',(2.7581849952413,0.10695606175042,3.41359261093239));
#11795=CARTESIAN_POINT('Ctrl Pts',(2.99151907918767,0.126352671863803,3.43796248592756));
#11796=CARTESIAN_POINT('Ctrl Pts',(3.10569258685954,0.116666666666666,3.44779286848488));
#11797=CARTESIAN_POINT('Ctrl Pts',(3.33924525734219,0.116666666666667,3.47072479791259));
#11798=CARTESIAN_POINT('Ctrl Pts',(3.47265054580995,0.156136527171207,3.48672454588185));
#11799=CARTESIAN_POINT('Ctrl Pts',(3.72066775124486,0.0604916155426155,
3.50549385345374));
#11800=CARTESIAN_POINT('Ctrl Pts',(3.77962597407624,-0.235436853359323,
3.48937522755252));
#11801=CARTESIAN_POINT('Ctrl Pts',(4.0274180522687,-0.331355369751891,3.51394348574388));
#11802=CARTESIAN_POINT('Ctrl Pts',(4.16311095013187,-0.322885118800987,
3.53310510739196));
#11803=CARTESIAN_POINT('Ctrl Pts',(4.39738243068906,-0.257682682155774,
3.57076083012603));
#11804=CARTESIAN_POINT('Ctrl Pts',(4.51404909735573,-0.186351724295701,
3.59308508630028));
#11805=CARTESIAN_POINT('Ctrl Pts',(4.625,-0.0777512857323644,3.61806240834177));
#11806=CARTESIAN_POINT('Ctrl Pts',(1.825,5.55111512312578E-17,3.33534424682692));
#11807=CARTESIAN_POINT('Ctrl Pts',(1.94359778876656,-1.72572363081694E-17,
3.34128748918729));
#11808=CARTESIAN_POINT('Ctrl Pts',(2.06026445543323,-5.75061719218042E-17,
3.34798119158622));
#11809=CARTESIAN_POINT('Ctrl Pts',(2.2937347570115,-6.28258291361484E-17,
3.36312898955797));
#11810=CARTESIAN_POINT('Ctrl Pts',(2.40918351519202,6.37237971570349E-17,
3.37116685402928));
#11811=CARTESIAN_POINT('Ctrl Pts',(2.64254237605548,2.37633534886981E-17,
3.39087354172936));
#11812=CARTESIAN_POINT('Ctrl Pts',(2.7581849952413,-1.85982277099269E-16,
3.40340821935184));
#11813=CARTESIAN_POINT('Ctrl Pts',(2.99151907918767,-1.93398551971656E-16,
3.42588347540574));
#11814=CARTESIAN_POINT('Ctrl Pts',(3.10569258685954,-7.30915070015942E-18,
3.43654793093558));
#11815=CARTESIAN_POINT('Ctrl Pts',(3.33924525734219,3.14178542813092E-17,
3.45969609262991));
#11816=CARTESIAN_POINT('Ctrl Pts',(3.47265054580995,0.0338277121247525,
3.4755786056463));
#11817=CARTESIAN_POINT('Ctrl Pts',(3.72066775124486,-0.0481449246013685,
3.49588444023097));
#11818=CARTESIAN_POINT('Ctrl Pts',(3.77962597407624,-0.301767687968625,
3.48343277766788));
#11819=CARTESIAN_POINT('Ctrl Pts',(4.0274180522687,-0.38398034431034,3.50924523812403));
#11820=CARTESIAN_POINT('Ctrl Pts',(4.16311095013187,-0.384007416857971,
3.52760053841136));
#11821=CARTESIAN_POINT('Ctrl Pts',(4.39738243068906,-0.312888839824757,
3.56586650624251));
#11822=CARTESIAN_POINT('Ctrl Pts',(4.51404909735573,-0.23508418812414,3.58885848143307));
#11823=CARTESIAN_POINT('Ctrl Pts',(4.625,-0.116626928598547,3.61485245204921));
#11824=CARTESIAN_POINT('Ctrl Pts',(3.56498614167122,0.0030697673389472,
3.48312310971075));
#11825=CARTESIAN_POINT('Ctrl Pts',(3.56835537074263,0.00211482505636324,
3.48340904095221));
#11826=CARTESIAN_POINT('Ctrl Pts',(3.57169388769658,0.0010927094446893,
3.48368754999771));
#11827=CARTESIAN_POINT('Ctrl Pts',(3.72066775124486,-0.0481449246013685,
3.49588444023097));
#11828=CARTESIAN_POINT('Ctrl Pts',(3.77962597407624,-0.301767687968625,
3.48343277766788));
#11829=CARTESIAN_POINT('Ctrl Pts',(4.0274180522687,-0.38398034431034,3.50924523812403));
#11830=CARTESIAN_POINT('Ctrl Pts',(4.16311095013187,-0.38400741685797,3.52760053841136));
#11831=CARTESIAN_POINT('Ctrl Pts',(4.39738243068906,-0.312888839824757,
3.56586650624251));
#11832=CARTESIAN_POINT('Ctrl Pts',(4.51404909735573,-0.23508418812414,3.58885848143307));
#11833=CARTESIAN_POINT('Ctrl Pts',(4.625,-0.116626928598547,3.61485245204921));
#11834=CARTESIAN_POINT('Ctrl Pts',(3.34494822523829,0.00762646623554067,
3.46089524173717));
#11835=CARTESIAN_POINT('Ctrl Pts',(3.42552560908292,0.0151066338886644,
3.46953709698678));
#11836=CARTESIAN_POINT('Ctrl Pts',(3.50709742799249,0.0224426077948108,
3.47839886438734));
#11837=CARTESIAN_POINT('Ctrl Pts',(3.72066775124486,-0.0481449246013684,
3.49588444023097));
#11838=CARTESIAN_POINT('Ctrl Pts',(3.77962597407623,-0.301767687968625,
3.48343277766788));
#11839=CARTESIAN_POINT('Ctrl Pts',(4.0274180522687,-0.383980344310339,3.50924523812402));
#11840=CARTESIAN_POINT('Ctrl Pts',(4.16311095013187,-0.38400741685797,3.52760053841136));
#11841=CARTESIAN_POINT('Ctrl Pts',(4.39738243068906,-0.312888839824757,
3.56586650624251));
#11842=CARTESIAN_POINT('Ctrl Pts',(4.51404909735573,-0.23508418812414,3.58885848143307));
#11843=CARTESIAN_POINT('Ctrl Pts',(4.625,-0.116626928598547,3.61485245204921));
#11844=CARTESIAN_POINT('Ctrl Pts',(3.34494822523829,-0.100962022478827,
3.45187940335775));
#11845=CARTESIAN_POINT('Ctrl Pts',(3.42552560908292,-0.0935743455407779,
3.4607882445547));
#11846=CARTESIAN_POINT('Ctrl Pts',(3.50709742799249,-0.09427473942833,3.46927830906121));
#11847=CARTESIAN_POINT('Ctrl Pts',(3.72066775124486,-0.164873492701387,
3.48695661418936));
#11848=CARTESIAN_POINT('Ctrl Pts',(3.77962597407623,-0.434644167609907,
3.47209577464883));
#11849=CARTESIAN_POINT('Ctrl Pts',(4.0274180522687,-0.489226969040693,3.49998100610335));
#11850=CARTESIAN_POINT('Ctrl Pts',(4.16311095013187,-0.455294970889722,
3.52124125149647));
#11851=CARTESIAN_POINT('Ctrl Pts',(4.39738243068906,-0.356976405136088,
3.56190705899326));
#11852=CARTESIAN_POINT('Ctrl Pts',(4.51404909735573,-0.272698059594928,
3.58556675320011));
#11853=CARTESIAN_POINT('Ctrl Pts',(4.625,-0.155502571464729,3.61164249575665));
#11854=CARTESIAN_POINT('Ctrl Pts',(3.34494822523829,-0.209550511193194,
3.44286356497834));
#11855=CARTESIAN_POINT('Ctrl Pts',(3.42552560908292,-0.202255324970221,
3.45203939212261));
#11856=CARTESIAN_POINT('Ctrl Pts',(3.50709742799249,-0.21099208665147,3.46015775373509));
#11857=CARTESIAN_POINT('Ctrl Pts',(3.72066775124486,-0.281602060801405,
3.47802878814775));
#11858=CARTESIAN_POINT('Ctrl Pts',(3.77962597407623,-0.535123534953426,
3.46365584380866));
#11859=CARTESIAN_POINT('Ctrl Pts',(4.0274180522687,-0.61729781645858,3.4886757458594));
#11860=CARTESIAN_POINT('Ctrl Pts',(4.16311095013187,-0.62863105668247,3.5056787557111));
#11861=CARTESIAN_POINT('Ctrl Pts',(4.39738243068906,-0.533815951012748,
3.54616135343314));
#11862=CARTESIAN_POINT('Ctrl Pts',(4.51404909735573,-0.430103289334765,
3.57182556975255));
#11863=CARTESIAN_POINT('Ctrl Pts',(4.625,-0.272208976199516,3.60200606454573));
#11864=CARTESIAN_POINT('Ctrl Pts',(3.34494822523829,-0.318138999907562,
3.43384772659893));
#11865=CARTESIAN_POINT('Ctrl Pts',(3.42552560908292,-0.310936304399663,
3.44329053969052));
#11866=CARTESIAN_POINT('Ctrl Pts',(3.50709742799249,-0.327709433874611,
3.45103719840896));
#11867=CARTESIAN_POINT('Ctrl Pts',(3.72066775124486,-0.398330628901424,
3.46910096210614));
#11868=CARTESIAN_POINT('Ctrl Pts',(3.77962597407623,-0.651801458445827,
3.45376737687905));
#11869=CARTESIAN_POINT('Ctrl Pts',(4.0274180522687,-0.733956552532701,3.47839099972709));
#11870=CARTESIAN_POINT('Ctrl Pts',(4.16311095013187,-0.75094287659472,3.49471786436097));
#11871=CARTESIAN_POINT('Ctrl Pts',(4.39738243068906,-0.644279506606744,
3.53630877702845));
#11872=CARTESIAN_POINT('Ctrl Pts',(4.51404909735573,-0.527612839940078,
3.5633091139123));
#11873=CARTESIAN_POINT('Ctrl Pts',(4.625,-0.35,3.595582870794));
#11874=CARTESIAN_POINT('Ctrl Pts',(1.825,-0.7,3.27815736194833));
#11875=CARTESIAN_POINT('Ctrl Pts',(1.94359778876656,-0.672298572126747,
3.28717444551364));
#11876=CARTESIAN_POINT('Ctrl Pts',(2.06026445543323,-0.672298612303886,
3.29390266660419));
#11877=CARTESIAN_POINT('Ctrl Pts',(2.2937347570115,-0.728667190188574,3.30293612174449));
#11878=CARTESIAN_POINT('Ctrl Pts',(2.40918351519202,-0.845617690911453,
3.29806637236614));
#11879=CARTESIAN_POINT('Ctrl Pts',(2.64254237605548,-0.904820284163583,
3.31157494027614));
#11880=CARTESIAN_POINT('Ctrl Pts',(2.75818499524129,-0.904277876473212,
3.32487445676369));
#11881=CARTESIAN_POINT('Ctrl Pts',(2.99151907918767,-0.84579641307868,3.35364628071541));
#11882=CARTESIAN_POINT('Ctrl Pts',(3.10569258685954,-0.728520132222299,
3.37574152711589));
#11883=CARTESIAN_POINT('Ctrl Pts',(3.33924525734219,-0.672690199133727,
3.40569353180698));
#11884=CARTESIAN_POINT('Ctrl Pts',(3.47265054580995,-0.683159576370544,
3.41965139097762));
#11885=CARTESIAN_POINT('Ctrl Pts',(3.72066775124486,-0.724165426660186,
3.44381133571942));
#11886=CARTESIAN_POINT('Ctrl Pts',(3.77962597407624,-0.850900797787819,
3.43880787390931));
#11887=CARTESIAN_POINT('Ctrl Pts',(4.0274180522687,-0.891978330685156,3.46577843464757));
#11888=CARTESIAN_POINT('Ctrl Pts',(4.16311095013187,-0.900471489791329,
3.48141267708295));
#11889=CARTESIAN_POINT('Ctrl Pts',(4.39738243068906,-0.847139823163465,
3.51869976277822));
#11890=CARTESIAN_POINT('Ctrl Pts',(4.51404909735573,-0.788806509918702,
3.54170173009933));
#11891=CARTESIAN_POINT('Ctrl Pts',(4.625,-0.700000120531416,3.56822704886461));
#11892=CARTESIAN_POINT('Ctrl Pts',(1.825,-0.816666666666667,3.26864452718614));
#11893=CARTESIAN_POINT('Ctrl Pts',(1.94359778876656,-0.798199048084498,
3.27693578060739));
#11894=CARTESIAN_POINT('Ctrl Pts',(2.06026445543323,-0.798199074869257,
3.28366400278993));
#11895=CARTESIAN_POINT('Ctrl Pts',(2.2937347570115,-0.835778126792383,3.29417442213662));
#11896=CARTESIAN_POINT('Ctrl Pts',(2.40918351519202,-0.913745127274302,
3.29232579509782));
#11897=CARTESIAN_POINT('Ctrl Pts',(2.64254237605548,-0.953213522775722,
3.30747263487297));
#11898=CARTESIAN_POINT('Ctrl Pts',(2.75818499524129,-0.952851917648808,
3.32090277602458));
#11899=CARTESIAN_POINT('Ctrl Pts',(2.99151907918767,-0.913864275385786,
3.34829480222771));
#11900=CARTESIAN_POINT('Ctrl Pts',(3.10569258685954,-0.8356800881482,3.36740232118034));
#11901=CARTESIAN_POINT('Ctrl Pts',(3.33924525734219,-0.798460132755818,
3.39595298055871));
#11902=CARTESIAN_POINT('Ctrl Pts',(3.47265054580995,-0.805439717580363,
3.41016063336983));
#11903=CARTESIAN_POINT('Ctrl Pts',(3.72066775124486,-0.83277695110679,3.43538146606327));
#11904=CARTESIAN_POINT('Ctrl Pts',(3.77962597407624,-0.917267198525213,
3.43382137635385));
#11905=CARTESIAN_POINT('Ctrl Pts',(4.0274180522687,-0.94465222045677,3.46157424918336));
#11906=CARTESIAN_POINT('Ctrl Pts',(4.16311095013187,-0.950314326527553,
3.47697761771159));
#11907=CARTESIAN_POINT('Ctrl Pts',(4.39738243068906,-0.914759882108977,
3.51283009540421));
#11908=CARTESIAN_POINT('Ctrl Pts',(4.51404909735573,-0.875871006612468,
3.53449927378905));
#11909=CARTESIAN_POINT('Ctrl Pts',(4.625,-0.816666747020944,3.55910844783526));
#11910=CARTESIAN_POINT('Ctrl Pts',(1.825,-0.933333333333333,3.25913169242395));
#11911=CARTESIAN_POINT('Ctrl Pts',(1.94359778876656,-0.924099524042249,
3.26669711570113));
#11912=CARTESIAN_POINT('Ctrl Pts',(2.06026445543323,-0.924099537434629,
3.27342533897567));
#11913=CARTESIAN_POINT('Ctrl Pts',(2.2937347570115,-0.942889063396191,3.28541272252876));
#11914=CARTESIAN_POINT('Ctrl Pts',(2.40918351519202,-0.981872563637151,
3.2865852178295));
#11915=CARTESIAN_POINT('Ctrl Pts',(2.64254237605548,-1.00160676138786,3.30337032946979));
#11916=CARTESIAN_POINT('Ctrl Pts',(2.75818499524129,-1.0014259588244,3.31693109528546));
#11917=CARTESIAN_POINT('Ctrl Pts',(2.99151907918767,-0.981932137692893,
3.34294332374002));
#11918=CARTESIAN_POINT('Ctrl Pts',(3.10569258685954,-0.942840044074099,
3.35906311524479));
#11919=CARTESIAN_POINT('Ctrl Pts',(3.33924525734219,-0.924230066377909,
3.38621242931043));
#11920=CARTESIAN_POINT('Ctrl Pts',(3.47265054580995,-0.927719858790181,
3.40066987576204));
#11921=CARTESIAN_POINT('Ctrl Pts',(3.72066775124486,-0.941388475553395,
3.42695159640711));
#11922=CARTESIAN_POINT('Ctrl Pts',(3.77962597407624,-0.983633599262606,
3.42883487879839));
#11923=CARTESIAN_POINT('Ctrl Pts',(4.0274180522687,-0.997326110228385,3.45737006371916));
#11924=CARTESIAN_POINT('Ctrl Pts',(4.16311095013187,-1.00015716326378,3.47254255834024));
#11925=CARTESIAN_POINT('Ctrl Pts',(4.39738243068906,-0.982379941054488,
3.50696042803021));
#11926=CARTESIAN_POINT('Ctrl Pts',(4.51404909735573,-0.962935503306234,
3.52729681747876));
#11927=CARTESIAN_POINT('Ctrl Pts',(4.625,-0.933333373510472,3.54998984680592));
#11928=CARTESIAN_POINT('Ctrl Pts',(1.825,-1.05,3.24961885766176));
#11929=CARTESIAN_POINT('Ctrl Pts',(1.94359778876656,-1.05,3.25645845079487));
#11930=CARTESIAN_POINT('Ctrl Pts',(2.06026445543323,-1.05,3.2631866751614));
#11931=CARTESIAN_POINT('Ctrl Pts',(2.2937347570115,-1.05,3.2766510229209));
#11932=CARTESIAN_POINT('Ctrl Pts',(2.40918351519202,-1.05,3.28084464056118));
#11933=CARTESIAN_POINT('Ctrl Pts',(2.64254237605548,-1.05,3.29926802406662));
#11934=CARTESIAN_POINT('Ctrl Pts',(2.75818499524129,-1.05,3.31295941454635));
#11935=CARTESIAN_POINT('Ctrl Pts',(2.99151907918767,-1.05,3.33759184525232));
#11936=CARTESIAN_POINT('Ctrl Pts',(3.10569258685954,-1.05,3.35072390930925));
#11937=CARTESIAN_POINT('Ctrl Pts',(3.33924525734219,-1.05,3.37647187806215));
#11938=CARTESIAN_POINT('Ctrl Pts',(3.47265054580995,-1.05,3.39117911815426));
#11939=CARTESIAN_POINT('Ctrl Pts',(3.72066775124486,-1.05,3.41852172675095));
#11940=CARTESIAN_POINT('Ctrl Pts',(3.77962597407624,-1.05,3.42384838124293));
#11941=CARTESIAN_POINT('Ctrl Pts',(4.0274180522687,-1.05,3.45316587825496));
#11942=CARTESIAN_POINT('Ctrl Pts',(4.16311095013187,-1.05,3.46810749896888));
#11943=CARTESIAN_POINT('Ctrl Pts',(4.39738243068906,-1.05,3.5010907606562));
#11944=CARTESIAN_POINT('Ctrl Pts',(4.51404909735573,-1.05,3.52009436116847));
#11945=CARTESIAN_POINT('Ctrl Pts',(4.625,-1.05,3.54087124577657));
#11946=CARTESIAN_POINT('Ctrl Pts',(1.825,-1.05,3.24961885766176));
#11947=CARTESIAN_POINT('Ctrl Pts',(1.94359778876656,-1.05,3.25645845079487));
#11948=CARTESIAN_POINT('Ctrl Pts',(2.06026445543323,-1.05,3.2631866751614));
#11949=CARTESIAN_POINT('Ctrl Pts',(2.2937347570115,-1.05,3.27665102292089));
#11950=CARTESIAN_POINT('Ctrl Pts',(2.40918351519202,-1.05,3.28084464056118));
#11951=CARTESIAN_POINT('Ctrl Pts',(2.64254237605548,-1.05,3.29926802406662));
#11952=CARTESIAN_POINT('Ctrl Pts',(2.7581849952413,-1.05,3.31295941454635));
#11953=CARTESIAN_POINT('Ctrl Pts',(2.99151907918767,-1.05,3.33759184525232));
#11954=CARTESIAN_POINT('Ctrl Pts',(3.10569258685954,-1.05,3.35072390930925));
#11955=CARTESIAN_POINT('Ctrl Pts',(3.33924525734219,-1.05,3.37647187806215));
#11956=CARTESIAN_POINT('Ctrl Pts',(3.47265054580995,-1.05,3.39117911815426));
#11957=CARTESIAN_POINT('Ctrl Pts',(3.72066775124486,-1.05,3.41852172675096));
#11958=CARTESIAN_POINT('Ctrl Pts',(3.77962597407624,-1.05,3.42384838124293));
#11959=CARTESIAN_POINT('Ctrl Pts',(4.0274180522687,-1.05,3.45316587825496));
#11960=CARTESIAN_POINT('Ctrl Pts',(4.16311095013187,-1.05,3.46810749896888));
#11961=CARTESIAN_POINT('Ctrl Pts',(4.39738243068906,-1.05,3.50109076065621));
#11962=CARTESIAN_POINT('Ctrl Pts',(4.51404909735573,-1.05,3.52009436116847));
#11963=CARTESIAN_POINT('Ctrl Pts',(4.625,-1.05,3.54087124577657));
#11964=CARTESIAN_POINT('Ctrl Pts',(1.825,-1.05,3.24961885766176));
#11965=CARTESIAN_POINT('Ctrl Pts',(1.94359778876656,-1.05,3.25645845079487));
#11966=CARTESIAN_POINT('Ctrl Pts',(2.06026445543322,-1.05,3.2631866751614));
#11967=CARTESIAN_POINT('Ctrl Pts',(2.2937347570115,-1.05,3.27665102292089));
#11968=CARTESIAN_POINT('Ctrl Pts',(2.40918351519202,-1.05,3.28084464056118));
#11969=CARTESIAN_POINT('Ctrl Pts',(2.64254237605548,-1.05,3.29926802406662));
#11970=CARTESIAN_POINT('Ctrl Pts',(2.75818499524129,-1.05,3.31295941454635));
#11971=CARTESIAN_POINT('Ctrl Pts',(2.99151907918766,-1.05,3.33759184525232));
#11972=CARTESIAN_POINT('Ctrl Pts',(3.10569258685954,-1.05,3.35072390930925));
#11973=CARTESIAN_POINT('Ctrl Pts',(3.33924525734219,-1.05,3.37647187806215));
#11974=CARTESIAN_POINT('Ctrl Pts',(3.47265054580995,-1.05,3.39117911815425));
#11975=CARTESIAN_POINT('Ctrl Pts',(3.72066775124486,-1.05,3.41852172675096));
#11976=CARTESIAN_POINT('Ctrl Pts',(3.77962597407623,-1.05,3.42384838124292));
#11977=CARTESIAN_POINT('Ctrl Pts',(4.0274180522687,-1.05,3.45316587825496));
#11978=CARTESIAN_POINT('Ctrl Pts',(4.16311095013187,-1.05,3.46810749896888));
#11979=CARTESIAN_POINT('Ctrl Pts',(4.39738243068906,-1.05,3.5010907606562));
#11980=CARTESIAN_POINT('Ctrl Pts',(4.51404909735573,-1.05,3.52009436116847));
#11981=CARTESIAN_POINT('Ctrl Pts',(4.625,-1.05,3.54087124577657));
#11982=CARTESIAN_POINT('Ctrl Pts',(1.825,-1.16666666666667,3.23946621205187));
#11983=CARTESIAN_POINT('Ctrl Pts',(1.94359778876656,-1.16666666666667,3.24630595440542));
#11984=CARTESIAN_POINT('Ctrl Pts',(2.06026445543322,-1.16666666666667,3.25303432556264));
#11985=CARTESIAN_POINT('Ctrl Pts',(2.2937347570115,-1.16666666666667,3.26649896707584));
#11986=CARTESIAN_POINT('Ctrl Pts',(2.40918351519202,-1.16666666666667,3.27066893407848));
#11987=CARTESIAN_POINT('Ctrl Pts',(2.64254237605548,-1.16666666666667,3.28914055759452));
#11988=CARTESIAN_POINT('Ctrl Pts',(2.75818499524129,-1.16666666666666,3.30292949006999));
#11989=CARTESIAN_POINT('Ctrl Pts',(2.99151907918766,-1.16666666666667,3.32761102381735));
#11990=CARTESIAN_POINT('Ctrl Pts',(3.10569258685954,-1.16666666666667,3.34071939391321));
#11991=CARTESIAN_POINT('Ctrl Pts',(3.33924525734219,-1.16666666666667,3.36646819933415));
#11992=CARTESIAN_POINT('Ctrl Pts',(3.47265054580995,-1.16666666666667,3.38117591733104));
#11993=CARTESIAN_POINT('Ctrl Pts',(3.72066775124486,-1.16666666666667,3.40851941441283));
#11994=CARTESIAN_POINT('Ctrl Pts',(3.77962597407623,-1.16666666666667,3.41359831595803));
#11995=CARTESIAN_POINT('Ctrl Pts',(4.0274180522687,-1.16666666666667,3.44333935905082));
#11996=CARTESIAN_POINT('Ctrl Pts',(4.16311095013187,-1.16666666666667,3.45881947349612));
#11997=CARTESIAN_POINT('Ctrl Pts',(4.39738243068906,-1.16666666666667,3.49218172129656));
#11998=CARTESIAN_POINT('Ctrl Pts',(4.51404909735573,-1.16666666666667,3.51124311108508));
#11999=CARTESIAN_POINT('Ctrl Pts',(4.625,-1.16666666666667,3.53193759350294));
#12000=CARTESIAN_POINT('Ctrl Pts',(1.825,-1.28333333333333,3.22931356644199));
#12001=CARTESIAN_POINT('Ctrl Pts',(1.94359778876656,-1.28333333333333,3.23615345801597));
#12002=CARTESIAN_POINT('Ctrl Pts',(2.06026445543322,-1.28333333333333,3.24288197596388));
#12003=CARTESIAN_POINT('Ctrl Pts',(2.2937347570115,-1.28333333333333,3.25634691123079));
#12004=CARTESIAN_POINT('Ctrl Pts',(2.40918351519202,-1.28333333333333,3.26049322759579));
#12005=CARTESIAN_POINT('Ctrl Pts',(2.64254237605548,-1.28333333333333,3.27901309112242));
#12006=CARTESIAN_POINT('Ctrl Pts',(2.75818499524129,-1.28333333333333,3.29289956559364));
#12007=CARTESIAN_POINT('Ctrl Pts',(2.99151907918766,-1.28333333333333,3.31763020238239));
#12008=CARTESIAN_POINT('Ctrl Pts',(3.10569258685954,-1.28333333333333,3.33071487851718));
#12009=CARTESIAN_POINT('Ctrl Pts',(3.33924525734219,-1.28333333333333,3.35646452060614));
#12010=CARTESIAN_POINT('Ctrl Pts',(3.47265054580995,-1.28333333333333,3.37117271650782));
#12011=CARTESIAN_POINT('Ctrl Pts',(3.72066775124486,-1.28333333333333,3.39851710207471));
#12012=CARTESIAN_POINT('Ctrl Pts',(3.77962597407623,-1.28333333333333,3.40334825067313));
#12013=CARTESIAN_POINT('Ctrl Pts',(4.0274180522687,-1.28333333333333,3.43351283984669));
#12014=CARTESIAN_POINT('Ctrl Pts',(4.16311095013187,-1.28333333333333,3.44953144802336));
#12015=CARTESIAN_POINT('Ctrl Pts',(4.39738243068906,-1.28333333333333,3.48327268193691));
#12016=CARTESIAN_POINT('Ctrl Pts',(4.51404909735573,-1.28333333333333,3.50239186100168));
#12017=CARTESIAN_POINT('Ctrl Pts',(4.625,-1.28333333333333,3.52300394122932));
#12018=CARTESIAN_POINT('Ctrl Pts',(1.825,-1.4,3.21916092083211));
#12019=CARTESIAN_POINT('Ctrl Pts',(1.94359778876656,-1.4,3.22600096162653));
#12020=CARTESIAN_POINT('Ctrl Pts',(2.06026445543322,-1.4,3.23272962636512));
#12021=CARTESIAN_POINT('Ctrl Pts',(2.2937347570115,-1.4,3.24619485538573));
#12022=CARTESIAN_POINT('Ctrl Pts',(2.40918351519202,-1.4,3.25031752111309));
#12023=CARTESIAN_POINT('Ctrl Pts',(2.64254237605548,-1.4,3.26888562465032));
#12024=CARTESIAN_POINT('Ctrl Pts',(2.75818499524129,-1.4,3.28286964111728));
#12025=CARTESIAN_POINT('Ctrl Pts',(2.99151907918766,-1.4,3.30764938094742));
#12026=CARTESIAN_POINT('Ctrl Pts',(3.10569258685954,-1.4,3.32071036312114));
#12027=CARTESIAN_POINT('Ctrl Pts',(3.33924525734219,-1.4,3.34646084187813));
#12028=CARTESIAN_POINT('Ctrl Pts',(3.47265054580995,-1.4,3.3611695156846));
#12029=CARTESIAN_POINT('Ctrl Pts',(3.72066775124486,-1.4,3.38851478973658));
#12030=CARTESIAN_POINT('Ctrl Pts',(3.77962597407623,-1.4,3.39309818538824));
#12031=CARTESIAN_POINT('Ctrl Pts',(4.0274180522687,-1.4,3.42368632064256));
#12032=CARTESIAN_POINT('Ctrl Pts',(4.16311095013187,-1.4,3.4402434225506));
#12033=CARTESIAN_POINT('Ctrl Pts',(4.39738243068906,-1.4,3.47436364257727));
#12034=CARTESIAN_POINT('Ctrl Pts',(4.51404909735573,-1.4,3.49354061091828));
#12035=CARTESIAN_POINT('Ctrl Pts',(4.625,-1.4,3.51407028895569));
#12036=CARTESIAN_POINT('Origin',(-11.1,1.6,0.));
#12037=CARTESIAN_POINT('',(-11.1,2.,0.));
#12038=CARTESIAN_POINT('',(-11.5,1.6,0.));
#12039=CARTESIAN_POINT('Origin',(-11.1,1.6,0.));
#12040=CARTESIAN_POINT('',(-11.5,1.6,2.));
#12041=CARTESIAN_POINT('',(-11.5,1.6,0.));
#12042=CARTESIAN_POINT('',(-11.1,2.,2.));
#12043=CARTESIAN_POINT('Origin',(-11.1,1.6,2.));
#12044=CARTESIAN_POINT('',(-11.1,2.,0.));
#12045=CARTESIAN_POINT('Origin',(11.1,2.,0.));
#12046=CARTESIAN_POINT('',(11.1,2.,0.));
#12047=CARTESIAN_POINT('',(11.1,2.,0.));
#12048=CARTESIAN_POINT('',(11.1,2.,2.));
#12049=CARTESIAN_POINT('',(11.1,2.,2.));
#12050=CARTESIAN_POINT('',(11.1,2.,0.));
#12051=CARTESIAN_POINT('Origin',(11.1,1.6,0.));
#12052=CARTESIAN_POINT('',(11.5,1.6,0.));
#12053=CARTESIAN_POINT('Origin',(11.1,1.6,0.));
#12054=CARTESIAN_POINT('',(11.5,1.6,2.));
#12055=CARTESIAN_POINT('Origin',(11.1,1.6,2.));
#12056=CARTESIAN_POINT('',(11.5,1.6,0.));
#12057=CARTESIAN_POINT('Origin',(11.5,-1.6,0.));
#12058=CARTESIAN_POINT('',(11.5,-1.6,0.));
#12059=CARTESIAN_POINT('',(11.5,-1.6,0.));
#12060=CARTESIAN_POINT('',(11.5,-1.6,2.));
#12061=CARTESIAN_POINT('',(11.5,-1.6,2.));
#12062=CARTESIAN_POINT('',(11.5,-1.6,0.));
#12063=CARTESIAN_POINT('Origin',(11.1,-1.6,0.));
#12064=CARTESIAN_POINT('',(11.1,-2.,0.));
#12065=CARTESIAN_POINT('Origin',(11.1,-1.6,0.));
#12066=CARTESIAN_POINT('',(11.1,-2.,2.));
#12067=CARTESIAN_POINT('Origin',(11.1,-1.6,2.));
#12068=CARTESIAN_POINT('',(11.1,-2.,0.));
#12069=CARTESIAN_POINT('Origin',(-11.1,-2.,0.));
#12070=CARTESIAN_POINT('',(-11.1,-2.,0.));
#12071=CARTESIAN_POINT('',(-11.1,-2.,0.));
#12072=CARTESIAN_POINT('',(-11.1,-2.,2.));
#12073=CARTESIAN_POINT('',(-11.1,-2.,2.));
#12074=CARTESIAN_POINT('',(-11.1,-2.,0.));
#12075=CARTESIAN_POINT('Origin',(-11.1,-1.6,0.));
#12076=CARTESIAN_POINT('',(-11.5,-1.6,0.));
#12077=CARTESIAN_POINT('Origin',(-11.1,-1.6,0.));
#12078=CARTESIAN_POINT('',(-11.5,-1.6,2.));
#12079=CARTESIAN_POINT('Origin',(-11.1,-1.6,2.));
#12080=CARTESIAN_POINT('',(-11.5,-1.6,0.));
#12081=CARTESIAN_POINT('Origin',(-11.5,1.6,0.));
#12082=CARTESIAN_POINT('',(-11.5,1.6,0.));
#12083=CARTESIAN_POINT('',(-11.5,1.6,2.));
#12084=CARTESIAN_POINT('Origin',(0.,0.,2.));
#12085=CARTESIAN_POINT('Origin',(0.,0.,0.));
#12086=CARTESIAN_POINT('',(0.,0.,0.));
#12087=CARTESIAN_POINT('',(0.,0.,0.));
#12088=CARTESIAN_POINT('',(0.,0.,0.));
#12089=CARTESIAN_POINT('',(0.,12.5,0.));
#12090=CARTESIAN_POINT('',(0.,-12.5,0.));
#12091=CARTESIAN_POINT('',(10.4,0.,26.50961682));
#12092=CARTESIAN_POINT('',(10.4,0.,7.08961682));
#12093=CARTESIAN_POINT('',(29.3379673188616,9.,25.3533357577122));
#12094=CARTESIAN_POINT('',(0.,0.,0.));
#12095=CARTESIAN_POINT('',(0.39635,0.,-4.4));
#12096=UNCERTAINTY_MEASURE_WITH_UNIT(LENGTH_MEASURE(0.001),#12114,
'DISTANCE_ACCURACY_VALUE',
'Maximum model space distance between geometric entities at asserted c
onnectivities');
#12097=UNCERTAINTY_MEASURE_WITH_UNIT(LENGTH_MEASURE(0.001),#12114,
'DISTANCE_ACCURACY_VALUE',
'Maximum model space distance between geometric entities at asserted c
onnectivities');
#12098=UNCERTAINTY_MEASURE_WITH_UNIT(LENGTH_MEASURE(0.001),#12114,
'DISTANCE_ACCURACY_VALUE',
'Maximum model space distance between geometric entities at asserted c
onnectivities');
#12099=UNCERTAINTY_MEASURE_WITH_UNIT(LENGTH_MEASURE(0.001),#12114,
'DISTANCE_ACCURACY_VALUE',
'Maximum model space distance between geometric entities at asserted c
onnectivities');
#12100=UNCERTAINTY_MEASURE_WITH_UNIT(LENGTH_MEASURE(0.001),#12114,
'DISTANCE_ACCURACY_VALUE',
'Maximum model space distance between geometric entities at asserted c
onnectivities');
#12101=UNCERTAINTY_MEASURE_WITH_UNIT(LENGTH_MEASURE(0.001),#12114,
'DISTANCE_ACCURACY_VALUE',
'Maximum model space distance between geometric entities at asserted c
onnectivities');
#12102=UNCERTAINTY_MEASURE_WITH_UNIT(LENGTH_MEASURE(0.001),#12114,
'DISTANCE_ACCURACY_VALUE',
'Maximum model space distance between geometric entities at asserted c
onnectivities');
#12103=UNCERTAINTY_MEASURE_WITH_UNIT(LENGTH_MEASURE(0.001),#12114,
'DISTANCE_ACCURACY_VALUE',
'Maximum model space distance between geometric entities at asserted c
onnectivities');
#12104=UNCERTAINTY_MEASURE_WITH_UNIT(LENGTH_MEASURE(0.001),#12114,
'DISTANCE_ACCURACY_VALUE',
'Maximum model space distance between geometric entities at asserted c
onnectivities');
#12105=(
GEOMETRIC_REPRESENTATION_CONTEXT(3)
GLOBAL_UNCERTAINTY_ASSIGNED_CONTEXT((#12096))
GLOBAL_UNIT_ASSIGNED_CONTEXT((#12114,#12116,#12117))
REPRESENTATION_CONTEXT('','3D')
);
#12106=(
GEOMETRIC_REPRESENTATION_CONTEXT(3)
GLOBAL_UNCERTAINTY_ASSIGNED_CONTEXT((#12097))
GLOBAL_UNIT_ASSIGNED_CONTEXT((#12114,#12116,#12117))
REPRESENTATION_CONTEXT('','3D')
);
#12107=(
GEOMETRIC_REPRESENTATION_CONTEXT(3)
GLOBAL_UNCERTAINTY_ASSIGNED_CONTEXT((#12098))
GLOBAL_UNIT_ASSIGNED_CONTEXT((#12114,#12116,#12117))
REPRESENTATION_CONTEXT('','3D')
);
#12108=(
GEOMETRIC_REPRESENTATION_CONTEXT(3)
GLOBAL_UNCERTAINTY_ASSIGNED_CONTEXT((#12099))
GLOBAL_UNIT_ASSIGNED_CONTEXT((#12114,#12116,#12117))
REPRESENTATION_CONTEXT('','3D')
);
#12109=(
GEOMETRIC_REPRESENTATION_CONTEXT(3)
GLOBAL_UNCERTAINTY_ASSIGNED_CONTEXT((#12100))
GLOBAL_UNIT_ASSIGNED_CONTEXT((#12114,#12116,#12117))
REPRESENTATION_CONTEXT('','3D')
);
#12110=(
GEOMETRIC_REPRESENTATION_CONTEXT(3)
GLOBAL_UNCERTAINTY_ASSIGNED_CONTEXT((#12101))
GLOBAL_UNIT_ASSIGNED_CONTEXT((#12114,#12116,#12117))
REPRESENTATION_CONTEXT('','3D')
);
#12111=(
GEOMETRIC_REPRESENTATION_CONTEXT(3)
GLOBAL_UNCERTAINTY_ASSIGNED_CONTEXT((#12102))
GLOBAL_UNIT_ASSIGNED_CONTEXT((#12114,#12116,#12117))
REPRESENTATION_CONTEXT('','3D')
);
#12112=(
GEOMETRIC_REPRESENTATION_CONTEXT(3)
GLOBAL_UNCERTAINTY_ASSIGNED_CONTEXT((#12103))
GLOBAL_UNIT_ASSIGNED_CONTEXT((#12114,#12116,#12117))
REPRESENTATION_CONTEXT('','3D')
);
#12113=(
GEOMETRIC_REPRESENTATION_CONTEXT(3)
GLOBAL_UNCERTAINTY_ASSIGNED_CONTEXT((#12104))
GLOBAL_UNIT_ASSIGNED_CONTEXT((#12114,#12116,#12117))
REPRESENTATION_CONTEXT('','3D')
);
#12114=(
LENGTH_UNIT()
NAMED_UNIT(*)
SI_UNIT(.CENTI.,.METRE.)
);
#12115=(
LENGTH_UNIT()
NAMED_UNIT(*)
SI_UNIT($,.METRE.)
);
#12116=(
NAMED_UNIT(*)
PLANE_ANGLE_UNIT()
SI_UNIT($,.RADIAN.)
);
#12117=(
NAMED_UNIT(*)
SI_UNIT($,.STERADIAN.)
SOLID_ANGLE_UNIT()
);
#12118=SHAPE_DEFINITION_REPRESENTATION(#12126,#12141);
#12119=SHAPE_DEFINITION_REPRESENTATION(#12127,#12142);
#12120=SHAPE_DEFINITION_REPRESENTATION(#12128,#12143);
#12121=SHAPE_DEFINITION_REPRESENTATION(#12129,#12144);
#12122=SHAPE_DEFINITION_REPRESENTATION(#12130,#12145);
#12123=SHAPE_DEFINITION_REPRESENTATION(#12131,#12146);
#12124=SHAPE_DEFINITION_REPRESENTATION(#12132,#12147);
#12125=SHAPE_DEFINITION_REPRESENTATION(#12133,#12148);
#12126=PRODUCT_DEFINITION_SHAPE('',$,#12150);
#12127=PRODUCT_DEFINITION_SHAPE('',$,#12151);
#12128=PRODUCT_DEFINITION_SHAPE('',$,#12152);
#12129=PRODUCT_DEFINITION_SHAPE('',$,#12153);
#12130=PRODUCT_DEFINITION_SHAPE('',$,#12154);
#12131=PRODUCT_DEFINITION_SHAPE('',$,#12155);
#12132=PRODUCT_DEFINITION_SHAPE('',$,#12156);
#12133=PRODUCT_DEFINITION_SHAPE('',$,#12157);
#12134=PRODUCT_DEFINITION_SHAPE($,$,#32);
#12135=PRODUCT_DEFINITION_SHAPE($,$,#33);
#12136=PRODUCT_DEFINITION_SHAPE($,$,#34);
#12137=PRODUCT_DEFINITION_SHAPE($,$,#35);
#12138=PRODUCT_DEFINITION_SHAPE($,$,#36);
#12139=PRODUCT_DEFINITION_SHAPE($,$,#37);
#12140=PRODUCT_DEFINITION_SHAPE($,$,#38);
#12141=SHAPE_REPRESENTATION('',(#5073,#5467,#5468,#5469,#5470,#5471,#5472,
#5473),#12105);
#12142=SHAPE_REPRESENTATION('',(#5074),#12106);
#12143=SHAPE_REPRESENTATION('',(#5182),#12107);
#12144=SHAPE_REPRESENTATION('',(#5290),#12108);
#12145=SHAPE_REPRESENTATION('',(#5377),#12109);
#12146=SHAPE_REPRESENTATION('',(#5464),#12110);
#12147=SHAPE_REPRESENTATION('',(#5465),#12111);
#12148=SHAPE_REPRESENTATION('',(#5466),#12112);
#12149=PRODUCT_DEFINITION_CONTEXT('part definition',#12175,'design');
#12150=PRODUCT_DEFINITION('2026-09-04-17-03-39-379','(Unsaved)',#12158,
#12149);
#12151=PRODUCT_DEFINITION('2026-09-04-17-09-44-779','V7_side_left',#12159,
#12149);
#12152=PRODUCT_DEFINITION('2026-09-04-17-10-21-749','V7_side_right',#12160,
#12149);
#12153=PRODUCT_DEFINITION('2026-09-04-17-10-34-862','V7_crossbar_upper',
#12161,#12149);
#12154=PRODUCT_DEFINITION('2026-09-04-17-11-30-969','V7_crossbar_lower',
#12162,#12149);
#12155=PRODUCT_DEFINITION('2026-09-04-17-13-39-037',
'REFERENCE - existing printed carrier',#12163,#12149);
#12156=PRODUCT_DEFINITION('2026-09-04-17-13-40-739',
'REFERENCE - nominal torso',#12164,#12149);
#12157=PRODUCT_DEFINITION('2026-09-04-17-13-42-380',
'REFERENCE - nominal head',#12165,#12149);
#12158=PRODUCT_DEFINITION_FORMATION('',$,#12177);
#12159=PRODUCT_DEFINITION_FORMATION('',$,#12178);
#12160=PRODUCT_DEFINITION_FORMATION('',$,#12179);
#12161=PRODUCT_DEFINITION_FORMATION('',$,#12180);
#12162=PRODUCT_DEFINITION_FORMATION('',$,#12181);
#12163=PRODUCT_DEFINITION_FORMATION('',$,#12182);
#12164=PRODUCT_DEFINITION_FORMATION('',$,#12183);
#12165=PRODUCT_DEFINITION_FORMATION('',$,#12184);
#12166=PRODUCT_RELATED_PRODUCT_CATEGORY('(Unsaved)','(Unsaved)',(#12177));
#12167=PRODUCT_RELATED_PRODUCT_CATEGORY('V7_side_left','V7_side_left',(#12178));
#12168=PRODUCT_RELATED_PRODUCT_CATEGORY('V7_side_right','V7_side_right',
(#12179));
#12169=PRODUCT_RELATED_PRODUCT_CATEGORY('V7_crossbar_upper',
'V7_crossbar_upper',(#12180));
#12170=PRODUCT_RELATED_PRODUCT_CATEGORY('V7_crossbar_lower',
'V7_crossbar_lower',(#12181));
#12171=PRODUCT_RELATED_PRODUCT_CATEGORY(
'REFERENCE - existing printed carrier',
'REFERENCE - existing printed carrier',(#12182));
#12172=PRODUCT_RELATED_PRODUCT_CATEGORY('REFERENCE - nominal torso',
'REFERENCE - nominal torso',(#12183));
#12173=PRODUCT_RELATED_PRODUCT_CATEGORY('REFERENCE - nominal head',
'REFERENCE - nominal head',(#12184));
#12174=APPLICATION_PROTOCOL_DEFINITION('international standard',
'automotive_design',2009,#12175);
#12175=APPLICATION_CONTEXT(
'Core Data for Automotive Mechanical Design Process');
#12176=PRODUCT_CONTEXT('part definition',#12175,'mechanical');
#12177=PRODUCT('2026-09-04-17-03-39-379','(Unsaved)',$,(#12176));
#12178=PRODUCT('2026-09-04-17-09-44-779','V7_side_left',$,(#12176));
#12179=PRODUCT('2026-09-04-17-10-21-749','V7_side_right',$,(#12176));
#12180=PRODUCT('2026-09-04-17-10-34-862','V7_crossbar_upper',$,(#12176));
#12181=PRODUCT('2026-09-04-17-11-30-969','V7_crossbar_lower',$,(#12176));
#12182=PRODUCT('2026-09-04-17-13-39-037',
'REFERENCE - existing printed carrier',$,(#12176));
#12183=PRODUCT('2026-09-04-17-13-40-739','REFERENCE - nominal torso',$,
(#12176));
#12184=PRODUCT('2026-09-04-17-13-42-380','REFERENCE - nominal head',$,(#12176));
#12185=PRESENTATION_STYLE_ASSIGNMENT((#12188));
#12186=PRESENTATION_STYLE_ASSIGNMENT((#12189));
#12187=PRESENTATION_STYLE_ASSIGNMENT((#12190));
#12188=SURFACE_STYLE_USAGE(.BOTH.,#12191);
#12189=SURFACE_STYLE_USAGE(.BOTH.,#12192);
#12190=SURFACE_STYLE_USAGE(.BOTH.,#12193);
#12191=SURFACE_SIDE_STYLE('',(#12194));
#12192=SURFACE_SIDE_STYLE('',(#12195));
#12193=SURFACE_SIDE_STYLE('',(#12196));
#12194=SURFACE_STYLE_FILL_AREA(#12197);
#12195=SURFACE_STYLE_FILL_AREA(#12198);
#12196=SURFACE_STYLE_FILL_AREA(#12199);
#12197=FILL_AREA_STYLE('Steel - Satin',(#12200));
#12198=FILL_AREA_STYLE('G1 V7 Green',(#12201));
#12199=FILL_AREA_STYLE('G1 V7 Gray',(#12202));
#12200=FILL_AREA_STYLE_COLOUR('Steel - Satin',#12203);
#12201=FILL_AREA_STYLE_COLOUR('G1 V7 Green',#12204);
#12202=FILL_AREA_STYLE_COLOUR('G1 V7 Gray',#12205);
#12203=COLOUR_RGB('Steel - Satin',0.627450980392157,0.627450980392157,0.627450980392157);
#12204=COLOUR_RGB('G1 V7 Green',0.266666666666667,0.588235294117647,0.282352941176471);
#12205=COLOUR_RGB('G1 V7 Gray',0.701960784313725,0.701960784313725,0.701960784313725);
ENDSEC;
END-ISO-10303-21;
